step,time,drift_vv,drift_rk4
0,0.0,0.0,0.0
1,0.05,8.863289601797678e-09,6.491793442289879e-14
2,0.1,1.824054417712894e-08,1.4054222975847459e-13
3,0.15000000000000002,2.8151978355050336e-08,2.273827127168549e-13
4,0.2,3.861919349326997e-08,3.2526944106133057e-13
5,0.25,4.966522050359114e-08,4.3539201044886565e-13
6,0.30000000000000004,6.131457168429454e-08,5.575804786427511e-13
7,0.35000000000000003,7.359330512824597e-08,6.9319438353666e-13
8,0.4,8.652909100036865e-08,8.417238984204651e-13
9,0.45,1.001512961688771e-07,1.0046985034245486e-12
10,0.5,1.1449107308506697e-07,1.1827979674957474e-12
11,0.55,1.2958146208854145e-07,1.3763621751074796e-12
12,0.6000000000000001,1.4545750781764357e-07,1.5869206063901278e-12
13,0.65,1.62156384117e-07,1.8151530302905286e-12
14,0.7000000000000001,1.7971753508957768e-07,2.062418984702355e-12
15,0.75,1.98182833992675e-07,2.3309277187028266e-12
16,0.8,2.1759675097090956e-07,2.6201694055818154e-12
17,0.8500000000000001,2.3800654696031017e-07,2.933882774546923e-12
18,0.9,2.594624803380767e-07,3.2718978833614403e-12
19,0.9500000000000001,2.8201803719431095e-07,3.63778351899626e-12
20,1.0,3.057301848858335e-07,4.032559334871637e-12
21,1.05,3.306596492119722e-07,4.459624175721753e-12
22,1.1,3.568712209903568e-07,4.9208474061504115e-12
23,1.1500000000000001,3.8443409322231696e-07,5.419627870891793e-12
24,1.2000000000000002,4.1342222935770883e-07,5.958684645733246e-12
25,1.25,4.4391477132622564e-07,6.54192640211908e-12
26,1.3,4.759964903941516e-07,7.172921927020188e-12
27,1.35,5.097582791471372e-07,7.856599545301135e-12
28,1.4000000000000001,5.452976995539125e-07,8.597377755116359e-12
29,1.4500000000000002,5.827195847317476e-07,9.400524765803845e-12
30,1.5,6.221367059697312e-07,1.0272328440121832e-11
31,1.55,6.636705097682518e-07,1.121856681411843e-11
32,1.6,7.074519344114449e-07,1.224705723068226e-11
33,1.6500000000000001,7.536223167789675e-07,1.3366296801648782e-11
34,1.7000000000000002,8.023343961947914e-07,1.4584952581090162e-11
35,1.75,8.537534346864268e-07,1.5913051160972242e-11
36,1.8,9.080584589227882e-07,1.7361978671154532e-11
37,1.85,9.654436506815757e-07,1.8944650721626932e-11
38,1.9000000000000001,1.0261198928138017e-06,2.0675172518036297e-11
39,1.9500000000000002,1.0903165004453567e-06,2.2570028457343423e-11
40,2.0,1.1582831581485654e-06,2.4646382705455928e-11
41,2.0500000000000003,1.230292093333452e-06,2.6924968215252333e-11
42,2.1,1.30664051135005e-06,2.9428897130925086e-11
43,2.15,1.3876533415850047e-06,3.218383073021726e-11
44,2.2,1.4736863210634595e-06,3.52200187312631e-11
45,2.25,1.5651294820036364e-06,3.8569920101274044e-11
46,2.3000000000000003,1.662411086489443e-06,4.2272111727983075e-11
47,2.35,1.766002083545515e-06,4.636958899727761e-11
48,2.4000000000000004,1.8764211605002596e-06,5.0912314926750146e-11
49,2.45,1.994240483804554e-06,5.595739010793495e-11
50,2.5,2.1200922256633465e-06,6.15692226485448e-11
51,2.5500000000000003,2.2546760127738328e-06,6.782309695944185e-11
52,2.6,2.3987674244569465e-06,7.480551363911108e-11
53,2.6500000000000004,2.553227720830755e-06,8.261639872273745e-11
54,2.7,2.7190149942500925e-06,9.137114298904648e-11
55,2.75,2.8971969737743252e-06,1.0120468057398528e-10
56,2.8000000000000003,3.088965762898005e-06,1.122728485086161e-10
57,2.85,3.2956548285063284e-06,1.2475867458187474e-10
58,2.9000000000000004,3.5187586224057903e-06,1.3887560624306788e-10
59,2.95,3.7599552910451576e-06,1.548756678292352e-10
60,3.0,4.021133000587589e-06,1.730538790633038e-10
61,3.0500000000000003,4.304420514617287e-06,1.9375947124171106e-10
62,3.1,4.612222762709756e-06,2.174062537108437e-10
63,3.1500000000000004,4.947262288663568e-06,2.444860393037381e-10
64,3.2,5.312627615211215e-06,2.7558563856375094e-10
65,3.25,5.711829745904149e-06,3.114045337371771e-10
66,3.3000000000000003,6.1488682400139495e-06,3.527864880292776e-10
67,3.35,6.628308523334413e-06,4.007436774018922e-10
68,3.4000000000000004,7.155372358120869e-06,4.5650121543945713e-10
69,3.45,7.736043641479345e-06,5.215442273485738e-10
70,3.5,8.377191963229309e-06,5.976785193365139e-10
71,3.5500000000000003,9.086716506871796e-06,6.87111131231419e-10
72,3.6,9.873712924708624e-06,7.925439746547282e-10
73,3.6500000000000004,1.074866554353177e-05,9.172977209117383e-10
74,3.7,1.1723666481175749e-05,1.065465768658063e-09
75,3.75,1.281266153780927e-05,1.2421055988581667e-09
76,3.8000000000000003,1.4031719425394271e-05,1.4534823020105695e-09
77,3.85,1.5399314922211812e-05,1.7073661470043241e-09
78,3.9000000000000004,1.6936606015511416e-05,2.0134011858304388e-09
79,3.95,1.866766704305636e-05,2.383546423628373e-09
80,4.0,2.061960914631169e-05,2.832587854645245e-09
81,4.05,2.2822467557275384e-05,3.378703690115123e-09
82,4.1000000000000005,2.5308648164250383e-05,4.044012591914651e-09
83,4.15,2.811157963759647e-05,4.854961990573928e-09
84,4.2,3.12629720685677e-05,5.8422573893060374e-09
85,4.25,3.478767152182772e-05,7.039741934840427e-09
86,4.3,3.8694410185889526e-05,8.481125369250726e-09
87,4.3500000000000005,4.2959600180093294e-05,1.0192565711437914e-08
88,4.4,4.7499411618729966e-05,1.217762495068342e-08
89,4.45,5.21222678163999e-05,1.438891996249023e-08
90,4.5,5.64489839629218e-05,1.667811785514241e-08
91,4.55,5.978049148284422e-05,1.8714829507755536e-08
92,4.6000000000000005,6.088362364872059e-05,1.9872824235861346e-08
93,4.65,5.7657143699923346e-05,1.9120392407106025e-08
94,4.7,4.664597402916792e-05,1.5073718689706748e-08
95,4.75,2.242831650633268e-05,6.678121849347008e-09
96,4.800000000000001,2.290680299224846e-05,4.445861573624099e-09
97,4.8500000000000005,9.950136653171235e-05,8.503093292363407e-09
98,4.9,0.00021717208526902317,2.070379962769443e-08
99,4.95,0.00037842908404063296,1.2670594359600097e-07
100,5.0,0.0005668736060991527,3.372357547366227e-07
101,5.050000000000001,0.0007385190924611706,5.852995092665431e-07
102,5.1000000000000005,0.0008326312311747667,6.783344780119534e-07
103,5.15,0.0008081592387883988,4.5831939497104123e-07
104,5.2,0.0006761256510763486,3.9535973740070926e-09
105,5.25,0.0004904416500728073,4.5107593868861716e-07
106,5.300000000000001,0.00030843082239730184,7.563708435559358e-07
107,5.3500000000000005,0.00016307316114152622,9.091251195553125e-07
108,5.4,6.18566110184654e-05,9.690627510909525e-07
109,5.45,1.7748091511571422e-06,9.879388975871354e-07
110,5.5,3.830894549768599e-05,9.932754906615176e-07
111,5.550000000000001,5.714886893985873e-05,9.958631982108699e-07
112,5.6000000000000005,6.519796816576386e-05,9.987161361385343e-07
113,5.65,6.703585541981182e-05,1.0021144676471628e-06
114,5.7,6.552391739939399e-05,1.0056905565261396e-06
115,5.75,6.237892313660823e-05,1.0090948020246055e-06
116,5.800000000000001,5.859711840362869e-05,1.012127268630552e-06
117,5.8500000000000005,5.473642439849775e-05,1.01471310222686e-06
118,5.9,5.109425709918647e-05,1.016853307172149e-06
119,5.95,4.781612982084362e-05,1.0185862470766445e-06
120,6.0,4.496065402424969e-05,1.0199638953745992e-06
121,6.050000000000001,4.253779794541568e-05,1.0210390939050959e-06
122,6.1000000000000005,4.053094901371696e-05,1.0218596280459056e-06
123,6.15,3.8909186600651465e-05,1.0224661238482516e-06
124,6.2,3.763357511732856e-05,1.0228919127627884e-06
125,6.25,3.665968817075951e-05,1.023163847532281e-06
126,6.300000000000001,3.59375886578435e-05,1.0233035412404515e-06
127,6.3500000000000005,3.540986904230663e-05,1.023328800774747e-06
128,6.4,3.500794658335206e-05,1.0232551797584978e-06
129,6.45,3.464651750664484e-05,1.0230976518021803e-06
130,6.5,3.4215851071305095e-05,1.0228724050934366e-06
131,6.550000000000001,3.357143055597227e-05,1.022598677603289e-06
132,6.6000000000000005,3.252033906114492e-05,1.0223003372090566e-06
133,6.65,3.080380686955508e-05,1.0220064554193465e-06
134,6.7,2.807562258550252e-05,1.0217492791134588e-06
135,6.75,2.3876920174248816e-05,1.021556557819341e-06
136,6.800000000000001,1.7609620213204288e-05,1.0214329544120845e-06
137,6.8500000000000005,8.514167392641638e-06,1.0213224960368372e-06
138,6.9,4.337053466991257e-06,1.021041941287272e-06
139,6.95,2.2010590801334434e-05,1.0201775117464893e-06
140,7.0,4.561626768507732e-05,1.0179528246066609e-06
141,7.050000000000001,7.6105456981146e-05,1.0131168747338764e-06
142,7.1000000000000005,0.0001139278303260208,1.0039759207600756e-06
143,7.15,0.00015854673425624578,9.887786542342237e-07
144,7.2,0.0002079005016018871,9.666593917817152e-07
145,7.25,0.0002580321465618325,9.390667446502301e-07
146,7.300000000000001,0.00030322537216329634,9.109667898623925e-07
147,7.3500000000000005,0.00033693579241878143,8.905037161320724e-07
148,7.4,0.0003534660136383746,8.861991402854923e-07
149,7.45,0.0003497991306348802,9.026763801289818e-07
150,7.5,0.00032668432328580036,9.378286787482809e-07
151,7.550000000000001,0.00028835734732364125,9.83776299982214e-07
152,7.6000000000000005,0.0002410591123572464,1.030878783738888e-06
153,7.65,0.00019116226140737116,1.071764055163275e-06
154,7.7,0.00014374591408865248,1.1030588898428553e-06
155,7.75,0.00010199469022810442,1.12479689929309e-06
156,7.800000000000001,6.730473444639001e-05,1.1388390580695535e-06
157,7.8500000000000005,3.9757395292933375e-05,1.1474848606950777e-06
158,7.9,1.865636051651971e-05,1.1527061287583801e-06
159,7.95,2.9614325697237685e-06,1.1559097844672265e-06
160,8.0,8.42726605710702e-06,1.157985442292053e-06
161,8.05,1.6515268529176038e-05,1.15944679495893e-06
162,8.1,2.2149889960901913e-05,1.1605690270427427e-06
163,8.15,2.6009346125984144e-05,1.161490071480147e-06
164,8.200000000000001,2.8618227860460358e-05,1.16227505846342e-06
165,8.25,3.0373005716075964e-05,1.1629534189289988e-06
166,8.3,3.156879836088666e-05,1.1635385349783133e-06
167,8.35,3.242338437403004e-05,1.1640373054164627e-06
168,8.4,3.3097093330764624e-05,1.164454330069968e-06
169,8.450000000000001,3.370853785308283e-05,1.1647934212530253e-06
170,8.5,3.43467111838809e-05,1.165057908983763e-06
171,8.55,3.50801388272404e-05,1.1652504622050086e-06
172,8.6,3.5963749232335835e-05,1.1653727633449053e-06
173,8.65,3.7044030464924284e-05,1.1654251636740568e-06
174,8.700000000000001,3.836292248242283e-05,1.1654063709516948e-06
175,8.75,3.99607807246254e-05,1.1653131659620294e-06
176,8.8,4.187864168877479e-05,1.1651401630656372e-06
177,8.85,4.415992031704142e-05,1.1648796213936358e-06
178,8.9,4.685156068475493e-05,1.164521386047671e-06
179,8.950000000000001,5.000452620609344e-05,1.1640530857427367e-06
180,9.0,5.367332259704828e-05,1.1634608632189097e-06
181,9.05,5.79139465737205e-05,1.1627311433203795e-06
182,9.1,6.277916434273989e-05,1.1618543693454645e-06
183,9.15,6.830921275446885e-05,1.1608323131119246e-06
184,9.200000000000001,7.45146647061943e-05,1.159691802550958e-06
185,9.25,8.134596554794977e-05,1.1585094703951333e-06
186,9.3,8.864052130812405e-05,1.1574547964683328e-06
187,9.35,9.603255736992706e-05,1.1568611935037172e-06
188,9.4,0.00010280277036078594,1.157334204777395e-06
189,9.450000000000001,0.00010763480704472141,1.1598909468119123e-06
190,9.5,0.00010823904641012926,1.1660666640083777e-06
191,9.55,0.00010081897282555779,1.1777570892080405e-06
192,9.600000000000001,7.943944444620618e-05,1.196184512235131e-06
193,9.65,3.5610844037954796e-05,1.218772228110529e-06
194,9.700000000000001,4.102922608559136e-05,1.2326119144772748e-06
195,9.75,0.00015921032678835862,1.2065544575353255e-06
196,9.8,0.00031780586442089846,1.095560909712974e-06
197,9.850000000000001,0.000494283170196552,8.833514358989495e-07
198,9.9,0.0006400550260035535,6.550947048205479e-07
199,9.950000000000001,0.0006984508295420155,5.880494446947115e-07
200,10.0,0.0006424684531879745,7.782252947076879e-07
201,10.05,0.0004967037513449938,1.1145760857830661e-06
202,10.100000000000001,0.0003173285032595054,1.4094104846617283e-06
203,10.15,0.00015406228790481054,1.5756712525005227e-06
204,10.200000000000001,3.0791916519549765e-05,1.6349184265723481e-06
205,10.25,5.0574288583734126e-05,1.6396391810999792e-06
206,10.3,9.853980403593794e-05,1.6270768008074657e-06
207,10.350000000000001,0.00012351612457030224,1.6140463288990849e-06
208,10.4,0.000134103323245191,1.6053283028622659e-06
209,10.450000000000001,0.00013630786121108474,1.6008712291796327e-06
210,10.5,0.00013392448231583354,1.5993956693417667e-06
211,10.55,0.00012915799633298383,1.5997053385953248e-06
212,10.600000000000001,0.00012314898285998666,1.600991801157271e-06
213,10.65,0.00011633541980767443,1.6028032667809094e-06
214,10.700000000000001,0.0001086723095808598,1.6049420008761395e-06
215,10.75,9.974889848039284e-05,1.6073688465423746e-06
216,10.8,8.883882547322633e-05,1.6101223577251455e-06
217,10.850000000000001,7.4912419212834e-05,1.613235300137401e-06
218,10.9,5.66392751095655e-05,1.6166223852086883e-06
219,10.950000000000001,3.241535123594011e-05,1.619912042905497e-06
220,11.0,4.618453016069404e-07,1.622208900944469e-06
221,11.05,4.094124100309185e-05,1.6218220017813228e-06
222,11.100000000000001,9.301845214235632e-05,1.6161018551966086e-06
223,11.15,0.00015582149813215496,1.6016940711360168e-06
224,11.200000000000001,0.00022737675117785936,1.575631981568695e-06
225,11.25,0.0003029179480681198,1.537474824989283e-06
226,11.3,0.0003746904322991607,1.491839283809478e-06
227,11.350000000000001,0.00043287531513350647,1.449411835700262e-06
228,11.4,0.0004678244678059228,1.4242493642531402e-06
229,11.450000000000001,0.00047300175709015263,1.4274381872336244e-06
230,11.5,0.0004472935140877604,1.4609135748842177e-06
231,11.55,0.00039542901875466783,1.516239994958587e-06
232,11.600000000000001,0.00032629404925558,1.5792898186115074e-06
233,11.65,0.00025012103064618146,1.6369871942591295e-06
234,11.700000000000001,0.00017594026850309416,1.6816344027127896e-06
235,11.75,0.00011015906358829247,1.7113984612824904e-06
236,11.8,5.6334338762594514e-05,1.7283714312975145e-06
237,11.850000000000001,1.5709791181489066e-05,1.7362005702166703e-06
238,11.9,1.198248337016004e-05,1.7384207268664103e-06
239,11.950000000000001,2.7793676137495076e-05,1.7376783858677863e-06
240,12.0,3.3048419864094345e-05,1.7355801216468638e-06
241,12.05,2.906961076190247e-05,1.7328441226717013e-06
242,12.100000000000001,1.709552261538964e-05,1.7295446258292138e-06
243,12.15,1.668203252554768e-06,1.725361010958052e-06
244,12.200000000000001,2.5917728773911453e-05,1.7198200201983523e-06
245,12.25,5.409578513939762e-05,1.712544851844847e-06
246,12.3,8.426919782363653e-05,1.703507585747583e-06
247,12.350000000000001,0.00011409836316247537,1.6932366144661635e-06
248,12.4,0.00014094802786025987,1.6828867213302474e-06
249,12.450000000000001,0.00016215632406655112,1.674078713768109e-06
250,12.5,0.00017542385410213986,1.668491725422968e-06
251,12.55,0.0001792249212698364,1.667328129228798e-06
252,12.600000000000001,0.00017311147433289725,1.6708831947236139e-06
253,12.65,0.00015780421775555488,1.6784386630832714e-06
254,12.700000000000001,0.00013504257896102,1.6885428826235337e-06
255,12.75,0.00010725938283123497,1.6995423775800794e-06
256,12.8,7.720950050628176e-05,1.7101288214724983e-06
257,12.850000000000001,4.768834500099718e-05,1.7197106589701851e-06
258,12.9,2.1434638448683503e-05,1.7285349385014883e-06
259,12.950000000000001,1.2499284424371058e-06,1.7375442579378101e-06
260,13.0,9.698384610294887e-06,1.7478558821213263e-06
261,13.05,7.510267330867127e-06,1.759468177227373e-06
262,13.100000000000001,1.2595062621604324e-05,1.7685198805974145e-06
263,13.15,5.56321687037659e-05,1.7630521278041625e-06
264,13.200000000000001,0.00012451276139281855,1.720949058298803e-06
265,13.25,0.0002154196002026895,1.6213372191187346e-06
266,13.3,0.0003125008894256051,1.4793748803146945e-06
267,13.350000000000001,0.0003876896193474518,1.3756503468975723e-06
268,13.4,0.00041209462913309604,1.4083565103871164e-06
269,13.450000000000001,0.0003746018322658927,1.58496440368256e-06
270,13.5,0.00029015569076859234,1.8074762622605752e-06
271,13.55,0.00018831724683273252,1.9781306150617906e-06
272,13.600000000000001,9.487379482818077e-05,2.069616372193541e-06
273,13.65,2.2683988337730653e-05,2.1038439690485594e-06
274,13.700000000000001,2.661794710155263e-05,2.11007910654809e-06
275,13.75,5.709536478608685e-05,2.10692521281517e-06
276,13.8,7.42123558901867e-05,2.1025382892485437e-06
277,13.850000000000001,8.278464252376415e-05,2.099321703144733e-06
278,13.9,8.643006383385859e-05,2.0973758060742837e-06
279,13.950000000000001,8.768355266472126e-05,2.096157824965522e-06
280,14.0,8.829857701821644e-05,2.095080512523543e-06
281,14.05,8.9540876684991e-05,2.0936454590975655e-06
282,14.100000000000001,9.242451387864857e-05,2.0914091106913964e-06
283,14.15,9.789701875307033e-05,2.087894877557679e-06
284,14.200000000000001,0.00010699809646759403,2.0824775636202822e-06
285,14.25,0.00012102139490779743,2.074226177722687e-06
286,14.3,0.0001417133849632802,2.061663910951588e-06
287,14.350000000000001,0.00017155355020697627,2.0423678750856157e-06
288,14.4,0.00021418066774182314,2.0122655495527056e-06
289,14.450000000000001,0.00027506697271740193,1.9643617556909803e-06
290,14.5,0.000362601452925585,1.886418919386451e-06
291,14.55,0.0004898169226701742,1.756871312000711e-06
292,14.600000000000001,0.000676983392018683,1.538697366667909e-06
293,14.65,0.000954640182088736,1.1767020398788392e-06
294,14.700000000000001,0.0013626529153763784,6.407682544346762e-07
295,14.75,0.0019207881372665858,2.655119205960177e-07
296,14.8,0.0024526742927521755,2.6235837714803616e-06
297,14.850000000000001,0.0017887676442816037,1.8772332207433433e-05
298,14.9,0.004271118647272279,4.257267729046177e-05
299,14.950000000000001,0.01704163463025323,9.891993668246009e-05
300,15.0,0.01354140633831378,0.00010323296525332287
301,15.05,0.00151966625573321,0.00020489839020843746
302,15.100000000000001,0.0022780919456831285,0.00018599261149011387
303,15.15,0.0023373198724626,0.00017998444516438168
304,15.200000000000001,0.00175870007302611,0.00017982625775537182
305,15.25,0.0012557584822946056,0.0001804350472531317
306,15.3,0.0009073112922838372,0.00018090032656969848
307,15.350000000000001,0.0006809452231531985,0.0001811799278090613
308,15.4,0.0005399980048440525,0.0001813361152171706
309,15.450000000000001,0.0004590882678088049,0.00018141659365452544
310,15.5,0.0004229359154191585,0.0001814480638651748
311,15.55,0.00042339246633080625,0.00018144340758418265
312,15.600000000000001,0.00045689820205394304,0.0001814087563260899
313,15.65,0.0005215852458416263,0.00018135361990721422
314,15.700000000000001,0.0006110696149243863,0.0001813180184915396
315,15.75,0.0006966053028992424,0.00018145443808374075
316,15.8,0.0006755255763847299,0.00018222360448142351
317,15.850000000000001,0.00024589658230657737,0.00018441816645072405
318,15.9,0.0012310214824866625,0.00018620778672548684
319,15.950000000000001,0.004071635869476686,0.0001756167490170639
320,16.0,0.0058973887802037574,0.00016642852221127762
321,16.05,0.0040206604393369285,0.00019594590405368854
322,16.1,0.0012162173844653902,0.00021255983591324238
323,16.150000000000002,0.00020880992944804578,0.00021269073487308401
324,16.2,0.0006000733534434837,0.00021129468600535463
325,16.25,0.0005898859129390702,0.00021081625797209083
326,16.3,0.00047322304098929355,0.0002107805248301099
327,16.35,0.00034888129309772176,0.0002108564098783557
328,16.400000000000002,0.00024273073240757312,0.0002109366494921466
329,16.45,0.00015782852453555114,0.00021099818144170422
330,16.5,9.129013724880165e-05,0.00021104127762407098
331,16.55,3.943069307210325e-05,0.00021107066553623268
332,16.6,8.920151737183095e-07,0.0002110907060050862
333,16.650000000000002,3.208752466656556e-05,0.00021110457918485854
334,16.7,5.594844125326668e-05,0.0002111144381699339
335,16.75,7.381279067926458e-05,0.00021112170071667749
336,16.8,8.670249316992816e-05,0.0002111272891301582
337,16.85,9.54258126253165e-05,0.0002111317978883733
338,16.900000000000002,0.00010064794591756792,0.00021113560509036704
339,16.95,0.000102937120939054,0.00021113894589540888
340,17.0,0.00010279304648199802,0.0002111419614133357
341,17.05,0.00010066323451122173,0.00021114473175015943
342,17.1,9.695142295684183e-05,0.0002111472986515108
343,17.150000000000002,9.202123895343669e-05,0.0002111496810591515
344,17.2,8.619735696376047e-05,0.00021115188567764263
345,17.25,7.976569268725384e-05,0.00021115391392260307
346,17.3,7.297360734896614e-05,0.0002111557662358826
347,17.35,6.603066130874408e-05,0.00021115744449874183
348,17.400000000000002,5.911013742310164e-05,0.00021115895312050196
349,17.45,5.235133823702559e-05,0.00021116029925063293
350,17.5,4.586252971898128e-05,0.00021116149246537975
351,17.55,3.972433921005128e-05,0.00021116254417602378
352,17.6,3.3993397765644964e-05,0.0002111634669429957
353,17.650000000000002,2.8706030727154934e-05,0.00021116427380630322
354,17.7,2.3881831361798347e-05,0.00021116497770228929
355,17.75,1.9526990616315156e-05,0.00021116559099153254
356,17.8,1.563729453162818e-05,0.00021116612511284493
357,17.85,1.2200735529367981e-05,0.00021116659034773182
358,17.900000000000002,9.199712514998779e-06,0.00021116699569344497
359,17.95,6.6128171583425e-06,0.000211167348809451
360,18.0,4.416220125319223e-06,0.00021116765603510515
361,18.05,2.5846825630938288e-06,0.00021116792245643866
362,18.1,1.092225834443578e-06,0.00021116815201016343
363,18.150000000000002,8.750205109166539e-08,0.00021116834762149522
364,18.2,9.81120825246898e-07,0.0002111685113672981
365,18.25,1.615626679028777e-06,0.0002111686446603019
366,18.3,2.018664438803089e-06,0.0002111687484559218
367,18.35,2.2189070835070174e-06,0.00021116882348575918
368,18.400000000000002,2.2464806202941e-06,0.00021116887050418764
369,18.45,2.133366706073346e-06,0.0002111688905369785
370,18.5,1.9137112160469278e-06,0.00021116888513553444
371,18.55,1.6239662987657294e-06,0.00021116885659033696
372,18.6,1.302798421914544e-06,0.0002111688080961301
373,18.650000000000002,9.907075599700201e-07,0.00021116874382584556
374,18.7,7.293245082033196e-07,0.0002111686688859076
375,18.75,5.60384246163415e-07,0.00021116858913864365
376,18.8,5.244115056819407e-07,0.00021116851087327602
377,18.85,6.591961186318135e-07,0.00021116844035625474
378,18.900000000000002,9.981742540740076e-07,0.00021116838329084125
379,18.95,1.568860161897196e-06,0.00021116834425901815
380,19.0,2.391484687386045e-06,0.00021116832620826358
381,19.05,3.4779869391828246e-06,0.00021116833008175698
382,19.1,4.83147286963571e-06,0.0002111683546392599
383,19.150000000000002,6.446202593539136e-06,0.00021116839650911837
384,19.200000000000003,8.30810421494429e-06,0.00021116845047835424
385,19.25,1.0395745822998161e-05,0.000211168509973092
386,19.3,1.2681639347753526e-05,0.00021116856766508252
387,19.35,1.5133708377948336e-05,0.00021116861614382462
388,19.400000000000002,1.771673115957115e-05,0.00021116864854722072
389,19.450000000000003,2.039356957189272e-05,0.0002111686591206868
390,19.5,2.3126010488877635e-05,0.000211168643653734
391,19.55,2.5875070390786948e-05,0.0002111685997984404
392,19.6,2.860063928879806e-05,0.0002111685272881666
393,19.650000000000002,3.126035861663885e-05,0.0002111684281071582
394,19.700000000000003,3.38076344262116e-05,0.0002111683066485919
395,19.75,3.618867997971462e-05,0.00021116816992564397
396,19.8,3.8338461828228334e-05,0.0002111680278386393
397,19.85,4.017539685547776e-05,0.00021116789350015088
398,19.900000000000002,4.159462627560768e-05,0.0002111677835325688
399,19.950000000000003,4.2459697303639154e-05,0.00021116771810174873
400,20.0,4.2592549145687e-05,0.0002111677202892452
401,20.05,4.176188350416992e-05,0.0002111678140545344
402,20.1,3.967038821033214e-05,0.000211168019560583
403,20.150000000000002,3.594200189186721e-05,0.00021116834404268168
404,20.200000000000003,3.011162204385016e-05,0.00021116876571491546
405,20.25,2.1621543062908074e-05,0.0002111692078701171
406,20.3,9.831561118658795e-06,0.00021116950118022114
407,20.35,5.947083218943064e-06,0.0002111693356952294
408,20.400000000000002,2.6380762846275743e-05,0.0002111682125622818
409,20.450000000000003,5.1991602701154586e-05,0.0002111654207610738
410,20.5,8.29758426125788e-05,0.00021116008481479956
411,20.55,0.0001189693046619913,0.0002111513445479124
412,20.6,0.00015879702104386776,0.00021113871266430405
413,20.650000000000002,0.0002002859020343609,0.00021112257663057473
414,20.700000000000003,0.00024025614256232335,0.00021110465988753775
415,20.75,0.0002748060863750139,0.00021108810648026353
416,20.8,0.0002999319073666291,0.00021107687251634288
417,20.85,0.00031237632608229024,0.00021107443962277233
418,20.900000000000002,0.0003104435161647535,0.00021108238900754996
419,20.950000000000003,0.00029446126895963596,0.00021109965348526166
420,21.0,0.0002666890593639928,0.0002111229346523033
421,21.05,0.00023071286503360027,0.000211148025980492
422,21.1,0.00019058388718479275,0.0002111712557325296
423,21.150000000000002,0.00015001986543079554,0.00021119035715564435
424,21.200000000000003,0.0001118878514001624,0.0002112045776630202
425,21.25,7.802223179823629e-05,0.00021121427502436137
426,21.3,4.930423714730375e-05,0.00021122036912900793
427,21.35,2.5881172717918664e-05,0.00021122390038763467
428,21.400000000000002,7.418830369589687e-06,0.00021122577628345852
429,21.450000000000003,6.678065674940663e-06,0.00021122667808193762
430,21.5,1.710326587756826e-05,0.00021122706438817229
431,21.55,2.454462632372492e-05,0.00021122721637890072
432,21.6,2.962649930067528e-05,0.00021122729077621311
433,21.650000000000002,3.288470040396619e-05,0.0002112273649490318
434,21.700000000000003,3.476166612465068e-05,0.00021122746982225543
435,21.75,3.5612655866914934e-05,0.0002112276115522115
436,21.8,3.5716969454112936e-05,0.00021122778471570328
437,21.85,3.529057324419546e-05,0.0002112279797259494
438,21.900000000000002,3.449819354352408e-05,0.00021122818664727692
439,21.950000000000003,3.346398336733401e-05,0.00021122839690015206
440,22.0,3.228047611804283e-05,0.00021122860381842063
441,22.05,3.1015861324100083e-05,0.00021122880263367344
442,22.1,2.9719766052447738e-05,0.0002112289902179536
443,22.150000000000002,2.8427776114664236e-05,0.00021122916474472205
444,22.200000000000003,2.71649307013398e-05,0.00021122932536732649
445,22.25,2.594840002441702e-05,0.0002112294719430155
446,22.3,2.4789523300351246e-05,0.00021122960480623532
447,22.35,2.3695351699352857e-05,0.00021122972460004745
448,22.400000000000002,2.2669811456396325e-05,0.0002112298321502012
449,22.450000000000003,2.17145773549435e-05,0.00021122992837438464
450,22.5,2.0829726397351307e-05,0.0002112300142157772
451,22.55,2.001422527347141e-05,0.00021123009060583227
452,22.6,1.926629251741328e-05,0.00021123015843419742
453,22.650000000000002,1.8583666408054917e-05,0.0002112302185320602
454,22.700000000000003,1.7963802143503357e-05,0.00021123027166518026
455,22.75,1.740401605237731e-05,0.00021123031852862142
456,22.8,1.6901590237778727e-05,0.00021123035974862075
457,22.85,1.6453847758378776e-05,0.00021123039588241888
458,22.900000000000002,1.605820592060386e-05,0.00021123042742114887
459,22.950000000000003,1.5712213416452477e-05,0.00021123045479782356
460,23.0,1.541357556484571e-05,0.0002112304783881852
461,23.05,1.5160170901388362e-05,0.000211230498515294
462,23.1,1.4950061507458117e-05,0.0002112305154544564
463,23.150000000000002,1.4781498895645068e-05,0.00021123052943764352
464,23.200000000000003,1.4652926795274927e-05,0.0002112305406528115
465,23.25,1.4562981838295888e-05,0.00021123054925426785
466,23.3,1.4510492889366337e-05,0.00021123055535723348
467,23.35,1.4494479565488016e-05,0.00021123055904582973
468,23.400000000000002,1.4514150324495758e-05,0.00021123056036967974
469,23.450000000000003,1.4568900403318264e-05,0.00021123055934968644
470,23.5,1.4658309764226169e-05,0.00021123055597514344
471,23.55,1.4782141155281303e-05,0.00021123055020526462
472,23.6,1.4940338276490008e-05,0.00021123054196952394
473,23.650000000000002,1.513302401155417e-05,0.00021123053116374682
474,23.700000000000003,1.5360498571592162e-05,0.00021123051765350895
475,23.75,1.562323732718573e-05,0.00021123050126733859
476,23.8,1.592188798665911e-05,0.0002112304817968866
477,23.85,1.625726664254281e-05,0.00021123045899267774
478,23.900000000000002,1.6630352033643943e-05,0.00021123043256054201
479,23.950000000000003,1.704227713239568e-05,0.0002112304021548169
480,24.0,1.749431687791678e-05,0.0002112303673763081
481,24.05,1.798787047023978e-05,0.000211230327761923
482,24.1,1.8524436116044886e-05,0.00021123028277923262
483,24.150000000000002,1.9105575428310545e-05,0.00021123023181644483
484,24.200000000000003,1.973286377174099e-05,0.00021123017417288786
485,24.25,2.0407821610351175e-05,0.00021123010904881349
486,24.3,2.1131820340434117e-05,0.00021123003553027243
487,24.35,2.1905953928431097e-05,0.0002112299525778979
488,24.400000000000002,2.2730864873766856e-05,0.00021122985901467
489,24.450000000000003,2.3606509283250663e-05,0.0002112297535063722
490,24.5,2.4531840896455975e-05,0.00021122963455207474
491,24.55,2.5504387404939337e-05,0.00021122950047240834
492,24.6,2.6519683844260178e-05,0.00021122934939613912
493,24.650000000000002,2.7570516629902675e-05,0.00021122917925965842
494,24.700000000000003,2.864591724873957e-05,0.00021122898781717963
495,24.75,2.972982583634166e-05,0.0002112287726492351
496,24.8,3.079932105167259e-05,0.00021122853121229943
497,24.85,3.182228291554902e-05,0.00021122826089945866
498,24.900000000000002,3.275431937113139e-05,0.00021122795913676765
499,24.950000000000003,3.353474578504963e-05,0.00021122762353381895
500,25.0,3.4081362377582403e-05,0.00021122725206167216
501,25.05,3.4283734548061465e-05,0.0002112268432934923
502,25.1,3.3994659654559485e-05,0.0002112263966514757
503,25.150000000000002,3.301952834997717e-05,0.00021122591261978787
504,25.200000000000003,3.110340700633154e-05,0.00021122539279061757
505,25.25,2.7915960604359057e-05,0.00021122483949608214
506,25.3,2.3034928659970863e-05,0.00021122425459008142
507,25.35,1.592994400628162e-05,0.00021122363664680008
508,25.400000000000002,5.95028251954221e-06,0.00021122297544642177
509,25.450000000000003,7.677103987911436e-06,0.0002112222420773536
510,25.5,2.5829080585471367e-05,0.00021122137261327407
511,25.55,4.9432586340389975e-05,0.00021122024324021746
512,25.6,7.935695648574734e-05,0.00021121863607830108
513,25.650000000000002,0.00011623346200547615,0.00021121619881840463
514,25.700000000000003,0.00016019236914713666,0.0002112124097614834
515,25.75,0.0002105333162131891,0.00021120657387488866
516,25.8,0.00026539109489801877,0.0002111978927334548
517,25.85,0.00032151904093144035,0.00021118566115456303
518,25.900000000000002,0.00037435738134345277,0.00021116962376873334
519,25.950000000000003,0.00041853350899042995,0.0002111504489395793
520,26.0,0.00044881085517381865,0.0002111301427553323
521,26.05,0.00046127979201779877,0.0002111120978568153
522,26.1,0.00045438270887053977,0.0002111004942717587
523,26.150000000000002,0.0004293464728273803,0.00021109906020858613
524,26.200000000000003,0.00038982554263513415,0.0002111096647248158
525,26.25,0.0003409161235001932,0.00021113149043618616
526,26.3,0.00028795629850373716,0.0002111612927489233
527,26.35,0.00023553618323078553,0.00021119460157720734
528,26.400000000000002,0.00018695246911857192,0.0002112271840631948
529,26.450000000000003,0.0001441112375217197,0.00021125606987931872
530,26.5,0.00010773767240695045,0.00021127985156873304
531,26.55,7.771945767732564e-05,0.00021129840953356904
532,26.6,5.34517872068491e-05,0.00021131239691044585
533,26.650000000000002,3.411367910569086e-05,0.0002113227609646984
534,26.700000000000003,1.885545156974907e-05,0.00021133042700920328
535,26.75,6.906354422456693e-06,0.00021133614968826722
536,26.8,2.377143259990852e-06,0.00021134048113385077
537,26.85,9.501086930128819e-06,0.00021134379935475897
538,26.900000000000002,1.4844486897371234e-05,0.00021134635577084427
539,26.950000000000003,1.867843154783596e-05,0.00021134831943180678
540,27.0,2.1186530651753577e-05,0.00021134980944319257
541,27.05,2.248292343924042e-05,0.00021135091513632795
542,27.1,2.2626467100073803e-05,0.00021135170685608278
543,27.150000000000002,2.1631133770030978e-05,0.00021135224084636972
544,27.200000000000003,1.947337272258344e-05,0.00021135256101601418
545,27.25,1.6097500730845295e-05,0.0002113526993512041
546,27.3,1.1420268121813455e-05,0.00021135267591447025
547,27.35,5.335742994424078e-06,0.0002113524988343197
548,27.400000000000002,2.2783696219765797e-06,0.0002113521644311632
549,27.450000000000003,1.1551887425500541e-05,0.0002113516576470989
550,27.5,2.2609767010046995e-05,0.00021135095297294731
551,27.55,3.5555317655347604e-05,0.0002113500162848172
552,27.6,5.0448512285012244e-05,0.0002113488080996888
553,27.650000000000002,6.727955823460321e-05,0.00021134728882238048
554,27.700000000000003,8.593895138274279e-05,0.0002113454264102835
555,27.75,0.00010618671826524493,0.00021134320652588123
556,27.8,0.00012762532920802946,0.00021134064449184546
557,27.85,0.00014968249400675284,0.0002113377973836163
558,27.900000000000002,0.00017161112397853686,0.00021133477348056958
559,27.950000000000003,0.00019251336788224995,0.00021133173556680512
560,28.0,0.00021139307121676492,0.00021132889458669302
561,28.05,0.00022723600254305785,0.00021132649160278616
562,28.1,0.00023911037057475348,0.00021132476873620776
563,28.150000000000002,0.00024627323956978077,0.0002113239333669594
564,28.200000000000003,0.0002482638903443459,0.0002113241229691337
565,28.25,0.0002449652175764059,0.00021132537921103763
566,28.3,0.00023661977204300915,0.00021132763835702493
567,28.35,0.000223796816246054,0.0002113307408133214
568,28.400000000000002,0.00020731771427308154,0.00021133445739939544
569,28.450000000000003,0.00018815554027619934,0.0002113385254943318
570,28.5,0.00016732844104154658,0.000211342686299386
571,28.55,0.00014580454848319536,0.00021134671547924953
572,28.6,0.00012443057479959513,0.0002113504424571214
573,28.650000000000002,0.0001038890870395689,0.00021135375735786813
574,28.700000000000003,8.468312557081895e-05,0.00021135660758810613
575,28.75,6.714265254965478e-05,0.00021135898763473935
576,28.8,5.144557479005925e-05,0.00021136092587115363
577,28.85,3.764630101740077e-05,0.00021136247143767626
578,28.900000000000002,2.5706173868479927e-05,0.00021136368312004597
579,28.950000000000003,1.552191561758986e-05,0.00021136462106217984
580,29.0,6.949923535204605e-06,0.00021136534136082067
581,29.05,1.7441897202881063e-07,0.00021136589308390024
582,29.1,6.022353932800827e-06,0.0002113663171407635
583,29.150000000000002,1.0761712487261387e-05,0.0002113666463385893
584,29.200000000000003,1.4550440955696319e-05,0.0002113669061571571
585,29.25,1.7532869752811714e-05,0.00021136711584650376
586,29.3,1.98379822808264e-05,0.0002113672895891587
587,29.35,2.1579064728655034e-05,0.00021136743760374863
588,29.400000000000002,2.2854251626594325e-05,0.00021136756709565438
589,29.450000000000003,2.3747605388916963e-05,0.00021136768304418353
590,29.5,2.433047199764532e-05,0.00021136778881946055
591,29.55,2.4662937202399765e-05,0.00021136788666081433
592,29.6,2.4795269676160657e-05,0.0002113679780266891
593,29.650000000000002,2.4769282527041112e-05,0.00021136806385601574
594,29.700000000000003,2.4619576029953035e-05,0.0002113681447480106
595,29.75,2.4374645524913004e-05,0.00021136822108691305
596,29.8,2.4057852046715657e-05,0.00021136829313171505
597,29.85,2.368826147981533e-05,0.000211368361066634
598,29.900000000000002,2.3281362607951304e-05,0.00021136842504308843
599,29.950000000000003,2.284967657459247e-05,0.0002113684851965223
600,30.0,2.2403270827177913e-05,0.00021136854166152987
601,30.05,2.1950190271957564e-05,0.00021136859457423487
602,30.1,2.1496817432574475e-05,0.00021136864407891824
603,30.150000000000002,2.1048172263858223e-05,0.00021136869032631879
604,30.200000000000003,2.0608161000451388e-05,0.00021136873346887464
605,30.25,2.0179782204803924e-05,0.00021136877366463211
606,30.3,1.976529700731861e-05,0.00021136881107316696
607,30.35,1.936636950497962e-05,0.0002113688458501463
608,30.400000000000002,1.8984182342636494e-05,0.00021136887814987763
609,30.450000000000003,1.861953171139423e-05,0.00021136890812564887
610,30.5,1.8272905297888355e-05,0.00021136893592072135
611,30.55,1.794454614602835e-05,0.00021136896167512744
612,30.6,1.7634504863252777e-05,0.00021136898552244173
613,30.650000000000002,1.7342682229126613e-05,0.0002113690075891013
614,30.700000000000003,1.7068863871884725e-05,0.0002113690279933859
615,30.75,1.681274842242234e-05,0.00021136904684779728
616,30.8,1.6573970291822964e-05,0.00021136906425735978
617,30.85,1.635211801730262e-05,0.00021136908032046994
618,30.900000000000002,1.6146748975808688e-05,0.00021136909512770697
619,30.950000000000003,1.595740109592903e-05,0.0002113691087648917
620,31.0,1.5783602111246798e-05,0.00021136912131138714
621,31.05,1.5624876791212637e-05,0.00021136913284026848
622,31.1,1.548075251083158e-05,0.0002113691434195126
623,31.150000000000002,1.5350763454184248e-05,0.00021136915311250796
624,31.200000000000003,1.5234453700068056e-05,0.00021136916197686496
625,31.25,1.513137938434223e-05,0.00021136917006747496
626,31.3,1.5041110112147789e-05,0.00021136917743379117
627,31.35,1.4963229744400225e-05,0.00021136918412203784
628,31.400000000000002,1.4897336679213839e-05,0.00021136919017504042
629,31.450000000000003,1.4843043715268191e-05,0.0002113691956329053
630,31.5,1.4799977565773292e-05,0.0002113692005316602
631,31.55,1.4767778092539955e-05,0.00021136920490512367
632,31.6,1.474609731096799e-05,0.0002113692087832055
633,31.650000000000002,1.4734598195182341e-05,0.00021136921219581557
634,31.700000000000003,1.4732953336509076e-05,0.00021136921516827522
635,31.75,1.4740843471945542e-05,0.0002113692177243764
636,31.8,1.475795591474383e-05,0.00021136921988468212
637,31.85,1.4783982909369905e-05,0.0002113692216687357
638,31.900000000000002,1.4818619937519408e-05,0.00021136922309115226
639,31.950000000000003,1.4861563997452496e-05,0.000211369224165697
640,32.0,1.4912511881969157e-05,0.00021136922490273648
641,32.050000000000004,1.4971158477797262e-05,0.00021136922530855856
642,32.1,1.5037195131088113e-05,0.00021136922538469267
643,32.15,1.5110308101281991e-05,0.00021136922512909954
644,32.2,1.5190177162483533e-05,0.00021136922453396183
645,32.25,1.527647438531579e-05,0.0002113692235855142
646,32.300000000000004,1.5368863186603232e-05,0.00021136922226081448
647,32.35,1.5466997701435188e-05,0.0002113692205287632
648,32.4,1.5570522576516092e-05,0.00021136921835044362
649,32.45,1.5679073288637214e-05,0.00021136921566858517
650,32.5,1.5792277111817953e-05,0.00021136921241759018
651,32.550000000000004,1.590975489660104e-05,0.0002113692085104482
652,32.6,1.6031123806292495e-05,0.0002113692038417951
653,32.65,1.6156001245346378e-05,0.00021136919828298453
654,32.7,1.628401020013945e-05,0.00021136919167834945
655,32.75,1.641478627186071e-05,0.00021136918384231292
656,32.800000000000004,1.654798672066727e-05,0.00021136917455361013
657,32.85,1.6683301894129862e-05,0.00021136916355120984
658,32.9,1.6820469442221137e-05,0.0002113691505283663
659,32.95,1.6959291827823877e-05,0.00021136913513058
660,33.0,1.7099657645814633e-05,0.00021136911694472136
661,33.050000000000004,1.724156740415075e-05,0.0002113690954968215
662,33.1,1.7385164438402535e-05,0.00021136907024561438
663,33.15,1.7530771770694905e-05,0.00021136904057573915
664,33.2,1.767893579471889e-05,0.0002113690057929818
665,33.25,1.7830477795250163e-05,0.00021136896511730744
666,33.300000000000004,1.7986554422603788e-05,0.00021136891767776212
667,33.35,1.8148728394722633e-05,0.0002113688625085641
668,33.4,1.8319050861721686e-05,0.00021136879853992703
669,33.45,1.8500157044620488e-05,0.0002113687245927916
670,33.5,1.8695376986868754e-05,0.00021136863937372755
671,33.550000000000004,1.8908863524759266e-05,0.000211368541464057
672,33.6,1.914573987546278e-05,0.0002113684293035403
673,33.65,1.9412269634495964e-05,0.00021136830117780017
674,33.7,1.9716052426819666e-05,0.0002113681551843333
675,33.75,2.006624900144936e-05,0.00021136798920141082
676,33.800000000000004,2.047384024755569e-05,0.00021136780083165762
677,33.85,2.0951925411650576e-05,0.00021136758732965684
678,33.9,2.1516065755118183e-05,0.00021136734549930488
679,33.95,2.2184681049336395e-05,0.00021136707156057654
680,34.0,2.297950758784868e-05,0.0002113667609636083
681,34.050000000000004,2.3926127806926305e-05,0.00021136640815332835
682,34.1,2.505458315420455e-05,0.00021136600624996514
683,34.15,2.6400083136807566e-05,0.0002113655466445848
684,34.2,2.8003824554921252e-05,0.00021136501846513275
685,34.25,2.991393487952958e-05,0.00021136440789173638
686,34.300000000000004,3.2186551993161195e-05,0.00021136369726841694
687,34.35,3.488704725465023e-05,0.00021136286396413668
688,34.4,3.809138759890924e-05,0.0002113618788863142
689,34.45,4.188761069230447e-05,0.00021136070457220305
690,34.5,4.63773474816922e-05,0.0002113592927223502
691,34.550000000000004,5.16772565072364e-05,0.00021135758103066343
692,34.6,5.7920112775681197e-05,0.0002113554891545712
693,34.65,6.52550854199645e-05,0.00021135291367436579
694,34.7,7.384638235006059e-05,0.0002113497220099511
695,34.75,8.386883443549449e-05,0.00021134574548753928
696,34.800000000000004,9.549796262360409e-05,0.00021134077245834972
697,34.85,0.00010889032434469833,0.00021133454371492682
698,34.9,0.00012414697414439197,0.0002113267554318208
699,34.95,0.00014124787221796577,0.00021131708082064684
700,35.0,0.00015993669566271058,0.0002113052332337164
701,35.050000000000004,0.0001795216925428724,0.00021129111502306993
702,35.1,0.00019853612919565228,0.0002112751334362442
703,35.15,0.00021416861070040617,0.0002112588179985742
704,35.2,0.00022132949141782815,0.0002112459140411836
705,35.25,0.00021117939878704896,0.00021124400762067509
706,35.300000000000004,0.00016896851132174617,0.00021126594527231702
707,35.35,7.129279678747009e-05,0.00021132744499708788
708,35.4,0.00011623189521163867,0.00021142979017258815
709,35.45,0.0004376674133504692,0.00021150501634764463
710,35.5,0.0009347804893591815,0.0002113133417593721
711,35.550000000000004,0.0016148438959770889,0.00021041781121696607
712,35.6,0.002398830881519299,0.0002086454155868142
713,35.65,0.0030878253219389206,0.00020708612410429714
714,35.7,0.0034228700582122668,0.0002077819320811546
715,35.75,0.0032516009725095116,0.00021103206003464552
716,35.800000000000004,0.002652998203342225,0.0002147212599084056
717,35.85,0.001870463966893383,0.000217128914560018
718,35.9,0.0011364105502067983,0.0002182000755066676
719,35.95,0.0005700371643043227,0.00021854753972163512
720,36.0,0.00018752459085730682,0.0002186319035565051
721,36.050000000000004,4.571393778635324e-05,0.0002186537124575293
722,36.1,0.00017495836226226965,0.0002186722344343776
723,36.15,0.0002383248230421112,0.00021869622809750214
724,36.2,0.0002627994106078789,0.00021872242968279493
725,36.25,0.00026581223478401843,0.00021874716056995735
726,36.300000000000004,0.00025800065197840744,0.00021876843338513693
727,36.35,0.0002455929576951281,0.00021878560891338248
728,36.4,0.00023209765902091852,0.0002187987715724805
729,36.45,0.00021939768325930395,0.00021880829676041336
730,36.5,0.00020842454229530797,0.00021881462288668584
731,36.550000000000004,0.00019955914496758539,0.00021881816473985153
732,36.6,0.00019286046761785386,0.00021881932582684858
733,36.65,0.00018818554313063243,0.00021881860833055525
734,36.7,0.00018523762527608296,0.00021881687090026704
735,36.75,0.0001835615895134649,0.00021881585830845653
736,36.800000000000004,0.00018249384073468097,0.0002188192313314875
737,36.85,0.00018106657866351556,0.0002188344112786902
738,36.9,0.00017786354885311668,0.00021887530580618844
739,36.95,0.00017082978215291665,0.0002189641697148853
740,37.0,0.00015705959061952795,0.00021912398066841312
741,37.050000000000004,0.00013264007348644466,0.00021933579508158808
742,37.1,9.272998765094894e-05,0.00021942461555576832
743,37.15,3.220786279722835e-05,0.000218953188727658
744,37.2,5.2645260993181204e-05,0.00021760765564863443
745,37.25,0.00016110472577950222,0.00021631241303258483
746,37.300000000000004,0.0002841386917695419,0.00021679743734895495
747,37.35,0.0004020272774506852,0.0002187691291966309
748,37.4,0.00048723236535297936,0.00022035939581645255
749,37.45,0.0005144286395786391,0.00022090616284066366
750,37.5,0.0004732213112580684,0.00022086701372513065
751,37.550000000000004,0.00037403207782523427,0.00022069344404282865
752,37.6,0.00024199733305670703,0.000220554990727749
753,37.65,0.00010416403690145287,0.00022047182846606484
754,37.7,2.0504947582076487e-05,0.00022042426225837774
755,37.75,0.00012394294459236614,0.00022039138201506784
756,37.800000000000004,0.00020660104492343544,0.00022035749304494373
757,37.85,0.0002736722170907205,0.0002203094325398681
758,37.9,0.00033222548865486046,0.0002202317920325021
759,37.95,0.00038980378306188344,0.00022010019992518097
760,38.0,0.00045421701653840994,0.00021986934071942254
761,38.050000000000004,0.000534180538594589,0.0002194473885479384
762,38.1,0.0006406865507963867,0.00021863618361427534
763,38.15,0.0007893585402587157,0.00021698531649387695
764,38.2,0.0010045762648937511,0.0002134531579186292
765,38.25,0.0013271555987970508,0.00020599509765656255
766,38.300000000000004,0.001829484001897839,0.00019662586215915025
767,38.35,0.00264656105741267,0.000279496743311023
768,38.400000000000006,0.004039273407876422,0.0010446171695694811
769,38.45,0.006498760831556719,0.0016320745151157104
770,38.5,0.010628724636641596,0.002599974042234255
771,38.550000000000004,0.013391975917941591,0.0021457768793852645
772,38.6,0.023535016638596855,0.002121638368256505
773,38.650000000000006,0.099146149406768,0.0021340662236353372
774,38.7,0.004161199719931763,0.002140940673079162
775,38.75,0.01119349653425259,0.0021440606251671717
776,38.800000000000004,0.006842445800889722,0.002145514513151721
777,38.85,0.003254141043396864,0.002146234118627379
778,38.900000000000006,0.0011909165221148153,0.002146612922328499
779,38.95,1.0589130113273716e-05,0.0021468237570438833
780,39.0,0.0006948355650805316,0.00214694696880481
781,39.050000000000004,0.0011374108672751106,0.0021470220866133104
782,39.1,0.0014276358921756023,0.002147069597758863
783,39.150000000000006,0.0016254041494784802,0.00214710062690517
784,39.2,0.0017646807989457642,0.002147121469745418
785,39.25,0.0018655748926202588,0.002147135822158389
786,39.300000000000004,0.001940464587742481,0.0021471459256478575
787,39.35,0.0019972374387287454,0.0021471531797387852
788,39.400000000000006,0.002041075709850206,0.002147158481308294
789,39.45,0.0020754778037028318,0.002147162418744841
790,39.5,0.002102863007185751,0.0021471653863356583
791,39.550000000000004,0.0021249407781517775,0.002147167653434942
792,39.6,0.0021429426240074296,0.0021471694073203975
793,39.650000000000006,0.002157771412707701,0.002147170780321455
794,39.7,0.0021700997348420687,0.002147171867336749
795,39.75,0.0021804360598645807,0.002147172737361638
796,39.800000000000004,0.002189170082211341,0.0021471734411828494
797,39.85,0.0021966043481540564,0.0021471740166145704
798,39.900000000000006,0.0022029766700465228,0.0021471744920787904
799,39.95,0.002208476248056018,0.0021471748891043014
800,40.0,0.0022132554250450403,0.0021471752240706465
801,40.050000000000004,0.002217438364643757,0.0021471755094291532
802,40.1,0.0022211275287151062,0.002147175754565732
803,40.150000000000006,0.002224408556044973,0.0021471759663878533
804,40.2,0.00222735395887015,0.002147176149737853
805,40.25,0.0022300259264179663,0.0021471763076667027
806,40.300000000000004,0.0022324784352590094,0.0021471764416124547
807,40.35,0.002234758802203937,0.002147176551538401
808,40.400000000000006,0.0022369087687859495,0.002147176636053394
809,40.45,0.0022389651719753882,0.002147176692568365
810,40.5,0.002240960230816713,0.002147176717518604
811,40.550000000000004,0.0022429214617609057,0.002147176706709938
812,40.6,0.0022448712266291424,0.002147176655812408
813,40.650000000000006,0.002246825916999163,0.0021471765610337535
814,40.7,0.0022487947889349756,0.0021471764199483883
815,40.75,0.002250778483798412,0.002147176232452818
816,40.800000000000004,0.0022527673052583205,0.0021471760017069486
817,40.85,0.0022547393686709314,0.0021471757349333246
818,40.900000000000006,0.0022566587930146088,0.0021471754438447056
819,40.95,0.0022584741594083974,0.002147175144505391
820,41.0,0.0022601175011266166,0.002147174856470294
821,41.050000000000004,0.0022615041006494242,0.002147174601160124
822,41.1,0.0022625333304919673,0.0021471743996064217
823,41.150000000000006,0.002263090670233157,0.0021471742698565438
824,41.2,0.0022630508556715787,0.0021471742245008298
825,41.25,0.002262281877186674,0.0021471742687937246
826,41.300000000000004,0.0022606492729327055,0.002147174399773305
827,41.35,0.00225801990564505,0.0021471746065858696
828,41.400000000000006,0.0022542642230731595,0.002147174871951522
829,41.45,0.0022492559231068352,0.0021471751744685866
830,41.5,0.0022428679852580955,0.002147175491301755
831,41.550000000000004,0.0022349641533620694,0.0021471758007536525
832,41.6,0.0022253850737172496,0.002147176084317229
833,41.650000000000006,0.002213928282144221,0.0021471763279763295
834,41.7,0.0022003209421764675,0.00214717652271008
835,41.75,0.0021841834998867203,0.0021471766642818194
836,41.800000000000004,0.00216498104922099,0.002147176752547608
837,41.85,0.0021419569417165532,0.002147176790479565
838,41.900000000000006,0.0021140396378381125,0.002147176783124635
839,41.95,0.002079708369673716,0.0021471767366503616
840,42.0,0.002036794971642443,0.0021471766575709705
841,42.050000000000004,0.001982187260409967,0.002147176552185201
842,42.1,0.0019113838093542898,0.002147176426236591
843,42.150000000000006,0.0018178374855405803,0.0021471762847644375
844,42.2,0.0016920484829419512,0.0021471761321148427
845,42.25,0.0015205586464629571,0.002147175972078879
846,42.300000000000004,0.0012858596065439113,0.002147175808129655
847,42.35,0.0009716496703328203,0.002147175643737902
848,42.400000000000006,0.0005909247117915313,0.0021471754827502615
849,42.45,0.0003016232922276055,0.0021471753298202625
850,42.5,0.0008132568340764026,0.00214717519087447
851,42.550000000000004,0.0043312832830840866,0.0021471750735677624
852,42.6,0.013391413089658574,0.0021471749876510854
853,42.650000000000006,0.01895852835351915,0.0021471749451002684
854,42.7,0.01072478470970677,0.0021471749597115623
855,42.75,0.0029678495825445385,0.002147175045695536
856,42.800000000000004,0.0005306858464864858,0.0021471752145066376
857,42.85,0.0003505866386801351,0.0021471754687648653
858,42.900000000000006,0.0006953406061707091,0.0021471757917470536
859,42.95,0.0010633822647947515,0.002147176130654869
860,43.0,0.0013548701979475986,0.0021471763721835737
861,43.050000000000004,0.001569771882502727,0.0021471763105618386
862,43.1,0.0017259221142315183,0.0021471756123808403
863,43.150000000000006,0.0018399557823537691,0.0021471737903561955
864,43.2,0.0019242541853301172,0.0021471702099098277
865,43.25,0.0019874788772736734,0.0021471641644917627
866,43.300000000000004,0.0020355974844209978,0.0021471550578698595
867,43.35,0.0020727318389418855,0.0021471427065581647
868,43.400000000000006,0.0021017572644401396,0.002147127707314791
869,43.45,0.0021247057401629454,0.002147111712875234
870,43.5,0.002143033516861929,0.002147097385685939
871,43.550000000000004,0.0021577990179421145,0.002147087857419163
872,43.6,0.002169782084947447,0.0021470857664993353
873,43.650000000000006,0.0021795648292828986,0.002147092266093806
874,43.7,0.0021875871643472406,0.0021471065293210915
875,43.75,0.0021941854648422506,0.0021471260462351312
876,43.800000000000004,0.0021996198502876093,0.002147147543524632
877,43.85,0.0022040937075457527,0.002147168025851458
878,43.900000000000006,0.0022077678584272484,0.0021471854702208447
879,43.95,0.0022107709952140873,0.0021471990022962984
880,44.0,0.0022132074943675066,0.002147208675699013
881,44.050000000000004,0.002215163379990051,0.002147215091223739
882,44.1,0.0022167109829279493,0.002147219047316885
883,44.150000000000006,0.0022179126902046394,0.002147221308331897
884,44.2,0.0022188240781043965,0.0021472224934412486
885,44.25,0.0022194966547521527,0.0021472230507408128
886,44.300000000000004,0.0022199803941476766,0.0021472232767396856
887,44.35,0.0022203262163557717,0.002147223352128271
888,44.400000000000006,0.002220588553270031,0.0021472233775767812
889,44.45,0.0022208281325698533,0.0021472234027382587
890,44.5,0.0022211151112285846,0.0021472234471062684
891,44.550000000000004,0.0022215326911875517,0.002147223513782935
892,44.6,0.0022221813496059732,0.0021472235979556648
893,44.650000000000006,0.002223183808836456,0.0021472236917474646
894,44.7,0.0022246908484477904,0.0021472237867761045
895,44.75,0.002226888010214501,0.0021472238753195787
896,44.800000000000004,0.0022300031480425356,0.0021472239507142822
897,44.85,0.002234314601067366,0.002147224007331048
898,44.900000000000006,0.0022401594829895145,0.0021472240403683286
899,44.95,0.002247941138831627,0.0021472240455564953
900,45.0,0.0022581341732911676,0.0021472240188563606
901,45.050000000000004,0.0022712845668721453,0.0021472239561531135
902,45.1,0.0022880012766899166,0.002147223852976423
903,45.150000000000006,0.0023089344826724032,0.0021472237042256437
904,45.2,0.002334734596931446,0.0021472235039048724
905,45.25,0.0023659859248575626,0.0021472232448639605
906,45.300000000000004,0.0024031104715181175,0.0021472229185350994
907,45.35,0.002446242203096825,0.002147222514690486
908,45.400000000000006,0.0024950814561362604,0.0021472220212115393
909,45.45,0.0025487535422284964,0.002147221423950228
910,45.5,0.002605712846746888,0.0021472207067158157
911,45.550000000000004,0.0026637477095451372,0.0021472198515618923
912,45.6,0.002720141648941603,0.0021472188395585917
913,45.650000000000006,0.0027720215328637205,0.0021472176524449413
914,45.7,0.002816868131538793,0.00214721627568731
915,45.75,0.002853089600018331,0.0021472147038166184
916,45.800000000000004,0.0028804924481276796,0.002147212949196503
917,45.85,0.0029004634448466975,0.0021472110556975525
918,45.900000000000006,0.002915721953540344,0.0021472091186135168
919,45.95,0.0029296086788278613,0.0021472073107707216
920,46.0,0.0029450140616790266,0.002147205909967114
921,46.050000000000004,0.0029631868757461497,0.0021472053104420025
922,46.1,0.0029827789302436206,0.0021472059730732944
923,46.150000000000006,0.002999539276923822,0.0021472082146003504
924,46.2,0.003006992112747213,0.0021472116501672226
925,46.25,0.0029981287947008235,0.0021472140216350017
926,46.300000000000004,0.0029676490651238006,0.002147209232999427
927,46.35,0.0029138641717099635,0.0021471851028420966
928,46.400000000000006,0.002839395028107886,0.0021471232328031655
929,46.45,0.0027503715278022734,0.002147006104970234
930,46.5,0.0026546042894803994,0.0021468359074544537
931,46.550000000000004,0.0025596170447841184,0.00214665759543445
932,46.6,0.002471279979981603,0.002146557917270384
933,46.650000000000006,0.002393311136138454,0.0021466162775048763
934,46.7,0.0023274941043908174,0.002146839003183757
935,46.75,0.0022742887905728227,0.0021471493612074226
936,46.800000000000004,0.002233550143519417,0.002147447123953717
937,46.85,0.0022051873368053327,0.0021476706465977896
938,46.900000000000006,0.00218968897844872,0.002147810129947721
939,46.95,0.002188459216024552,0.0021478853784820773
940,47.0,0.0022038413336514674,0.0021479216357663624
941,47.050000000000004,0.00223856507459494,0.002147937960299341
942,47.1,0.002294235067361364,0.0021479455438945002
943,47.150000000000006,0.002368653325213715,0.002147949886673192
944,47.2,0.0024526785755934295,0.002147953270230602
945,47.25,0.002529003689525935,0.0021479564411545863
946,47.300000000000004,0.0025760930432223413,0.0021479595261372523
947,47.35,0.0025776335684183707,0.002147962457512869
948,47.400000000000006,0.0025316839440863398,0.00214796514247955
949,47.45,0.002451633111302928,0.0021479675155349296
950,47.5,0.002358070150346816,0.0021479695447098137
951,47.550000000000004,0.0022687804861764725,0.0021479712232275864
952,47.6,0.002193626961149518,0.0021479725590085753
953,47.650000000000006,0.0021349966260883263,0.0021479735660103055
954,47.7,0.002090793820212267,0.002147974258063187
955,47.75,0.002057352979932378,0.00214797464472766
956,47.800000000000004,0.0020313700316324846,0.0021479747285421515
957,47.85,0.0020110770003607783,0.0021479745030519156
958,47.900000000000006,0.00199725671031978,0.0021479739512267008
959,47.95,0.0019947463236429574,0.002147973043972396
960,48.0,0.0020150690922122595,0.0021479717386200746
961,48.050000000000004,0.002080601948533538,0.0021479699774004228
962,48.1,0.0022292910584973263,0.0021479676861263456
963,48.150000000000006,0.0025140206626033472,0.0021479647736257035
964,48.2,0.002980018049111972,0.00214796113300143
965,48.25,0.0035978250063953303,0.0021479566467381287
966,48.300000000000004,0.004177461490166106,0.002147951199222057
967,48.35,0.004412814721681578,0.002147944702697083
968,48.400000000000006,0.004150076915689708,0.002147937146203462
969,48.45,0.0035645060472031635,0.0021479286810093274
970,48.5,0.002961006238521005,0.0021479197571613196
971,48.550000000000004,0.0025165101022311723,0.0021479113133228067
972,48.6,0.0022515915414567846,0.0021479049662452053
973,48.650000000000006,0.00211856580777379,0.00214790297734986
974,48.7,0.002065008918046531,0.0021479073585220715
975,48.75,0.002053836832926695,0.0021479166662658534
976,48.800000000000004,0.0020630167830047973,0.0021479180466712944
977,48.85,0.0020806322072827424,0.002147872908007226
978,48.900000000000006,0.0021006509548951928,0.002147703360948756
979,48.95,0.0021202233514155213,0.0021473109297355116
980,49.0,0.0021381443040065186,0.002146680104547453
981,49.050000000000004,0.002154025605551921,0.0021460460827506804
982,49.1,0.002167864560028606,0.0021458932428321206
983,49.150000000000006,0.002179824557938154,0.002146565306426643
984,49.2,0.002190126457729487,0.0021478629937440197
985,49.25,0.002198997031386937,0.002149225644025414
986,49.300000000000004,0.0022066463644700367,0.0021502409371945363
987,49.35,0.002213259637743146,0.0021508373096387873
988,49.400000000000006,0.002218995792290911,0.002151134272908144
989,49.45,0.0022239892607534765,0.0021512690204131867
990,49.5,0.0022283528567331695,0.0021513307109708533
991,49.550000000000004,0.0022321809007517664,0.002151363388991399
992,49.6,0.002235552166207494,0.002151384932987994
993,49.650000000000006,0.002238532483072784,0.002151401269630716
994,49.7,0.0022411769610391867,0.002151413713581663
995,49.75,0.002243531850583016,0.002151422000767082
996,49.800000000000004,0.0022456360831283875,0.0021514252417021698
997,49.85,0.0022475225374079953,0.002151421961494621
998,49.900000000000006,0.002249219077307316,0.0021514096578782345
999,49.95,0.002250749401438653,0.0021513838682193282
1000,50.0,0.0022521337388117443,0.0021513363649732003
1001,50.050000000000004,0.002253389419208345,0.0021512515293905772
1002,50.1,0.002254531341755628,0.002151098788600514
1003,50.150000000000006,0.002255572360810453,0.0021508166750336902
1004,50.2,0.0022565236046408273,0.0021502814243694736
1005,50.25,0.002257394739395141,0.0021492691601946974
1006,50.300000000000004,0.002258194188443214,0.0021476420347098573
1007,50.35,0.0022589293152324445,0.002148034196685486
1008,50.400000000000006,0.002259606576218656,0.002177808038257219
1009,50.45,0.0022602316491959385,0.002305383284273173
1010,50.5,0.0022608095413416745,0.0017860827349635694
1011,50.550000000000004,0.0022613446804660036,0.0027412237533813596
1012,50.6,0.0022618409923329903,0.0026740390730080332
1013,50.650000000000006,0.002262301966386804,0.002642426431819824
1014,50.7,0.002262730711783544,0.002642133910346003
1015,50.75,0.00226313000531342,0.0026440007050454032
1016,50.800000000000004,0.002263502332504343,0.002645138016575979
1017,50.85,0.0022638499229716076,0.002645732325936431
1018,50.900000000000006,0.0022641747809164065,0.0026460440448884573
1019,50.95,0.002264478711500186,0.002646213683443148
1020,51.0,0.002264763343713433,0.0026463100682627906
1021,51.050000000000004,0.002265030150264015,0.0026463671656731763
1022,51.1,0.0022652804649049996,0.002646402306143476
1023,51.150000000000006,0.0022655154975766787,0.0026464246868950284
1024,51.2,0.002265736347666821,0.0026464393830489723
1025,51.25,0.0022659440156452574,0.0026464492993970297
1026,51.300000000000004,0.0022661394133023905,0.0026464561551917884
1027,51.35,0.0022663233727712585,0.0026464609994673012
1028,51.400000000000006,0.002266496654495617,0.002646464490219856
1029,51.45,0.0022666599542854314,0.0026464670506280543
1030,51.5,0.0022668139095693885,0.002646468959104354
1031,51.550000000000004,0.002266959104953032,0.002646470402645375
1032,51.6,0.0022670960771611895,0.002646471509247022
1033,51.650000000000006,0.0022672253194474636,0.0026464723680445067
1034,51.7,0.0022673472855302664,0.0026464730421095124
1035,51.75,0.00226746239311215,0.0026464735767285858
1036,51.800000000000004,0.0022675710270341084,0.0026464740048618533
1037,51.85,0.0022676735421015425,0.0026464743508017087
1038,51.900000000000006,0.002267770265629998,0.0026464746326611047
1039,51.95,0.0022678614997257893,0.0026464748640945604
1040,52.0,0.002267947523345529,0.0026464750554989723
1041,52.050000000000004,0.002268028594152068,0.0026464752148694422
1042,52.1,0.002268104950189615,0.002646475348404104
1043,52.150000000000006,0.002268176811396732,0.0026464754609542983
1044,52.2,0.0022682443809748827,0.002646475556341686
1045,52.25,0.0022683078466284954,0.0026464756376033054
1046,52.300000000000004,0.0022683673816859054,0.0026464757071678
1047,52.35,0.00226842314611765,0.002646475766989337
1048,52.400000000000006,0.0022684752874578915,0.0026464758186536463
1049,52.45,0.002268523941645295,0.00264647586345042
1050,52.5,0.002268569233778079,0.002646475902438228
1051,52.550000000000004,0.002268611278808572,0.0026464759364885344
1052,52.6,0.0022686501821672376,0.002646475966324613
1053,52.650000000000006,0.002268686040332323,0.0026464759925460203
1054,52.7,0.002268718941346823,0.0026464760156557853
1055,52.75,0.0022687489652859893,0.002646476036075025
1056,52.800000000000004,0.002268776184684058,0.0026464760541606174
1057,52.85,0.002268800664916618,0.002646476070211322
1058,52.900000000000006,0.002268822464552391,0.0026464760844846003
1059,52.95,0.0022688416356657585,0.0026464760971978093
1060,53.0,0.002268858224122939,0.0026464761085366953
1061,53.050000000000004,0.0022688722698379266,0.002646476118661854
1062,53.1,0.002268883807004119,0.0026464761277105978
1063,53.150000000000006,0.0022688928642994387,0.002646476135801208
1064,53.2,0.0022688994650759873,0.002646476143036329
1065,53.25,0.002268903627521324,0.00264647614950501
1066,53.300000000000004,0.00226890536481158,0.0026464761552842356
1067,53.35,0.002268904685240446,0.002646476160440793
1068,53.400000000000006,0.0022689015923367723,0.0026464761650336517
1069,53.45,0.0022688960849716333,0.0026464761691129455
1070,53.5,0.002268888157447885,0.002646476172723028
1071,53.550000000000004,0.002268877799588027,0.0026464761759029875
1072,53.6,0.002268864996809316,0.002646476178686811
1073,53.650000000000006,0.002268849730190893,0.00264647618110237
1074,53.7,0.00226883197654278,0.0026464761831763452
1075,53.75,0.0022688117084706284,0.002646476184930149
1076,53.800000000000004,0.002268788894438088,0.0026464761863824755
1077,53.85,0.0022687634988346125,0.002646476187550998
1078,53.900000000000006,0.0022687354820519344,0.002646476188446934
1079,53.95,0.002268704800562069,0.002646476189084047
1080,54.0,0.0022686714070192797,0.002646476189469986
1081,54.050000000000004,0.0022686352503705387,0.002646476189613757
1082,54.1,0.0022685962759921626,0.002646476189520799
1083,54.150000000000006,0.0022685544258555053,0.0026464761891953595
1084,54.2,0.0022685096387273203,0.002646476188640328
1085,54.25,0.0022684618504115878,0.002646476187857574
1086,54.300000000000004,0.002268410994047593,0.002646476186845738
1087,54.35,0.002268357000465618,0.0026464761856054998
1088,54.400000000000006,0.002268299798622329,0.0026464761841338
1089,54.45,0.0022682393161242032,0.0026464761824274096
1090,54.5,0.0022681754798595413,0.002646476180481741
1091,54.550000000000004,0.002268108216754201,0.0026464761782908457
1092,54.6,0.0022680374546806183,0.0026464761758489457
1093,54.650000000000006,0.002267963123543059,0.002646476173147714
1094,54.7,0.0022678851565722377,0.002646476170179163
1095,54.75,0.002267803491866185,0.002646476166933776
1096,54.800000000000004,0.0022677180742244336,0.0026464761634015267
1097,54.85,0.0022676288573207294,0.0026464761595711987
1098,54.900000000000006,0.0022675358062842856,0.0026464761554319156
1099,54.95,0.0022674389007480344,0.0026464761509711015
1100,55.0,0.002267338138461431,0.0026464761461761814
1101,55.050000000000004,0.0022672335395546427,0.002646476141035259
1102,55.1,0.0022671251515773384,0.002646476135534399
1103,55.150000000000006,0.0022670130554429246,0.002646476129661365
1104,55.2,0.0022668973724384966,0.002646476123403582
1105,55.25,0.0022667782724952444,0.0026464761167503434
1106,55.300000000000004,0.0022666559839317527,0.0026464761096919626
1107,55.35,0.002266530804932069,0.0026464761022190926
1108,55.400000000000006,0.0022664031170775245,0.0026464760943259555
1109,55.45,0.0022662734012704896,0.002646476086009492
1110,55.5,0.0022661422565010986,0.0026464760772703824
1111,55.550000000000004,0.0022660104219344693,0.0026464760681137248
1112,55.6,0.0022658788029215533,0.002646476058549886
1113,55.650000000000006,0.00226574850161389,0.0026464760485973887
1114,55.7,0.002265620852997478,0.0026464760382801955
1115,55.75,0.002265497467292854,0.0026464760276322945
1116,55.800000000000004,0.0022653802798331397,0.0026464760166975314
1117,55.85,0.002265271609707877,0.0026464760055309668
1118,55.900000000000006,0.00226517422869534,0.0026464759941981987
1119,55.95,0.002265091442211969,0.002646475982777401
1120,56.0,0.00226502718431382,0.0026464759713593217
1121,56.050000000000004,0.002264986129056484,0.0026464759600411687
1122,56.1,0.002264973820860324,0.0026464759489301755
1123,56.150000000000006,0.0022649968268708314,0.0026464759381328953
1124,56.2,0.002265062914637479,0.002646475927751294
1125,56.25,0.002265181258804609,0.0026464759178672836
1126,56.300000000000004,0.002265362680763126,0.002646475908528618
1127,56.35,0.0022656199254326966,0.0026464758997259497
1128,56.400000000000006,0.0022659679793632,0.0026464758913605432
1129,56.45,0.0022664244341183016,0.0026464758832079045
1130,56.5,0.002267009898238547,0.002646475874868329
1131,56.550000000000004,0.002267748459852512,0.0026464758657024946
1132,56.6,0.0022686681998690486,0.002646475854768071
1133,56.650000000000006,0.0022698017523439654,0.002646475840734921
1134,56.7,0.002271186903597789,0.0026464758217982576
1135,56.75,0.0022728672144358107,0.0026464757955991123
1136,56.800000000000004,0.002274892639627987,0.0026464757591444636
1137,56.85,0.0022773201049692145,0.0026464757087672967
1138,56.900000000000006,0.002280213983826765,0.00264647564011879
1139,56.95,0.0022836463913719837,0.002646475548248527
1140,57.0,0.002287697185170669,0.0026464754277739262
1141,57.050000000000004,0.002292453525500362,0.002646475273184441
1142,57.1,0.002298008808908427,0.0026464750792883364
1143,57.150000000000006,0.002304460747055004,0.0026464748418212514
1144,57.2,0.002311908325482652,0.0026464745581844295
1145,57.25,0.0023204473532050783,0.0026464742282526228
1146,57.300000000000004,0.002330164318067114,0.002646473855169084
1147,57.35,0.002341128314278757,0.002646473445961773
1148,57.400000000000006,0.002353380931367186,0.002646473011830734
1149,57.45,0.0023669242133819894,0.002646472567924108
1150,57.5,0.0023817071339396123,0.002646472132486553
1151,57.550000000000004,0.0023976114911636896,0.0026464717253465897
1152,57.6,0.0024144386806661056,0.0026464713658501024
1153,57.650000000000006,0.0024318993819326135,0.002646471070502731
1154,57.7,0.0024496086638251474,0.002646470850698082
1155,57.75,0.0024670891953963436,0.002646470711012701
1156,57.800000000000004,0.0024837849328875694,0.0026464706484574736
1157,57.85,0.0024990866769051484,0.002646470652996461
1158,57.900000000000006,0.0025123692170748594,0.0026464707093661307
1159,57.95,0.0025230375795097623,0.0026464708000094113
1160,58.0,0.002530577587657899,0.0026464709086533133
1161,58.050000000000004,0.0025346041501085087,0.002646471023929551
1162,58.1,0.002534900027873188,0.0026464711423102934
1163,58.150000000000006,0.002531438715016242,0.0026464712696935557
1164,58.2,0.0025243874688141567,0.0026464714211180368
1165,58.25,0.0025140899369786277,0.002646471618387495
1166,58.300000000000004,0.00250103138752965,0.002646471885816246
1167,58.35,0.002485792336405025,0.002646472244805116
1168,58.400000000000006,0.0024689977427051002,0.0026464727083806865
1169,58.45,0.002451268724336896,0.0026464732770235555
1170,58.5,0.0024331822295249363,0.002646473936901613
1171,58.550000000000004,0.0024152418696137784,0.0026464746610378896
1172,58.6,0.002397860817821519,0.002646475413158044
1173,58.650000000000006,0.002381355801857351,0.0026464761532109405
1174,58.7,0.0023659500181938517,0.0026464768432195866
1175,58.75,0.0023517822916920023,0.002646477452128739
1176,58.800000000000004,0.002338919858721151,0.0026464779588234134
1177,58.85,0.0023273725612220166,0.002646478353032302
1178,58.900000000000006,0.0023171068069918837,0.0026464786344228275
1179,58.95,0.002308058228725661,0.0026464788104780565
1180,59.0,0.0023001424710655366,0.002646478893839652
1181,59.050000000000004,0.002293263912125278,0.002646478899703169
1182,59.1,0.002287322380877232,0.0026464788436404148
1183,59.150000000000006,0.0022822180816625,0.0026464787400159264
1184,59.2,0.002277855006990645,0.0026464786010077655
1185,59.25,0.002274143135100483,0.00264647843615139
1186,59.300000000000004,0.002270999690638331,0.0026464782522517974
1187,59.35,0.002268349711366759,0.002646478053543608
1188,59.400000000000006,0.002266126121986823,0.0026464778419797988
1189,59.45,0.0022642694746891154,0.0026464776175664866
1190,59.5,0.0022627274787121936,0.002646477378683103
1191,59.550000000000004,0.002261454409455459,0.002646477122374692
1192,59.6,0.0022604104621092988,0.002646476844586602
1193,59.650000000000006,0.002259561094656189,0.002646476540367906
1194,59.7,0.0022588763898910547,0.002646476204044912
1195,59.75,0.002258330454929016,0.0026464758294050417
1196,59.800000000000004,0.0022579008685559535,0.002646475409919115
1197,59.85,0.00225756818116549,0.0026464749390601597
1198,59.900000000000006,0.0022573154681630276,0.0026464744107899587
1199,59.95,0.002257127935134361,0.00264647382031767
1200,60.0,0.002256992571423356,0.002646473165267671
1201,60.050000000000004,0.0022568978476052,0.002646472447450017
1202,60.1,0.0022568334515999234,0.0026464716754758507
1203,60.150000000000006,0.0022567900574957302,0.0026464708685326704
1204,60.2,0.0022567591205021305,0.0026464700616403024
1205,60.25,0.002256732690704127,0.0026464693126268617
1206,60.300000000000004,0.0022567032372396365,0.0026464687106788837
1207,60.35,0.0022566634732515086,0.0026464683853924483
1208,60.400000000000006,0.002256606170203199,0.002646468513125792
1209,60.45,0.0022565239479231257,0.002646469313176115
1210,60.5,0.002256409023849457,0.002646471018571612
1211,60.550000000000004,0.0022562529012794094,0.00264647379363249
1212,60.6,0.002256045971717836,0.0026464775533713166
1213,60.650000000000006,0.0022557770004022564,0.002646481625340596
1214,60.7,0.0022554324563290444,0.002646484206182649
1215,60.75,0.0022549956380224626,0.0026464816565926336
1216,60.800000000000004,0.002254445532992498,0.002646467932827775
1217,60.85,0.0022537553311450897,0.0026464349153018972
1218,60.900000000000006,0.0022528904884517877,0.002646374855454193
1219,60.95,0.0022518062042962608,0.002646285847865113
1220,61.0,0.0022504441299980504,0.002646178989290955
1221,61.050000000000004,0.0022487280608190128,0.00264608189056199
1222,61.1,0.0022465582696365926,0.002646031518777237
1223,61.150000000000006,0.002243804002035998,0.002646055844973134
1224,61.2,0.002240293445569603,0.0026461561021693175
1225,61.25,0.002235800170532884,0.002646305029167197
1226,61.300000000000004,0.0022300245504376513,0.0026464629831598648
1227,61.35,0.002222567897374798,0.002646597926551546
1228,61.400000000000006,0.0022128958021540215,0.0026466952927502183
1229,61.45,0.0022002851215263005,0.0026467558357117526
1230,61.5,0.0021837456129925313,0.002646788152440031
1231,61.550000000000004,0.0021619012922745894,0.002646802203228134
1232,61.6,0.0021328061135385,0.002646806027049799
1233,61.650000000000006,0.0020936495062697236,0.0026468050006336974
1234,61.7,0.0020402714580215853,0.0026468023093686173
1235,61.75,0.0019663369994823124,0.002646799689198192
1236,61.800000000000004,0.0018618784998709738,0.002646798022428866
1237,61.85,0.0017106154703493011,0.002646797700164004
1238,61.900000000000006,0.001484803168621428,0.002646798804821171
1239,61.95,0.0011348523762953592,0.002646801197362128
1240,62.0,0.0005674340049097057,0.0026468045759721797
1241,62.050000000000004,0.0004020342387381067,0.002646808539351089
1242,62.1,0.002146915916687411,0.002646812657824042
1243,62.150000000000006,0.0053255796109131235,0.002646816538929836
1244,62.2,0.009566859513840304,0.002646819872646927
1245,62.25,0.00478836034441622,0.0026468224496445465
1246,62.300000000000004,0.08816837681754203,0.0026468241560423625
1247,62.35,0.008121101237499857,0.0026468249544044794
1248,62.400000000000006,0.010638294063471183,0.002646824861482444
1249,62.45,0.006563819525809193,0.0026468239298601216
1250,62.5,0.0032501611169050925,0.0026468222357453907
1251,62.550000000000004,0.001424429112496792,0.0026468198706405886
1252,62.6,0.00041417085675113006,0.0026468169317642315
1253,62.650000000000006,0.00017442849318027547,0.002646813505329715
1254,62.7,0.0005362109800067742,0.0026468096383151915
1255,62.75,0.0007692660396663004,0.0026468052973980475
1256,62.800000000000004,0.0009254168244551069,0.0026468003172027336
1257,62.85,0.0010334742370997226,0.0026467943419558573
1258,62.900000000000006,0.0011102253697351802,0.0026467867637366507
1259,62.95,0.0011658666503460528,0.0026467766571076695
1260,63.0,0.0012068207546318806,0.002646762707116385
1261,63.050000000000004,0.0012372637761946415,0.002646743134080791
1262,63.1,0.001259987502751309,0.0026467156524205555
1263,63.150000000000006,0.0012769044495548778,0.0026466776070033756
1264,63.2,0.0012893536528640378,0.002646626723824026
1265,63.25,0.0012982916164710342,0.0026465636801305294
1266,63.300000000000004,0.0013044151636885926,0.0026464995921113986
1267,63.35,0.001308243014009747,0.002646475556619032
1268,63.400000000000006,0.001310172023498678,0.0026466064050863158
1269,63.45,0.0013105179466665665,0.002647145172038268
1270,63.5,0.0013095471324392916,0.002648406711752419
1271,63.550000000000004,0.0013075036224860978,0.002649766106207027
1272,63.6,0.0013046350580502766,0.002646814516873152
1273,63.650000000000006,0.0013012202593611956,0.002634744174470898
1274,63.7,0.0012976010665025621,0.0026307957377137594
1275,63.75,0.0012942207726173935,0.002651200319653733
1276,63.800000000000004,0.0012916708901642877,0.002669701786170075
1277,63.85,0.0012907464939058459,0.0026747865280483066
1278,63.900000000000006,0.001292507026503697,0.0026745937082614467
1279,63.95,0.0012983327661482771,0.0026739526542056357
1280,64.0,0.001309955215018824,0.002673691416920293
1281,64.05,0.00132942077560232,0.0026736710231405098
1282,64.10000000000001,0.0013589219512367538,0.0026737350748525014
1283,64.15,0.001400406916063899,0.002673811568472054
1284,64.2,0.0014548797604135384,0.0026738768295334484
1285,64.25,0.0015213748743330862,0.0026739266473768653
1286,64.3,0.0015957859961261908,0.0026739630764642548
1287,64.35000000000001,0.0016700642807954348,0.0026739894519364833
1288,64.4,0.0017326191945696433,0.0026740087770450475
1289,64.45,0.0017706663890602005,0.0026740233176376065
1290,64.5,0.0017743541424512395,0.0026740345342565427
1291,64.55,0.0017410041626620498,0.0026740430021413727
1292,64.60000000000001,0.0016770205614827561,0.0026740481659031923
1293,64.65,0.0015962001597542173,0.00267404787991216
1294,64.7,0.0015156226586194746,0.002674037832404724
1295,64.75,0.0014517057350622268,0.002674011240901244
1296,64.8,0.0014182132164242286,0.0026739596551344632
1297,64.85000000000001,0.0014261367359835867,0.002673876055185529
1298,64.9,0.0014840514196368941,0.0026737609269777553
1299,64.95,0.0015972659243561021,0.0026736296418374363
1300,65.0,0.0017646109920539358,0.0026735156281251266
1301,65.05,0.0019730880752739867,0.0026734623565881186
1302,65.10000000000001,0.0021931336946307586,0.0026735034828204705
1303,65.15,0.0023800037614587926,0.0026736427297093745
1304,65.2,0.0024860919318201264,0.002673849836135612
1305,65.25,0.0024813360875837716,0.00267407670722363
1306,65.3,0.0023688060160677814,0.0026742806451669336
1307,65.35000000000001,0.002182856341737946,0.002674438476719959
1308,65.4,0.0019712755324320544,0.0026745467667617616
1309,65.45,0.0017753303860620893,0.00267461403175482
1310,65.5,0.0016193951102327232,0.00267465251415263
1311,65.55,0.0015112938953983925,0.0026746731743613945
1312,65.60000000000001,0.00144795919806351,0.002674683914800824
1313,65.65,0.001421297829276309,0.002674689684152824
1314,65.7,0.0014220679051178324,0.002674693257019428
1315,65.75,0.0014417192307947355,0.002674696036962067
1316,65.8,0.0014729227301755435,0.002674698655699879
1317,65.85000000000001,0.001509502591195576,0.002674701352658024
1318,65.9,0.0015462403524881762,0.002674704188900317
1319,65.95,0.0015787842876067515,0.002674707154965732
1320,66.0,0.0016037217728043795,0.002674710217688004
1321,66.05,0.001618753513579561,0.0026747133356479613
1322,66.10000000000001,0.0016228476920895623,0.0026747164613268645
1323,66.15,0.001616256475947004,0.002674719540210643
1324,66.2,0.0016003388851931575,0.0026747225118272217
1325,66.25,0.0015772186357709158,0.002674725314022267
1326,66.3,0.0015493683260472315,0.002674727889489047
1327,66.35000000000001,0.001519224852874346,0.0026747301925120807
1328,66.4,0.0014889100305608973,0.0026747321940003154
1329,66.45,0.0014600815131988352,0.0026747338836119175
1330,66.5,0.0014338985180616828,0.002674735268871928
1331,66.55,0.0014110665623395806,0.0026747363719199124
1332,66.60000000000001,0.0013919235500728748,0.0026747372249687614
1333,66.65,0.0013765379199834544,0.002674737865558036
1334,66.7,0.0013648005922430246,0.002674738332383752
1335,66.75,0.00135650181375447,0.002674738662145446
1336,66.8,0.00135139032367412,0.0026747388875275986
1337,66.85000000000001,0.0013492157967205664,0.002674739036189838
1338,66.9,0.0013497570636139095,0.0026747391305383694
1339,66.95,0.0013528389239075035,0.0026747391880371355
1340,67.0,0.0013583400172966816,0.0026747392217985402
1341,67.05,0.0013661935589591558,0.002674739241324733
1342,67.10000000000001,0.0013763819777289174,0.002674739253234795
1343,67.15,0.001388925740806914,0.002674739261937537
1344,67.2,0.001403865990342287,0.0026747392702060765
1345,67.25,0.0014212401521625346,0.002674739279645008
1346,67.3,0.001441049552663755,0.0026747392910471124
1347,67.35000000000001,0.0014632185213052519,0.0026747393046717216
1348,67.4,0.0014875457610484591,0.002674739320447629
1349,67.45,0.0015136512352798529,0.002674739338106327
1350,67.5,0.001540925556732235,0.0026747393572878774
1351,67.55,0.001568493467988413,0.0026747393775988634
1352,67.60000000000001,0.0015952071723693488,0.0026747393986550467
1353,67.65,0.0016196866306281501,0.002674739420101077
1354,67.7,0.0016404195034948035,0.002674739441630379
1355,67.75,0.0016559211108060777,0.0026747394629783533
1356,67.8,0.001664935656635071,0.0026747394839307013
1357,67.85000000000001,0.0016666398473131558,0.002674739504316972
1358,67.9,0.0016607983774864774,0.0026747395240051203
1359,67.95,0.0016478260483376783,0.002674739542898448
1360,68.0,0.0016287349362720171,0.00267473956092813
1361,68.05,0.0016049786825898013,0.0026747395780472613
1362,68.10000000000001,0.0015782352375428447,0.00267473959423205
1363,68.15,0.0015501821609197695,0.002674739609469751
1364,68.2,0.0015223117556902488,0.002674739623761553
1365,68.25,0.0014958132046163594,0.002674739637115954
1366,68.3,0.001471526009159077,0.002674739649545529
1367,68.35000000000001,0.0014499519345654874,0.0026747396610682923
1368,68.4,0.0014313047557771824,0.002674739671702938
1369,68.45,0.001415577202107695,0.002674739681467139
1370,68.5,0.0014026092667017347,0.0026747396903794196
1371,68.55,0.0013921481866514315,0.0026747396984545648
1372,68.60000000000001,0.0013838957809535859,0.0026747397057036207
1373,68.65,0.0013775425855969382,0.0026747397121332154
1374,68.7,0.0013727903377521217,0.0026747397177474272
1375,68.75,0.0013693652237019972,0.0026747397225428573
1376,68.8,0.0013670243838346794,0.0026747397265118582
1377,68.85000000000001,0.001365557846237298,0.0026747397296386253
1378,68.9,0.0013647875955829934,0.0026747397319039556
1379,68.95,0.0013645650219196528,0.0026747397332798077
1380,69.0,0.0013647676012843867,0.0026747397337325337
1381,69.05,0.0013652953563322002,0.0026747397332215176
1382,69.10000000000001,0.0013660674252945126,0.002674739731699855
1383,69.15,0.001367018916994476,0.0026747397291136737
1384,69.2,0.0013680981315611638,0.0026747397254053644
1385,69.25,0.0013692641660002153,0.002674739720510348
1386,69.3,0.0013704848890300993,0.0026747397143597985
1387,69.35000000000001,0.0013717352516385835,0.0026747397068813206
1388,69.4,0.00137299589239433,0.0026747396980026884
1389,69.45,0.0013742519953652177,0.002674739687648278
1390,69.5,0.0013754923608714725,0.002674739675746713
1391,69.55,0.0013767086532219122,0.002674739662228318
1392,69.60000000000001,0.0013778947942786435,0.002674739647030724
1393,69.65,0.0013790464762540812,0.0026747396300990387
1394,69.7,0.001380160771513547,0.002674739611392307
1395,69.75,0.001381235820904946,0.0026747395908821485
1396,69.8,0.0013822705855086764,0.0026747395685592164
1397,69.85000000000001,0.001383264649440737,0.0026747395444364254
1398,69.9,0.001384218063712859,0.0026747395185499744
1399,69.95,0.0013851312230481762,0.0026747394909639307
1400,70.0,0.0013860047691518032,0.0026747394617719334
1401,70.05,0.0013868395151919045,0.002674739431099059
1402,70.10000000000001,0.0013876363873033676,0.0026747393991030143
1403,70.15,0.0013883963797420849,0.002674739365976514
1404,70.2,0.0013891205210057806,0.0026747393319403127
1405,70.25,0.0013898098487501963,0.0026747392972488143
1406,70.3,0.001390465391781331,0.0026747392621827635
1407,70.35000000000001,0.0013910881577147466,0.0026747392270451667
1408,70.4,0.0013916791251854155,0.0026747391921568752
1409,70.45,0.0013922392396858354,0.0026747391578460476
1410,70.5,0.0013927694122775267,0.002674739124449169
1411,70.55,0.0013932705205619133,0.002674739092292699
1412,70.60000000000001,0.0013937434113807038,0.00267473906169171
1413,70.65,0.0013941889048025675,0.0026747390329393533
1414,70.7,0.0013946077990300454,0.0026747390062971687
1415,70.75,0.0013950008758749203,0.002674738981990331
1416,70.8,0.001395368906529284,0.0026747389601998275
1417,70.85000000000001,0.0013957126573656675,0.002674738941060083
1418,70.9,0.0013960328955507405,0.0026747389246531794
1419,70.95,0.0013963303942613507,0.0026747389110102168
1420,71.0,0.0013966059373433195,0.0026747389001108017
1421,71.05,0.001396860323254781,0.0026747388918879765
1422,71.10000000000001,0.0013970943681827538,0.002674738886231619
1423,71.15,0.0013973089082277479,0.0026747388829938797
1424,71.2,0.0013975048005977781,0.0026747388820019266
1425,71.25,0.0013976829237599543,0.0026747388830616866
1426,71.3,0.0013978441765379167,0.002674738885972797
1427,71.35000000000001,0.0013979894761622588,0.0026747388905379553
1428,71.4,0.001398119755308265,0.0026747388965746434
1429,71.45,0.0013982359581775513,0.002674738903929234
1430,71.5,0.0013983390356927796,0.002674738912488374
1431,71.55,0.0013984299399140351,0.002674738922194455
1432,71.60000000000001,0.0013985096177752654,0.002674738933061242
1433,71.65,0.0013985790042639887,0.002674738945190699
1434,71.7,0.0013986390151883822,0.0026747389587921957
1435,71.75,0.0013986905396491808,0.0026747389742059566
1436,71.8,0.0013987344323817404,0.0026747389919307618
1437,71.85000000000001,0.0013987715060873943,0.0026747390126531786
1438,71.9,0.0013988025239114698,0.0026747390372871553
1439,71.95,0.0013988281921859045,0.00267473906701719
1440,72.0,0.0013988491535819353,0.0026747391033448923
1441,72.05,0.0013988659807727807,0.0026747391481401366
1442,72.10000000000001,0.0013988791707313997,0.0026747392036922143
1443,72.15,0.0013988891397503345,0.002674739272740085
1444,72.2,0.0013988962192708187,0.002674739358479852
1445,72.25,0.0013989006526023812,0.0026747394645100426
1446,72.3,0.0013989025925718664,0.0026747395946737297
1447,72.35000000000001,0.0013989021001652553,0.0026747397527310565
1448,72.4,0.0013988991441848916,0.002674739941766133
1449,72.45,0.001398893601923304,0.0026747401632136133
1450,72.5,0.0013988852608755424,0.002674740415339406
1451,72.55,0.0013988738214514576,0.0026747406910525014
1452,72.60000000000001,0.0013988589006586883,0.0026747409749292815
1453,72.65,0.0013988400367060574,0.00267474123954158
1454,72.7,0.001398816694461606,0.0026747414414858093
1455,72.75,0.0013987882716721396,0.0026747415181175224
1456,72.8,0.001398754105851327,0.0026747413867781746
1457,72.85000000000001,0.0013987134817126335,0.0026747409492126027
1458,72.9,0.001398665639022013,0.002674740104317582
1459,72.95,0.0013986097807311712,0.0026747387715848475
1460,73.0,0.0013985450812311526,0.002674736924543176
1461,73.05,0.0013984706945846805,0.002674734627756513
1462,73.10000000000001,0.0013983857625589884,0.002674732063868577
1463,73.15,0.0013982894223277702,0.0026747295327929185
1464,73.2,0.0013981808136660262,0.0026747274090490884
1465,73.25,0.0013980590855232579,0.0026747260584783668
1466,73.3,0.0013979234018426307,0.002674725737529537
1467,73.35000000000001,0.001397772946532634,0.0026747265140183887
1468,73.4,0.0013976069275309089,0.002674728244558029
1469,73.45,0.0013974245799308472,0.0026747306192052575
1470,73.5,0.0013972251681852311,0.0026747332525832537
1471,73.55,0.0013970079874588036,0.0026747357823874046
1472,73.60000000000001,0.001396772364264363,0.00267473794012512
1473,73.65,0.0013965176565710147,0.002674739578559467
1474,73.7,0.0013962432536982995,0.002674740661044781
1475,73.75,0.0013959485763518787,0.0026747412293047696
1476,73.8,0.0013956330773359342,0.002674741366661602
1477,73.85000000000001,0.001395296243580578,0.0026747411677894187
1478,73.9,0.0013949376003277007,0.002674740719173013
1479,73.95,0.001394556718532464,0.0026747400896527567
1480,74.0,0.0013941532268299545,0.0026747393282812865
1481,74.05,0.0013937268297740646,0.0026747384665208587
1482,74.10000000000001,0.0013932773345243705,0.0026747375224781384
1483,74.15,0.0013928046887575268,0.0026747365057565617
1484,74.2,0.0013923090333515693,0.0026747354221956835
1485,74.25,0.0013917907743872114,0.00267473427819128
1486,74.3,0.0013912506803116379,0.002674733084464667
1487,74.35000000000001,0.0013906900117612894,0.0026747318591660157
1488,74.4,0.0013901106936825872,0.0026747306301116405
1489,74.45,0.0013895155421198492,0.002674729435895424
1490,74.5,0.0013889085614928651,0.002674728325526838
1491,74.55,0.0013882953325391643,0.0026747273563775312
1492,74.60000000000001,0.0013876835164887884,0.0026747265903178646
1493,74.65,0.0013870835075661747,0.0026747260882886144
1494,74.7,0.001386509273662284,0.0026747259038363697
1495,74.75,0.0013859794337333707,0.002674726076515016
1496,74.8,0.0013855186296557822,0.0026747266262032074
1497,74.85000000000001,0.001385159258587379,0.0026747275493816092
1498,74.9,0.0013849436368272494,0.00267472881813704
1499,74.95,0.0013849266633147788,0.0026747303821920885
1500,75.0,0.001385179032472434,0.002674732173671315
1501,75.05,0.0013857909997306145,0.002674734113839973
1502,75.10000000000001,0.0013868766095271865,0.0026747361206909052
1503,75.15,0.0013885781267786877,0.0026747381162182463
1504,75.2,0.0013910701312575113,0.0026747400323801837
1505,75.25,0.0013945622952518794,0.0026747418151313474
1506,75.3,0.0013992992285173447,0.0026747434263146067
1507,75.35000000000001,0.0014055549336893728,0.002674744843588676
1508,75.4,0.0014136184521401898,0.0026747460588230085
1509,75.45,0.0014237664587816758,0.002674747075521473
1510,75.5,0.0014362184510003065,0.0026747479058096186
1511,75.55,0.0014510717305550374,0.002674748567444369
1512,75.60000000000001,0.0014682178590016675,0.002674749081160887
1513,75.65,0.0014872507174958918,0.0026747494685234827
1514,75.7,0.0015073883473277186,0.0026747497503279874
1515,75.75,0.0015274429095485495,0.002674749945543524
1516,75.8,0.0015458777745339719,0.0026747500707022423
1517,75.85000000000001,0.001560978144763502,0.0026747501396291143
1518,75.9,0.0015711264387713623,0.002674750163425446
1519,75.95,0.001575124186807759,0.0026747501506077225
1520,76.0,0.0015724630695267518,0.0026747501073249645
1521,76.05,0.001563447885843535,0.002674750037605822
1522,76.10000000000001,0.0015491236775276847,0.002674749943595306
1523,76.15,0.001531035247649583,0.002674749825746143
1524,76.2,0.0015109075705431393,0.0026747496829552376
1525,76.25,0.0014903494762782367,0.002674749512630631
1526,76.3,0.0014706519336264128,0.002674749310676375
1527,76.35000000000001,0.0014527024231931933,0.002674749071379692
1528,76.4,0.001436996114261879,0.0026747487871995644
1529,76.45,0.0014237058824570815,0.002674748448412748
1530,76.5,0.0014127741884468845,0.002674748042606661
1531,76.55,0.0014040009957887157,0.002674747553954754
1532,76.60000000000001,0.0013971146005816505,0.0026747469622160555
1533,76.65,0.0013918218711443575,0.0026747462413467486
1534,76.7,0.001387839906129009,0.0026747453575803304
1535,76.75,0.001384913332602862,0.0026747442667585004
1536,76.80000000000001,0.0013828216750689094,0.002674742910580025
1537,76.85000000000001,0.0013813805055263473,0.0026747412112813757
1538,76.9,0.0013804391067948985,0.0026747390640182193
1539,76.95,0.001379876481915915,0.0026747363257848436
1540,77.0,0.0013795968417444852,0.002674732799124684
1541,77.05000000000001,0.0013795252098382184,0.0026747282078027524
1542,77.10000000000001,0.0013796034624827891,0.0026747221599271527
1543,77.15,0.0013797869262162177,0.002674714091124305
1544,77.2,0.001380041544882096,0.0026747031754856456
1545,77.25,0.0013803415720279723,0.0026746881834423847
1546,77.30000000000001,0.001380667720666215,0.0026746672507062625
1547,77.35000000000001,0.0013810056969435682,0.0026746374954546093
1548,77.4,0.0013813450482075842,0.0026745943723081875
1549,77.45,0.001381678264153752,0.0026745305641676063
1550,77.5,0.001382000079157555,0.0026744340598401643
1551,77.55000000000001,0.001382306933121509,0.0026742848217242736
1552,77.60000000000001,0.0013825965563742538,0.0026740491792164073
1553,77.65,0.0013828676511695732,0.0026736714116184362
1554,77.7,0.00138311964815373,0.002673066301359055
1555,77.75,0.0013833525208313702,0.0026721411026000624
1556,77.80000000000001,0.0013835666448414542,0.002670994503820739
1557,77.85000000000001,0.0013837626917685107,0.0026709471961193255
1558,77.9,0.0013839415495789105,0.002678490045559248
1559,77.95,0.00138410426353178,0.002709182183236872
1560,78.0,0.001384251992847811,0.002707030471219952
1561,78.05000000000001,0.0013843859794963086,0.0025307759601287338
1562,78.10000000000001,0.0013845075262809705,0.0029371881893960027
1563,78.15,0.0013846179820851618,0.003180678930241165
1564,78.2,0.0013847187326058144,0.0031796833926629863
1565,78.25,0.0013848111953088627,0.003172558577723982
1566,78.30000000000001,0.0013848968176247956,0.0031728542837814043
1567,78.35000000000001,0.0013849770776391322,0.0031744562437696555
1568,78.4,0.0013850534867044348,0.0031757126777310894
1569,78.45,0.0013851275935374452,0.0031765156461080143
1570,78.5,0.0013852009894774378,0.0031770058968005714
1571,78.55000000000001,0.0013852753146534234,0.0031773054089269826
1572,78.60000000000001,0.0013853522648868632,0.0031774915188974265
1573,78.65,0.001385433599197677,0.0031776097982445088
1574,78.7,0.0013855211478319752,0.003177686776497175
1575,78.75,0.0013856168207642679,0.0031777380480397404
1576,78.80000000000001,0.0013857226166617493,0.0031777729475747736
1577,78.85000000000001,0.0013858406323222086,0.0031777971826087263
1578,78.9,0.0013859730726372343,0.0031778143197618057
1579,78.95,0.0013861222611556531,0.003177826635544017
1580,79.0,0.0013862906513546092,0.0031778356123410975
1581,79.05000000000001,0.001386480838765113,0.003177842233366944
1582,79.10000000000001,0.0013866955741301575,0.0031778471616032682
1583,79.15,0.0013869377778270384,0.003177850850441004
1584,79.2,0.001387210555799267,0.0031778536133112456
1585,79.25,0.0013875172173372862,0.0031778556681754484
1586,79.30000000000001,0.0013878612950441363,0.003177857166257051
1587,79.35000000000001,0.0013882465673901868,0.0031778582106671465
1588,79.4,0.0013886770843008298,0.0031778588683325565
1589,79.45,0.001389157196231048,0.0031778591772849934
1590,79.5,0.0013896915871979354,0.003177859150487312
1591,79.55000000000001,0.0013902853122150657,0.0031778587767843335
1592,79.60000000000001,0.0013909438395241554,0.0031778580190542157
1593,79.65,0.0013916730978801339,0.003177856809201784
1594,79.7,0.0013924795290007539,0.003177855039008672
1595,79.75,0.0013933701449717205,0.0031778525450528164
1596,79.80000000000001,0.001394352590066579,0.003177849084592805
1597,79.85000000000001,0.0013954352058651793,0.0031778442970630443
1598,79.9,0.001396627097918959,0.003177837641954603
1599,79.95,0.0013979382013129575,0.003177828296825058
1600,80.0,0.001399379341397902,0.003177814986108205
1601,80.05000000000001,0.001400962284668027,0.0031777956863448258
1602,80.10000000000001,0.0014026997732200892,0.0031777671040608317
1603,80.15,0.0014046055344325988,0.003177723721516959
1604,80.2,0.001406694255599561,0.003177655992632237
1605,80.25,0.0014089815111061495,0.0031775468069234706
1606,80.30000000000001,0.0014114836277010492,0.003177364297820334
1607,80.35000000000001,0.0014142174714012988,0.0031770467055240647
1608,80.4,0.001417200138081178,0.003176469806218772
1609,80.45,0.0014204485289175841,0.0031753782472177822
1610,80.5,0.0014239787921374325,0.0031732668964020378
1611,80.55000000000001,0.0014278056144523359,0.0031694344831936865
1612,80.60000000000001,0.0014319413496463088,0.003165921910789888
1613,80.65,0.001436394978714005,0.003196433494756458
1614,80.7,0.0014411709062711678,0.0034356212954429507
1615,80.75,0.0014462676121527105,0.0028127687942476392
1616,80.80000000000001,0.0014516761953510316,0.004813996600788855
1617,80.85000000000001,0.0014573788694108394,0.005085445186818587
1618,80.9,0.0014633474932129178,0.004990250519445462
1619,80.95,0.0014695422467940747,0.004988121767574698
1620,81.0,0.0014759105856823626,0.004993791395952599
1621,81.05000000000001,0.001482386625230684,0.004997216095335508
1622,81.10000000000001,0.0014888911139384088,0.004998961624569056
1623,81.15,0.0014953321466950333,0.0049998551114003986
1624,81.2,0.0015016067408501444,0.0050003310752030836
1625,81.25,0.0015076033472287576,0.0050005966194794915
1626,81.30000000000001,0.001513205294844649,0.005000751503372185
1627,81.35000000000001,0.0015182950762664424,0.0050008455715715465
1628,81.4,0.001522759279280309,0.005000904802633734
1629,81.45,0.001526493872438342,0.005000943308038325
1630,81.5,0.0015294094730374523,0.0050009690532207985
1631,81.55000000000001,0.0015314361813963304,0.0050009866941034
1632,81.60000000000001,0.0015325275672489534,0.005000999039150174
1633,81.65,0.001532663448130892,0.0050010078312370376
1634,81.7,0.0015318512025156662,0.0050010141804010195
1635,81.75,0.001530125499859463,0.005001018811137655
1636,81.80000000000001,0.001527546486048683,0.00500102220797775
1637,81.85000000000001,0.001524196612866311,0.005001024703530383
1638,81.9,0.001520176422042138,0.005001026532974706
1639,81.95,0.001515599671765706,0.005001027868334238
1640,82.0,0.0015105882181107695,0.005001028840120878
1641,82.05000000000001,0.0015052670367827613,0.0050010295507875325
1642,82.10000000000001,0.0014997597012831837,0.005001030082723387
1643,82.15,0.0014941845362164356,0.005001030502599502
1644,82.2,0.0014886515556397082,0.005001030863402335
1645,82.25,0.0014832601912782221,0.005001031205220581
1646,82.30000000000001,0.00147809772638074,0.005001031555631787
1647,82.35000000000001,0.001473238286416817,0.005001031930345581
1648,82.4,0.0014687422020393218,0.0050010323344425595
1649,82.45,0.0014646555547044374,0.005001032764321133
1650,82.5,0.0014610097400667747,0.005001033210181586
1651,82.55000000000001,0.0014578209369887358,0.005001033658726955
1652,82.60000000000001,0.001455089446379222,0.005001034095728998
1653,82.65,0.0014527989575732205,0.005001034508120687
1654,82.7,0.0014509158998019813,0.005001034885452782
1655,82.75,0.0014493891268429326,0.005001035220640901
1656,82.80000000000001,0.0014481502437037217,0.005001035510097566
1657,82.85000000000001,0.0014471148925154712,0.0050010357533919695
1658,82.9,0.0014461852509562445,0.00500103595262783
1659,82.95,0.0014452538511946901,0.005001036111701241
1660,83.0,0.0014442086095778019,0.005001036235577575
1661,83.05000000000001,0.0014429386988824336,0.0050010363296683034
1662,83.10000000000001,0.0014413406482889012,0.00500103639934649
1663,83.15,0.0014393238834047705,0.005001036449614554
1664,83.2,0.0014368148735445486,0.005001036484905608
1665,83.25,0.001433759162206836,0.005001036508989483
1666,83.30000000000001,0.0014301208058071218,0.0050010365249623535
1667,83.35000000000001,0.0014258790818116854,0.005001036535287363
1668,83.4,0.0014210226723778768,0.005001036541864129
1669,83.45,0.0014155418025716716,0.005001036546112005
1670,83.5,0.001409418952057804,0.005001036549058123
1671,83.55000000000001,0.001402618736168667,0.005001036551417261
1672,83.60000000000001,0.001395077367931684,0.005001036553660839
1673,83.65,0.0013866917877498265,0.005001036556080136
1674,83.7,0.0013773081065076764,0.005001036558834051
1675,83.75,0.0013667084633342873,0.005001036561988179
1676,83.80000000000001,0.00135459473903734,0.0050010365655445595
1677,83.85000000000001,0.0013405667429358895,0.0050010365694654665
1678,83.9,0.0013240914071717845,0.005001036573690231
1679,83.95,0.0013044580097894018,0.005001036578145606
1680,84.0,0.0012807122367633956,0.0050010365827558
1681,84.05000000000001,0.0012515585878034793,0.005001036587445695
1682,84.10000000000001,0.001215215736344222,0.005001036592147317
1683,84.15,0.0011692026228897257,0.005001036596798126
1684,84.2,0.0011100251134391864,0.005001036601345781
1685,84.25,0.0010327295969862265,0.005001036605744905
1686,84.30000000000001,0.000930313559439099,0.005001036609957264
1687,84.35000000000001,0.0007931147408179425,0.005001036613954305
1688,84.4,0.0006088181097446777,0.005001036617712918
1689,84.45,0.0003655729695563009,0.005001036621215937
1690,84.5,6.709727900468258e-05,0.0050010366244509575
1691,84.55000000000001,0.0002104130771897798,0.0050010366274106715
1692,84.60000000000001,0.00013161893955049634,0.005001036630091
1693,84.65,0.001362235564026937,0.005001036632491604
1694,84.7,0.0062197406574348,0.005001036634613503
1695,84.75,0.013015504480910548,0.005001036636460945
1696,84.80000000000001,0.012267954954228862,0.005001036638038179
1697,84.85000000000001,0.0052834696279631605,0.005001036639352342
1698,84.9,0.001004155375265369,0.005001036640410233
1699,84.95,0.00018085289195270374,0.005001036641220517
1700,85.0,0.00017675578304442345,0.005001036641790843
1701,85.05000000000001,9.854801457248022e-05,0.005001036642130388
1702,85.10000000000001,0.0003656828946235793,0.005001036642247478
1703,85.15,0.0005629956572127783,0.005001036642150611
1704,85.2,0.0006874361462947832,0.005001036641849133
1705,85.25,0.0007467339092651446,0.0050010366413512026
1706,85.30000000000001,0.000746375986872227,0.0050010366406654854
1707,85.35000000000001,0.0006860079415300688,0.00500103663979929
1708,85.4,0.0005574089216203468,0.005001036638761113
1709,85.45,0.0003411273355762223,0.005001036637557413
1710,85.5,4.998736745998362e-07,0.005001036636195495
1711,85.55000000000001,0.0005378801455555449,0.00500103663468182
1712,85.60000000000001,0.0014050569674141488,0.005001036633022844
1713,85.65,0.0028677385446715443,0.005001036631223665
1714,85.7,0.005474920370801612,0.005001036629289722
1715,85.75,0.010347673243133005,0.005001036627224584
1716,85.80000000000001,0.01894201657477148,0.005001036625033179
1717,85.85000000000001,0.02065957680411566,0.0050010366227189055
1718,85.9,0.10538149774751612,0.005001036620283804
1719,85.95,0.08909246269141978,0.005001036617730082
1720,86.0,0.023731480836134418,0.0050010366150592695
1721,86.05000000000001,0.020218740581790153,0.005001036612271027
1722,86.10000000000001,0.011856635063565284,0.0050010366093655246
1723,86.15,0.007183761168165293,0.005001036606341573
1724,86.2,0.004685443527192662,0.0050010366031959415
1725,86.25,0.0032819922257647572,0.005001036599925743
1726,86.30000000000001,0.002446826736840255,0.0050010365965263886
1727,86.35000000000001,0.0019237100345810853,0.00500103659299091
1728,86.4,0.0015818135174377962,0.005001036589313191
1729,86.45,0.001350718680922853,0.005001036585483712
1730,86.5,0.001190701655515277,0.005001036581491259
1731,86.55000000000001,0.0010784932597758734,0.0050010365773242756
1732,86.60000000000001,0.0010001141595848255,0.005001036572967806
1733,86.65,0.000947117913806227,0.005001036568405367
1734,86.7,0.00091456874970608,0.005001036563618434
1735,86.75,0.0008999581420637338,0.005001036558585085
1736,86.80000000000001,0.0009026703931543917,0.005001036553280338
1737,86.85000000000001,0.0009238039963953687,0.005001036547678192
1738,86.9,0.0009662464007891103,0.005001036541746528
1739,86.95,0.0010349061860725822,0.005001036535450168
1740,87.0,0.0011368578828795013,0.005001036528750026
1741,87.05000000000001,0.0012805550008864602,0.005001036521603275
1742,87.10000000000001,0.0014712149932407498,0.005001036513960123
1743,87.15,0.0016927108224904627,0.005001036505764319
1744,87.2,0.001845006536721381,0.005001036496955023
1745,87.25,0.0015501600248185904,0.005001036487461539
1746,87.30000000000001,0.0003037125085875519,0.0050010364772067155
1747,87.35000000000001,0.00564955655744775,0.00500103646610218
1748,87.4,0.012884980551351701,0.005001036454048517
1749,87.45,0.012267416477344176,0.005001036440934414
1750,87.5,0.004859379330350418,0.0050010364266332655
1751,87.55000000000001,8.56324376924301e-08,0.0050010364110026585
1752,87.60000000000001,0.0015677013140305118,0.0050010363938792785
1753,87.65,0.0017611214401145713,0.005001036375080098
1754,87.7,0.0015771015516372708,0.0050010363543932
1755,87.75,0.001343103681213415,0.005001036331577944
1756,87.80000000000001,0.0011427033043859254,0.005001036306359196
1757,87.85000000000001,0.0009871569896871535,0.005001036278419673
1758,87.9,0.0008697960863839741,0.00500103624739179
1759,87.95,0.0007815469415912062,0.005001036212854259
1760,88.0,0.0007147377922609651,0.005001036174313568
1761,88.05000000000001,0.0006636000932448469,0.005001036131197354
1762,88.10000000000001,0.0006239617329566683,0.005001036082835872
1763,88.15,0.0005928372045625271,0.0050010360284417806
1764,88.2,0.0005680868651978534,0.005001035967088214
1765,88.25,0.0005481662478837982,0.005001035897677687
1766,88.30000000000001,0.0005319495480981988,0.005001035818905552
1767,88.35000000000001,0.0005186071850037134,0.005001035729213608
1768,88.4,0.0005075210414228769,0.0050010356267313014
1769,88.45,0.0004982255305140297,0.005001035509205029
1770,88.5,0.0004903663072276469,0.005001035373899059
1771,88.55000000000001,0.0004836710747311113,0.005001035217481166
1772,88.60000000000001,0.00047792873801582247,0.005001035035864237
1773,88.65,0.00047297436792488774,0.005001034824006088
1774,88.7,0.0004686782483695081,0.005001034575646555
1775,88.75,0.0004649378214489885,0.005001034282962348
1776,88.80000000000001,0.00046167170991253027,0.005001033936103275
1777,88.85000000000001,0.00045881524366063166,0.005001033522579941
1778,88.9,0.0004563170862239558,0.005001033026427464
1779,88.95,0.00045413667397956005,0.005001032427071275
1780,89.0,0.0004522422625530632,0.005001031697762296
1781,89.05000000000001,0.0004506094325420493,0.005001030803400149
1782,89.10000000000001,0.0004492199481037933,0.005001029697469775
1783,89.15,0.00044806089208200073,0.005001028317690061
1784,89.2,0.00044712402384284943,0.005001026579730573
1785,89.25,0.00044640532313524104,0.005001024368052172
1786,89.30000000000001,0.0004459046969494494,0.005001021522344606
1787,89.35000000000001,0.0004456258376541001,0.0050010178171421135
1788,89.4,0.00044557623074247736,0.005001012930691186
1789,89.45,0.0004457673200467976,0.005001006396582126
1790,89.5,0.00044621484814270646,0.005000997527152512
1791,89.55000000000001,0.0004469394006693342,0.005000985289789805
1792,89.60000000000001,0.0004479671965063153,0.00500096810273013
1793,89.65,0.0004493311824602749,0.00500094349013347
1794,89.7,0.00045107251323840615,0.00500090748487998
1795,89.75,0.00045324252751606617,0.005000853567367378
1796,89.80000000000001,0.0004559053726541754,0.005000770729111955
1797,89.85000000000001,0.0004591414895075331,0.005000639847496758
1798,89.9,0.00046305225282606665,0.0050004267526741935
1799,89.95,0.0004677661841628672,0.0050000688552687324
1800,90.0,0.0004734473311594642,0.004999450061356129
1801,90.05000000000001,0.000480306667632701,0.0049983603881383724
1802,90.10000000000001,0.0004886177560074907,0.004996477519837772
1803,90.15,0.0004987384938791194,0.0049937196547947165
1804,90.2,0.0005111416425712433,0.004993284453696016
1805,90.25,0.0005264581648868953,0.005018720329569695
1806,90.30000000000001,0.0005455394164055419,0.00513345158023147
1807,90.35000000000001,0.0005695472686261963,0.004897212593719748
1808,90.4,0.0006000856822177788,0.005270190509756446
1809,90.45,0.0006393933068842384,0.006124684838547176
1810,90.5,0.0006906234419856923,0.006088056488009349
1811,90.55000000000001,0.0007582397598980005,0.00606815310991347
1812,90.60000000000001,0.0008485324743523173,0.006070088951202336
1813,90.65,0.0009701356354583622,0.006073564276663234
1814,90.7,0.001133946119605666,0.006075780950892687
1815,90.75,0.0013501312070228909,0.0060770163792003735
1816,90.80000000000001,0.0016139614249966235,0.006077687442634191
1817,90.85000000000001,0.001852188222605916,0.006078048424876166
1818,90.9,0.0017419354071181524,0.0060782362568774125
1819,90.95,0.00021789812853897792,0.006078321092650711
1820,91.0,0.004976989214996279,0.006078333340552894
1821,91.05000000000001,0.013338971942519814,0.006078274818745311
1822,91.10000000000001,0.013879469716904323,0.006078119211468335
1823,91.15,0.005642275397903049,0.006077799882326549
1824,91.2,4.394564666653014e-05,0.006077173613325204
1825,91.25,0.0016914463613581204,0.006075933202740072
1826,91.30000000000001,0.001864726300443293,0.006073430353950065
1827,91.35000000000001,0.0016379994270426857,0.006068589647298227
1828,91.4,0.0013721564121079869,0.006063078794970668
1829,91.45,0.0011516702617801464,0.006100155290641384
1830,91.5,0.0009840584952909136,0.006444784539089775
1831,91.55000000000001,0.0008595970353148064,0.005376212103982859
1832,91.60000000000001,0.0007672638687245251,0.00855837447079959
1833,91.65,0.0006982153482537609,0.008510816831280557
1834,91.7,0.0006459826856633357,0.008427007625258371
1835,91.75,0.0006059702557476174,0.008431578642280235
1836,91.80000000000001,0.000574931509878544,0.008438936536287647
1837,91.85000000000001,0.0005505625398057474,0.00844280433585861
1838,91.9,0.0005312134152103106,0.008443389480906527
1839,91.95,0.0005156893725474225,0.008441962183855302
1840,92.0,0.0005031150165301726,0.008442407648190191
1841,92.05000000000001,0.0004928413779246253,0.008445078339183587
1842,92.10000000000001,0.0004843818557877156,0.008446704834221306
1843,92.15,0.00047736764797541825,0.008446861032216818
1844,92.2,0.0004715164116431709,0.008446585169576146
1845,92.25,0.00046660998442754414,0.008446364354621731
1846,92.30000000000001,0.00046247837388970246,0.00844625217607111
1847,92.35000000000001,0.0004589881299735906,0.008446203707191442
1848,92.4,0.00045603381577365615,0.0084461821215816
1849,92.45,0.0004535316924225328,0.008446169068895523
1850,92.5,0.00045141500346418037,0.008446157663295041
1851,92.55000000000001,0.0004496304272471546,0.008446146721286445
1852,92.60000000000001,0.00044813539171201954,0.008446137608878688
1853,92.65,0.00044689603323570565,0.00844613251575064
1854,92.7,0.00044588564250074806,0.008446133354771438
1855,92.75,0.0004450834839063983,0.008446141038075106
1856,92.80000000000001,0.0004444739063756105,0.008446155164107174
1857,92.85000000000001,0.0004440456863636225,0.008446174160744755
1858,92.9,0.00044379156100385954,0.008446195784572227
1859,92.95,0.000443707922505568,0.008446217742101502
1860,93.0,0.0004437946554278362,0.008446238188988915
1861,93.05000000000001,0.0004440551073392371,0.008446255973051929
1862,93.10000000000001,0.0004444961913817068,0.00844627062714415
1863,93.15,0.00044512862711727097,0.008446282206221836
1864,93.2,0.0004459673344186314,0.00844629107698159
1865,93.25,0.00044703200475276734,0.008446297734904613
1866,93.30000000000001,0.00044834788597299455,0.008446302679691273
1867,93.35000000000001,0.0004499468316840669,0.008446306348389493
1868,93.4,0.00045186868600544593,0.008446309091129908
1869,93.45,0.00045416310117489804,0.008446311172177791
1870,93.5,0.00045689192198048725,0.008446312782823522
1871,93.55000000000001,0.0004601323218292367,0.00844631405759134
1872,93.60000000000001,0.0004639809467425166,0.00844631508936147
1873,93.65,0.0004685594251773584,0.00844631594170421
1874,93.7,0.0004740217472325959,0.008446316658142104
1875,93.75,0.00048056422741460543,0.008446317268761895
1876,93.80000000000001,0.0004884390717285078,0.008446317794739915
1877,93.85000000000001,0.0004979730184942631,0.008446318251373005
1878,93.9,0.0005095931801754644,0.008446318650055113
1879,93.95,0.0005238631751082594,0.008446318999556788
1880,94.0,0.0005415340258133767,0.00844631930684311
1881,94.05000000000001,0.0005636162405675114,0.008446319577596782
1882,94.10000000000001,0.0005914820097604089,0.008446319816563437
1883,94.15,0.0006270090946329268,0.00844632002776561
1884,94.2,0.0006727787241964698,0.008446320214656865
1885,94.25,0.0007323315899887951,0.008446320380227848
1886,94.30000000000001,0.0008104464082426963,0.008446320527076974
1887,94.35000000000001,0.0009132650097392562,0.008446320657473992
1888,94.4,0.0010476315794300671,0.008446320773402469
1889,94.45,0.0012175741382956654,0.008446320876598532
1890,94.5,0.0014113842270611526,0.008446320968580447
1891,94.55000000000001,0.0015593912720216828,0.008446321050681242
1892,94.60000000000001,0.0014081922317495624,0.008446321124065018
1893,94.65,0.00021802056565968492,0.008446321189753981
1894,94.7,0.0034884053592139693,0.008446321248643045
1895,94.75,0.00987428284576405,0.008446321301515984
1896,94.80000000000001,0.012487734869309288,0.008446321349059533
1897,94.85000000000001,0.007241279693792667,0.008446321391876649
1898,94.9,0.0016069482983284559,0.008446321430496702
1899,94.95,0.0008960607078931388,0.008446321465381936
1900,95.0,0.0015333424890708479,0.008446321496941057
1901,95.05000000000001,0.001513016812141716,0.00844632152552959
1902,95.10000000000001,0.001331218327057308,0.008446321551463626
1903,95.15,0.0011435915599078276,0.00844632157501864
1904,95.2,0.0009880509828957187,0.008446321596437649
1905,95.25,0.0008672958259270738,0.008446321615934102
1906,95.30000000000001,0.0007753816160073361,0.008446321633695955
1907,95.35000000000001,0.0007055555010377071,0.008446321649888901
1908,95.4,0.0006522070052029263,0.008446321664658411
1909,95.45,0.0006110819182997944,0.008446321678132111
1910,95.5,0.0005790566309560803,0.008446321690421314
1911,95.55000000000001,0.0005538587616672594,0.008446321701625096
1912,95.60000000000001,0.0005338333444135871,0.008446321711829448
1913,95.65,0.0005177677264827222,0.008446321721108804
1914,95.7,0.0005047658184014191,0.008446321729528422
1915,95.75,0.0004941591604240986,0.008446321737145573
1916,95.80000000000001,0.000485444219429935,0.008446321744007161
1917,95.85000000000001,0.0004782380421410076,0.008446321750154822
1918,95.9,0.00047224669188747993,0.008446321755623222
1919,95.95,0.00046724260430741773,0.008446321760440405
1920,96.0,0.0004630481997603119,0.008446321764629991
1921,96.05000000000001,0.0004595239177815425,0.008446321768208974
1922,96.10000000000001,0.00045655940384552374,0.008446321771190441
1923,96.15,0.00045406696412933717,0.008446321773582888
1924,96.2,0.00045197666782845224,0.008446321775390054
1925,96.25,0.0004502326583521293,0.008446321776611598
1926,96.30000000000001,0.00044879036088951675,0.008446321777243443
1927,96.35000000000001,0.0004476143621871938,0.008446321777276243
1928,96.4,0.0004466768008588532,0.008446321776698268
1929,96.45,0.0004459561512591124,0.00844632177549202
1930,96.5,0.000445436316353946,0.00844632177363625
1931,96.55000000000001,0.0004451059689255003,0.008446321771105469
1932,96.60000000000001,0.00044495809851424745,0.00844632176786943
1933,96.65,0.00044498973555396167,0.008446321763892442
1934,96.7,0.0004452018356728354,0.008446321759133039
1935,96.75,0.0004455993170979354,0.008446321753544659
1936,96.80000000000001,0.0004461912534653768,0.008446321747072919
1937,96.85000000000001,0.0004469912339197654,0.00844632173965596
1938,96.9,0.00044801791297844896,0.008446321731225125
1939,96.95,0.00044929578531346936,0.008446321721700033
1940,97.0,0.0004508562364333762,0.008446321710990443
1941,97.05000000000001,0.00045273894101723365,0.00844632169899473
1942,97.10000000000001,0.00045499370842647184,0.008446321685595974
1943,97.15,0.00045768291302689156,0.008446321670661111
1944,97.2,0.0004608846998598879,0.00844632165403906
1945,97.25,0.00046469723069987736,0.008446321635556312
1946,97.30000000000001,0.0004692443415290744,0.008446321615013866
1947,97.35000000000001,0.0004746831346824452,0.008446321592184844
1948,97.4,0.0004812142495210799,0.008446321566806182
1949,97.45,0.0004890958774316508,0.008446321538576227
1950,97.5,0.0004986630595679883,0.008446321507146089
1951,97.55000000000001,0.0005103545012762901,0.008446321472110288
1952,97.60000000000001,0.000524750158479965,0.008446321432999612
1953,97.65,0.0005426243336571345,0.008446321389266336
1954,97.7,0.0005650211077375637,0.008446321340271479
1955,97.75,0.0005933616762632787,0.008446321285267806
1956,97.80000000000001,0.0006295961265718188,0.008446321223376883
1957,97.85000000000001,0.0006764132983626136,0.0084463211535658
1958,97.9,0.0007375142172140812,0.008446321074613867
1959,97.95,0.0008179133310913136,0.00844632098507572
1960,98.0,0.0009240826506778418,0.008446320883232227
1961,98.05000000000001,0.0010632631284723047,0.008446320767036263
1962,98.10000000000001,0.0012397015573355334,0.008446320634036749
1963,98.15,0.0014406533431874703,0.008446320481289437
1964,98.2,0.0015901650673796073,0.008446320305246105
1965,98.25,0.0014104862914821074,0.008446320101611629
1966,98.30000000000001,9.106216929342851e-05,0.008446319865166578
1967,98.35000000000001,0.003939864251983314,0.008446319589542022
1968,98.4,0.01055163579023125,0.008446319266928608
1969,98.45,0.012543571539345972,0.008446318887709475
1970,98.5,0.006731613055761985,0.008446318439985437
1971,98.55000000000001,0.0012255175145877688,0.008446317908960471
1972,98.60000000000001,0.0010576766984015165,0.008446317276141636
1973,98.65,0.0015841094795198834,0.008446316518293579
1974,98.7,0.0015221331768787774,0.008446315606072542
1975,98.75,0.0013270213156389467,0.008446314502209343
1976,98.80000000000001,0.0011361867029866491,0.00844631315911625
1977,98.85000000000001,0.0009807237081388667,0.00844631151569325
1978,98.9,0.0008609341009960547,0.008446309493069128
1979,98.95,0.000770075189744258,0.00844630698891011
1980,99.0,0.0007011598953361643,0.008446303869808313
1981,99.05000000000001,0.0006485360644451409,0.008446299961150804
1982,99.10000000000001,0.0006079679277827292,0.008446295033724594
1983,99.15,0.0005763641206042641,0.00844628878630163
1984,99.2,0.0005514831280036475,0.008446280823650482
1985,99.25,0.0005316954226509155,0.008446270630327848
1986,99.30000000000001,0.0005158081065268656,0.008446257543043909
1987,99.35000000000001,0.0005029400213689902,0.008446240730355764
1988,99.4,0.0004924338500674832,0.008446219201883563
1989,99.45,0.00048379432522425335,0.008446191898260931
1990,99.5,0.0004766446061812332,0.008446157972338738
1991,99.55000000000001,0.0004706952647441875,0.008446117484882547
1992,99.60000000000001,0.0004657220480959092,0.008446072921385089
1993,99.65,0.00046154978991381373,0.008446032119555302
1994,99.7,0.00045804066260180984,0.008446012879067266
1995,99.75,0.00045508552210618287,0.008446046680619783
1996,99.80000000000001,0.00045259747668446756,0.008446167532381484
1997,99.85000000000001,0.0004505070705692884,0.008446341510902322
1998,99.9,0.0004487586519691647,0.008446259361830815
1999,99.95,0.0004473076186170372,0.008445070287190238
2000,100.0,0.0004461183206519677,0.00844192255138904
2001,100.05000000000001,0.00044516246175448277,0.008438506586837414
2002,100.10000000000001,0.0004444178831349251,0.008439910857165233
2003,100.15,0.00044386764652769377,0.008447696530128787
2004,100.2,0.00044349935554408563,0.008456483250318494
2005,100.25,0.00044330467207124165,0.008461909627441918
2006,100.30000000000001,0.0004432789977692955,0.008464186126956303
2007,100.35000000000001,0.00044342130139714557,0.008464939449853045
2008,100.4,0.0004437340816868739,0.008465188148764137
2009,100.45,0.00044422346361517364,0.008465312358256784
2010,100.5,0.0004448994338409839,0.008465410487650238
2011,100.55000000000001,0.0004457762295401248,0.008465497318287253
2012,100.60000000000001,0.00044687290453319136,0.008465571613000072
2013,100.65,0.0004482141084219348,0.008465632310984784
2014,100.7,0.00044983112951576257,0.00846568029979055
2015,100.75,0.0004517632722327705,0.008465717504585737
2016,100.80000000000001,0.0004540596665252096,0.008465746059825294
2017,100.85000000000001,0.0004567816438233739,0.008465767895305794
2018,100.9,0.00046000586553112625,0.008465784599581838
2019,100.95,0.0004638284628196343,0.008465797417935074
2020,101.0,0.0004683705502273501,0.008465807301176177
2021,101.05000000000001,0.0004737856251113701,0.008465814965387513
2022,101.10000000000001,0.00048026958248670564,0.008465820946536144
2023,101.15,0.00048807439392010304,0.00846582564517184
2024,101.2,0.0004975269707833621,0.008465829361072708
2025,101.25,0.0005090554329664921,0.00846583231935188
2026,101.30000000000001,0.0005232260472762068,0.008465834689823117
2027,101.35000000000001,0.0005407956453112717,0.008465836601267967
2028,101.4,0.0005627865828260395,0.008465838151911174
2029,101.45,0.0005905944501499266,0.008465839417116173
2030,101.5,0.0006261427049503455,0.008465840455057416
2031,101.55000000000001,0.0006721019479303822,0.008465841310906063
2032,101.60000000000001,0.0007321895111360642,0.008465842019942802
2033,101.65,0.0008115393329373976,0.008465842609874675
2034,101.7,0.0009170236280597171,0.008465843102577326
2035,101.75,0.0010570256010411104,0.008465843515404746
2036,101.80000000000001,0.0012388878283511142,0.008465843862184455
2037,101.85000000000001,0.0014580961413821147,0.008465844153969837
2038,101.9,0.0016600313168870647,0.00846584439962542
2039,101.95,0.001617361693930022,0.008465844606262943
2040,102.0,0.0006007172492879919,0.00846584477958839
2041,102.05000000000001,0.0030494236583574904,0.00846584492416046
2042,102.10000000000001,0.01010189639136499,0.008465845043594674
2043,102.15,0.013659812153870498,0.008465845140713094
2044,102.2,0.007946201146598917,0.00846584521766022
2045,102.25,0.0016188570156229023,0.008465845275983716
2046,102.30000000000001,0.001068820767471975,0.008465845316686411
2047,102.35000000000001,0.001682314244354797,0.008465845340257398
2048,102.4,0.0016119353356791935,0.008465845346673738
2049,102.45,0.0013933179279755745,0.008465845335381077
2050,102.5,0.0011827146653710927,0.0084658453052459
2051,102.55000000000001,0.0010133141627851154,0.008465845254475655
2052,102.60000000000001,0.0008841419428579249,0.00846584518049912
2053,102.65,0.0007870048087085951,0.00846584507979628
2054,102.7,0.0007138495090286216,0.00846584494766466
2055,102.75,0.0006583177180122943,0.008465844777890327
2056,102.80000000000001,0.0006157193455693335,0.008465844562305345
2057,102.85000000000001,0.0005826713836460352,0.008465844290162906
2058,102.9,0.0005567433978683948,0.008465843947279632
2059,102.95,0.0005361817552123088,0.008465843514828472
2060,103.0,0.000519710704421723,0.008465842967622966
2061,103.05000000000001,0.0005063928332225934,0.008465842271667192
2062,103.10000000000001,0.0004955319760034624,0.00846584138058663
2063,103.15,0.00048660558099330504,0.008465840230377974
2064,103.2,0.0004792173226695905,0.008465838731549985
2065,103.25,0.0004730636252267505,0.008465836757171446
2066,103.30000000000001,0.0004679097912367965,0.008465834124350691
2067,103.35000000000001,0.0004635728124937466,0.008465830564973251
2068,103.4,0.00045990887125222865,0.008465825678440411
2069,103.45,0.00045680416568170425,0.008465818853515151
2070,103.5,0.00045416811491782907,0.00846580913567322
2071,103.55000000000001,0.0004519282848486356,0.008465794995396935
2072,103.60000000000001,0.000450026570981795,0.008465773910473122
2073,103.65,0.0004484163092659976,0.008465741586240702
2074,103.7,0.00044706007930798845,0.008465690442985153
2075,103.75,0.00044592803017081783,0.008465606555659647
2076,103.80000000000001,0.00044499660563542405,0.008465463176010067
2077,103.85000000000001,0.0004442475793255444,0.008465206367915305
2078,103.9,0.00044366733456032255,0.008464721795908525
2079,103.95,0.0004432463418631635,0.008463756571435235
2080,104.0,0.000442978800803371,0.008461750361929555
2081,104.05000000000001,0.00044286242356468276,0.008457700916962912
2082,104.10000000000001,0.00044289834639635827,0.008453180995169054
2083,104.15,0.0004430911627264232,0.008496758103779416
2084,104.2,0.00044344907881533344,0.008899017277839406
2085,104.25,0.0004439842000425358,0.007292719691157881
2086,104.30000000000001,0.00044471296386439617,0.010121505599305693
2087,104.35000000000001,0.00044565674484934816,0.009805781048342054
2088,104.4,0.0004468426688448084,0.009766760965822166
2089,104.45,0.00044830468841651483,0.009772342955671594
2090,104.5,0.00045008499174495353,0.009776715492502187
2091,104.55000000000001,0.0004522358443947424,0.009778831050720126
2092,104.60000000000001,0.0004548220008544494,0.00977983752139819
2093,104.65,0.0004579238751263009,0.009780339252368266
2094,104.7,0.0004616417335209925,0.009780603813058094
2095,104.75,0.0004661012782318943,0.009780750939291613
2096,104.80000000000001,0.00047146114200079784,0.009780836736722144
2097,104.85000000000001,0.0004779230347694834,0.009780888894537945
2098,104.9,0.00048574560631933506,0.00978092177359285
2099,104.95,0.0004952635656830112,0.009780943167142472
2100,105.0,0.0005069143048091525,0.009780957479643998
2101,105.05000000000001,0.0005212753222730797,0.009780967292151912
2102,105.10000000000001,0.0005391172879599406,0.009780974166856483
2103,105.15,0.0005614798219889582,0.009780979076993448
2104,105.2,0.0005897801317935945,0.009780982644800703
2105,105.25,0.0006259683792789838,0.00978098527750471
2106,105.30000000000001,0.0006727465410456784,0.009780987247297526
2107,105.35000000000001,0.0007338636628566773,0.009780988739636442
2108,105.4,0.0008144697244339283,0.009780989883106887
2109,105.45,0.0009213879169165114,0.009780990768302519
2110,105.5,0.0010627431256951378,0.009780991459991385
2111,105.55000000000001,0.0012449949349620873,0.009780992005114586
2112,105.60000000000001,0.0014609311017561417,0.009780992438122308
2113,105.65,0.0016481076053147868,0.009780992784597141
2114,105.7,0.0015582227260007068,0.009780993063749186
2115,105.75,0.0004186808795566999,0.009780993290154392
2116,105.80000000000001,0.003436755912737006,0.009780993474986458
2117,105.85000000000001,0.010438423277776662,0.009780993626893065
2118,105.9,0.013343189866268484,0.009780993752631797
2119,105.95,0.007434705617684025,0.009780993857537139
2120,106.0,0.0014124180583259744,0.00978099394585799
2121,106.05000000000001,0.0010857084174163932,0.009780994021013244
2122,106.10000000000001,0.0016453668803190966,0.009780994085783668
2123,106.15,0.0015702594424724895,0.009780994142449208
2124,106.2,0.0013584994858021574,0.009780994192902678
2125,106.25,0.001155627096361728,0.009780994238725393
2126,106.30000000000001,0.000992556015452022,0.00978099428124715
2127,106.35000000000001,0.0008682059354509705,0.009780994321589739
2128,106.4,0.0007747020249004617,0.009780994360694127
2129,106.45,0.0007043082690865837,0.009780994399336612
2130,106.5,0.0006509064351722126,0.009780994438133914
2131,106.55000000000001,0.0006099754886381454,0.009780994477536211
2132,106.60000000000001,0.0005782495192375353,0.009780994517812011
2133,106.65,0.0005533795952195124,0.009780994559022154
2134,106.7,0.0005336695940897395,0.009780994600979193
2135,106.75,0.0005178850498231509,0.00978099464320474
2136,106.80000000000001,0.0005051187369733131,0.009780994684864722
2137,106.85000000000001,0.000494696983620023,0.009780994724706659
2138,106.9,0.0004861143413450135,0.009780994760980828
2139,106.95,0.0004789877971569104,0.009780994791363101
2140,107.0,0.0004730244471372557,0.009780994812876769
2141,107.05000000000001,0.00046799848767370693,0.00978099482182066
2142,107.10000000000001,0.00046373470512649256,0.009780994813722401
2143,107.15,0.0004600965394517609,0.009780994783315997
2144,107.2,0.00045697739956681357,0.009780994724574443
2145,107.25,0.0004542943143640533,0.009780994630799808
2146,107.30000000000001,0.00045198327853846485,0.009780994494802003
2147,107.35000000000001,0.0004499958400720476,0.009780994309174097
2148,107.4,0.00044829660514835405,0.009780994066677233
2149,107.45,0.00044686142559940587,0.009780993760736172
2150,107.5,0.0004456760966881268,0.009780993386034612
2151,107.55000000000001,0.00044473543786427357,0.009780992939183736
2152,107.60000000000001,0.00044404266239344865,0.00978099241940266
2153,107.65,0.00044360896779104155,0.009780991829155716
2154,107.7,0.0004434533012281872,0.009780991174648852
2155,107.75,0.0004436022749503251,0.009780990466099678
2156,107.80000000000001,0.0004440902282741669,0.009780989717687321
2157,107.85000000000001,0.00044495945643480085,0.009780988947130134
2158,107.9,0.0004462606537404941,0.009780988174865536
2159,107.95,0.0004480536501626759,0.009780987422857544
2160,108.0,0.0004504085579356989,0.009780986713139166
2161,108.05000000000001,0.00045340748943969154,0.009780986066224472
2162,108.10000000000001,0.0004571470620507306,0.009780985499577066
2163,108.15,0.0004617419736403604,0.009780985026314108
2164,108.2,0.00046733002012421036,0.009780984654321768
2165,108.25,0.000474079042837945,0.009780984385887639
2166,108.30000000000001,0.00048219645109398113,0.009780984217882064
2167,108.35000000000001,0.0004919421795999869,0.00978098414245779
2168,108.4,0.0005036462274106401,0.009780984148144057
2169,108.45,0.000517732292100723,0.009780984221195768
2170,108.5,0.0005347494333200743,0.009780984347008083
2171,108.55000000000001,0.000555414048447373,0.009780984511434335
2172,108.60000000000001,0.0005806643285310681,0.009780984701876194
2173,108.65,0.000611727707208201,0.009780984908046377
2174,108.7,0.0006501957811977332,0.009780985122385514
2175,108.75,0.0006980834134900385,0.00978098534010888
2176,108.80000000000001,0.0007578001777499575,0.009780985558944006
2177,108.85000000000001,0.0008318333337915932,0.009780985778599956
2178,108.9,0.0009216022860799979,0.00978098600003605
2179,108.95,0.001024058068072916,0.009780986224581747
2180,109.0,0.001122333218362735,0.009780986452944857
2181,109.05000000000001,0.0011613422639852491,0.009780986684134785
2182,109.10000000000001,0.0009891542351077713,0.00978098691427651
2183,109.15,0.00024391111398475886,0.009780987135307801
2184,109.2,0.0017196383327669495,0.009780987333500047
2185,109.25,0.005248574779737687,0.009780987487735203
2186,109.30000000000001,0.008444828840432564,0.009780987567494872
2187,109.35000000000001,0.007774150979348294,0.009780987530542972
2188,109.4,0.004081340310268507,0.009780987320388153
2189,109.45,0.0009439412091313362,0.00978098686388184
2190,109.5,0.0006057659853434272,0.00978098606985172
2191,109.55000000000001,0.0011483145070777805,0.009780984830785369
2192,109.60000000000001,0.0012561766389574814,0.00978098303183344
2193,109.65,0.0012158420194664067,0.009780980575745304
2194,109.7,0.0011424253660578597,0.00978097744056731
2195,109.75,0.001076808023178605,0.009780973801658434
2196,109.80000000000001,0.0010315978396747145,0.009780970273698215
2197,109.85000000000001,0.00100968355967876,0.009780968360068587
2198,109.9,0.0010112005849411067,0.009780971210822758
2199,109.95,0.0010358240738230831,0.009780984676311104
2200,110.0,0.0010828635551536738,0.00978101804670878
2201,110.05000000000001,0.0011494247469276482,0.009781081901657232
2202,110.10000000000001,0.001225108700699888,0.009781175839871174
2203,110.15,0.00127905779528396,0.0097812533250408
2204,110.2,0.0012312370040921845,0.009781164388425715
2205,110.25,0.0009007630541335784,0.009780663502119369
2206,110.30000000000001,3.3684255686500474e-05,0.009779697865814861
2207,110.35000000000001,0.0018502824110935632,0.009778881779730597
2208,110.4,0.0040259022028041125,0.009779152769088317
2209,110.45,0.004802578493631452,0.009780480831869866
2210,110.5,0.0033472897822590425,0.009781857287813661
2211,110.55000000000001,0.001188757492877335,0.009782621281186312
2212,110.60000000000001,0.00026609794519017816,0.009782843226799738
2213,110.65,0.0008968770547044799,0.00978281697145084
2214,110.7,0.001046259560501672,0.009782729477340468
2215,110.75,0.0009825272118290228,0.009782641167589614
2216,110.80000000000001,0.0008387664541941651,0.009782549484743672
2217,110.85000000000001,0.000668367267850464,0.009782436904047861
2218,110.9,0.0004895297471620819,0.009782300073446281
2219,110.95,0.0003086740109211705,0.009782165972354264
2220,111.0,0.00013163303068526586,0.009782085836753617
2221,111.05000000000001,3.1721796239055765e-05,0.009782100942488065
2222,111.10000000000001,0.0001676172259131569,0.009782204565418458
2223,111.15,0.0002624497909900318,0.009782338134086887
2224,111.2,0.0003084513304224532,0.009782422300843483
2225,111.25,0.00030713691004217715,0.009782383038425761
2226,111.30000000000001,0.0002681425412299316,0.009782140007069232
2227,111.35000000000001,0.00020471397163500873,0.009781544639931878
2228,111.4,0.0001292107074021948,0.009780225944534319
2229,111.45,5.0837042190239876e-05,0.009777162621432502
2230,111.5,2.447598359535783e-05,0.009769360874658206
2231,111.55000000000001,9.321302910407338e-05,0.009748257509392016
2232,111.60000000000001,0.00015338389578477109,0.009712061950906122
2233,111.65,0.00020393718979465155,0.010374260816059565
2234,111.7,0.0002444447470446186,0.010320136157950318
2235,111.75,0.00027493329084840986,0.03160648420298949
2236,111.80000000000001,0.00029577761437113475,0.02925892870638372
2237,111.85000000000001,0.00030762183404130504,0.029242973402321966
2238,111.9,0.0003113237863696315,0.029276930314856068
2239,111.95,0.0003079239527945949,0.029289803856237685
2240,112.0,0.0002986352735388518,0.029294660106672175
2241,112.05000000000001,0.0002848423146778077,0.02929668169108857
2242,112.10000000000001,0.0002680923106015799,0.029297609915241853
2243,112.15,0.00025005945957524116,0.029298073421273888
2244,112.2,0.00023246926887359452,0.029298321548323743
2245,112.25,0.00021698181676871198,0.029298462166345702
2246,112.30000000000001,0.00020504869546504744,0.029298545578946573
2247,112.35000000000001,0.0001977722359390312,0.029298596777713928
2248,112.4,0.00019580069309568874,0.029298628839279205
2249,112.45,0.00019928583340664366,0.029298648874993075
2250,112.5,0.00020791223667787997,0.029298660823500883
2251,112.55000000000001,0.00022098802422596513,0.02929866681412702
2252,112.60000000000001,0.0002375726969200663,0.02929866783807335
2253,112.65,0.00025661353159522015,0.029298664054738216
2254,112.7,0.0002770666265327175,0.029298654880824115
2255,112.75,0.00029798808448332453,0.02929863893128143
2256,112.80000000000001,0.00031859060110950624,0.029298613867775672
2257,112.85000000000001,0.000338268129284462,0.029298576299404366
2258,112.9,0.0003565954560494779,0.029298522256827872
2259,112.95,0.0003733108675775574,0.029298450034697943
2260,113.0,0.00038828950525023965,0.029298371190895536
2261,113.05000000000001,0.00040151345365462546,0.029298346702367414
2262,113.10000000000001,0.0004130427490276646,0.02929858715120558
2263,113.15,0.00042298978966888494,0.029299623404369392
2264,113.2,0.00043149827818915275,0.029301909782221875
2265,113.25,0.00043872688098035194,0.02930168537106269
2266,113.30000000000001,0.0004448372121215487,0.029288390781066966
2267,113.35000000000001,0.0004499854549153877,0.029286965859859362
2268,113.4,0.00045431683506592675,0.02931897288323287
2269,113.45,0.0004579621773802418,0.029334947655869612
2270,113.5,0.0004610358530808452,0.02933582538521611
2271,113.55000000000001,0.0004636345162798871,0.0293348366724806
2272,113.60000000000001,0.000465836109507606,0.029334481019050722
2273,113.65,0.00046769867360259667,0.029334488041293533
2274,113.7,0.00046925851738293794,0.029334587724474805
2275,113.75,0.0004705272812438547,0.029334685015012983
2276,113.80000000000001,0.0004714873613707156,0.029334759276118026
2277,113.85000000000001,0.0004720850437066149,0.029334811766296317
2278,113.9,0.00047222052755590464,0.029334847976239115
2279,113.95,0.0004717338031430066,0.029334872883403112
2280,114.0,0.00047038510860085295,0.029334890133243186
2281,114.05000000000001,0.0004678284910809734,0.02933490221577866
2282,114.10000000000001,0.00046357697177679813,0.029334910791757457
2283,114.15,0.00045695824599964257,0.029334916963843327
2284,114.2,0.0004470612640715079,0.02933492146755783
2285,114.25,0.0004326773527305694,0.0293349247980054
2286,114.30000000000001,0.00041224619135386446,0.029334927292229765
2287,114.35000000000001,0.00038382888662285154,0.029334929182467523
2288,114.4,0.0003451493952505839,0.02933493063070099
2289,114.45,0.0002937712258093865,0.02933493175126951
2290,114.5,0.0002275013761242154,0.02933493262579107
2291,114.55000000000001,0.00014511577442231297,0.029334933313150315
2292,114.60000000000001,4.743659070302134e-05,0.029334933856238463
2293,114.65,6.139365921326854e-05,0.029334934286578428
2294,114.7,0.0001729172646717549,0.029334934627525892
2295,114.75,0.00027444542650564347,0.029334934896525076
2296,114.80000000000001,0.0003509991812920444,0.029334935106712694
2297,114.85000000000001,0.00038914301544507317,0.029334935268087805
2298,114.9,0.0003814175656846684,0.029334935388361023
2299,114.95,0.0003291436063381122,0.02933493547360099
2300,115.0,0.00024194639646230287,0.029334935528712917
2301,115.05000000000001,0.00013428135040393876,0.029334935557813316
2302,115.10000000000001,2.093799936709694e-05,0.029334935564501733
2303,115.15,8.637354276285556e-05,0.029334935552069438
2304,115.2,0.00018041948884048924,0.029334935523634705
2305,115.25,0.00025813524743069295,0.029334935482225558
2306,115.30000000000001,0.00031946564590567834,0.029334935430800697
2307,115.35000000000001,0.0003660909264022788,0.029334935372226707
2308,115.4,0.0004004241293806228,0.02933493530919921
2309,115.45,0.0004249716035545447,0.02933493524414294
2310,115.5,0.00044199775573667383,0.029334935179067642
2311,115.55000000000001,0.0004533939093808775,0.029334935115420197
2312,115.60000000000001,0.0004606633012067419,0.029334935053934075
2313,115.65,0.00046496149132354864,0.02933493499448879
2314,115.7,0.00046715620895229057,0.029334934935989234
2315,115.75,0.00046788800479550825,0.02933493487627272
2316,115.80000000000001,0.00046762358453778647,0.029334934812036594
2317,115.85000000000001,0.00046669937082398767,0.029334934738780617
2318,115.9,0.0004653555564715797,0.029334934650749687
2319,115.95,0.0004637619910941643,0.029334934540846343
2320,116.0,0.0004620374997010835,0.0293349344004902
2321,116.05000000000001,0.00046026412131927846,0.02933493421938225
2322,116.10000000000001,0.0004584975145163368,0.029334933985124864
2323,116.15,0.00045677451703532597,0.029334933682648924
2324,116.2,0.0004551186149387338,0.02933493329336683
2325,116.25,0.0004535438869864759,0.0293349327939569
2326,116.30000000000001,0.0004520578419816236,0.029334932154635396
2327,116.35000000000001,0.00045066345476489975,0.029334931336722613
2328,116.4,0.00044936062321393575,0.02933493028921719
2329,116.45,0.0004481472074094592,0.029334928943928952
2330,116.5,0.000447019767529754,0.029334927208551735
2331,116.55000000000001,0.0004459740846965949,0.02933492495670256
2332,116.60000000000001,0.00044500552558920573,0.029334922013494205
2333,116.65,0.0004441092947768711,0.029334918134499434
2334,116.7,0.0004432806065013082,0.029334912974964246
2335,116.75,0.000442514798864764,0.029334906044774216
2336,116.80000000000001,0.00044180740700289396,0.02933489664319887
2337,116.85000000000001,0.0004411542072330358,0.029334883766659617
2338,116.9,0.0004405512408401752,0.029334865986021617
2339,116.95,0.000439994823753626,0.029334841306715154
2340,117.0,0.00043948154661109897,0.029334807083892654
2341,117.05000000000001,0.00043900826845095554,0.029334760245649193
2342,117.10000000000001,0.00043857210633927373,0.02933469859741445
2343,117.15,0.0004381704225844138,0.029334625389159853
2344,117.2,0.0004378008106902726,0.029334562755809732
2345,117.25,0.00043746108085953125,0.02933458575881413
2346,117.30000000000001,0.00043714924561365296,0.029334885743750434
2347,117.35000000000001,0.00043686350588260074,0.02933576829301122
2348,117.4,0.0004366022378234381,0.029336954296698036
2349,117.45,0.0004363639805132821,0.029334993201699817
2350,117.5,0.0004361474245983515,0.0293253147417356
2351,117.55000000000001,0.0004359514019451643,0.02932419053283067
2352,117.60000000000001,0.00043577487630085246,0.029346366398435433
2353,117.65,0.00043561693495494587,0.02936429676412743
2354,117.7,0.00043547678138444225,0.02936908407806053
2355,117.75,0.00043535372885497245,0.029369322689585198
2356,117.80000000000001,0.00043524719494967954,0.02936913347471435
2357,117.85000000000001,0.00043515669700185187,0.029369131314902996
2358,117.9,0.0004350818484107448,0.029369228428234927
2359,117.95,0.0004350223558174808,0.029369338704283227
2360,118.0,0.00043497801713694863,0.029369430939370063
2361,118.05000000000001,0.00043494872044196227,0.029369500330006397
2362,118.10000000000001,0.0004349344437081778,0.029369550413847142
2363,118.15,0.0004349352554287743,0.02936958607011813
2364,118.2,0.00043495131613492736,0.029369611449591198
2365,118.25,0.0004349828808599714,0.029369629636820587
2366,118.30000000000001,0.00043503030259466475,0.02936964280606189
2367,118.35000000000001,0.0004350940368034055,0.02936965245714252
2368,118.4,0.00043517464708704587,0.029369659615809524
2369,118.45,0.00043527281209053474,0.029369664979833315
2370,118.5,0.00043538933377332647,0.029369669018837707
2371,118.55000000000001,0.00043552514719992307,0.02936967204013656
2372,118.60000000000001,0.00043568133199754967,0.029369674231294777
2373,118.65,0.0004358591257064769,0.0293696756878029
2374,118.7,0.0004360599392342279,0.029369676432594635
2375,118.75,0.00043628537469186593,0.0293696764331687
2376,118.80000000000001,0.00043653724592318614,0.029369675621390152
2377,118.85000000000001,0.00043681760207859335,0.029369673919701435
2378,118.9,0.00043712875465376115,0.02936967127458604
2379,118.95,0.00043747330844783944,0.029369667692972678
2380,119.0,0.0004378541969787368,0.02936966327047969
2381,119.05000000000001,0.0004382747229477266,0.029369658194731127
2382,119.10000000000001,0.000438738604408164,0.029369652706941973
2383,119.15,0.00043925002736940646,0.02936964701465793
2384,119.2,0.00043981370560322494,0.029369641166936897
2385,119.25,0.00044043494845925386,0.029369634921737966
2386,119.30000000000001,0.00044111973748548773,0.029369627640709835
2387,119.35000000000001,0.00044187481256605294,0.02936961823061647
2388,119.4,0.0004427077681037553,0.029369605118411014
2389,119.45,0.00044362715941326724,0.0293695862154354
2390,119.5,0.00044464261884435724,0.029369558813650734
2391,119.55000000000001,0.00044576498008902824,0.029369519373958788
2392,119.60000000000001,0.0004470064074297261,0.029369463225493785
2393,119.65,0.00044838052392218007,0.02936938434238102
2394,119.7,0.00044990252831872114,0.029369275760809766
2395,119.75,0.00045158928392988743,0.02936913228894647
2396,119.80000000000001,0.00045345935250767775,0.0293689600231956
2397,119.85000000000001,0.00045553293070397903,0.029368803799056178
2398,119.9,0.0004578316228047741,0.029368813860130443
2399,119.95,0.00046037794688462934,0.029369357263303406
2400,120.0,0.0004631944154154556,0.029370947262759416
2401,120.05000000000001,0.0004663019451887147,0.02937273498656209
2402,120.10000000000001,0.0004697172188699161,0.029367839692976825
2403,120.15,0.0004734484165613266,0.029349339714289473
2404,120.2,0.00047748842198837483,0.0293502841219145
2405,120.25,0.0004818041261058505,0.029396662544562944
2406,120.30000000000001,0.000486319714465461,0.02943545115355458
2407,120.35000000000001,0.0004908907090693936,0.02944768835299828
2408,120.4,0.0004952638725847554,0.02944945520858697
2409,120.45,0.0004990156735100959,0.02944957023762937
2410,120.5,0.0005014586933207964,0.02944976146806103
2411,120.55000000000001,0.0005015012210101837,0.029450047290818043
2412,120.60000000000001,0.0004974412291907514,0.02945031820870791
2413,120.65,0.00048667498199917396,0.029450533170267433
2414,120.7,0.0004653105738163542,0.029450691301535176
2415,120.75,0.0004277154335361216,0.029450804031388778
2416,120.80000000000001,0.00036612828491939544,0.02945088359629535
2417,120.85000000000001,0.00027068134487722855,0.029450939808073354
2418,120.9,0.00013054350507780635,0.029450979788403896
2419,120.95,6.269820402975434e-05,0.029451008500188124
2420,121.0,0.0003083897374191077,0.02945102934899725
2421,121.05000000000001,0.0005876360844786355,0.02945104466491456
2422,121.10000000000001,0.0008567611677063581,0.029451056048057343
2423,121.15,0.001053085212976195,0.02945106460526976
2424,121.2,0.0011189318175999347,0.02945107110924857
2425,121.25,0.0010328250723061177,0.029451076104916277
2426,121.30000000000001,0.0008227496394042243,0.029451079980624194
2427,121.35000000000001,0.0005489970210771684,0.029451083016085865
2428,121.4,0.0002725870216428916,0.029451085414868967
2429,121.45,3.3661876586446654e-05,0.02945108732662855
2430,121.5,0.00015196708203575563,0.02945108886247064
2431,121.55000000000001,0.00028540441918193613,0.029451090105653503
2432,121.60000000000001,0.0003756837736006332,0.02945109111912901
2433,121.65,0.0004336098362530239,0.029451091950906873
2434,121.7,0.0004687684316918869,0.029451092637898874
2435,121.75,0.0004885983527013659,0.029451093208705446
2436,121.80000000000001,0.0004984568007719916,0.02945109368565632
2437,121.85000000000001,0.0005020282546411364,0.029451094086299222
2438,121.9,0.0005017704566586762,0.029451094424526078
2439,121.95,0.0004992867922941215,0.02945109471139979
2440,122.0,0.0004956040662176006,0.029451094955786926
2441,122.05000000000001,0.0004913677820488596,0.02945109516483083
2442,122.10000000000001,0.00048697481232763836,0.02945109534432246
2443,122.15,0.0004826616903920402,0.029451095498977713
2444,122.2,0.0004785626156327518,0.029451095632658696
2445,122.25,0.0004747472398302239,0.029451095748542648
2446,122.30000000000001,0.0004712451305643092,0.029451095849249397
2447,122.35000000000001,0.0004680615232653773,0.029451095936960325
2448,122.4,0.00046518740345930393,0.029451096013482593
2449,122.45,0.0004626059097305767,0.02945109608032988
2450,122.5,0.000460296354722669,0.029451096138771487
2451,122.55000000000001,0.0004582367081066197,0.0294510961898721
2452,122.60000000000001,0.0004564050901001973,0.02945109623452748
2453,122.65,0.00045478063203584245,0.029451096273492516
2454,122.7,0.000453343935560227,0.02945109630740415
2455,122.75,0.00045207728076421,0.02945109633679804
2456,122.80000000000001,0.0004509646805539877,0.02945109636212708
2457,122.85000000000001,0.00044999184402480226,0.029451096383765654
2458,122.9,0.00044914608907188543,0.029451096402030877
2459,122.95,0.000448416229747136,0.029451096417181397
2460,123.0,0.00044779245429684474,0.029451096429428454
2461,123.05000000000001,0.00044726620360779044,0.02945109643894012
2462,123.10000000000001,0.0004468300557630993,0.029451096445846064
2463,123.15,0.0004464776198676038,0.02945109645023992
2464,123.2,0.0004462034406653829,0.0294510964521844
2465,123.25,0.00044600291451522237,0.02945109645171094
2466,123.30000000000001,0.0004458722166828676,0.02945109644882345
2467,123.35000000000001,0.00044580823961511455,0.02945109644350001
2468,123.4,0.00044580854170341483,0.029451096435689467
2469,123.45,0.0004458713060329471,0.02945109642531959
2470,123.5,0.00044599530862211205,0.029451096412291478
2471,123.55000000000001,0.0004461798957886061,0.029451096396482603
2472,123.60000000000001,0.00044642497035962816,0.02945109637775021
2473,123.65,0.0004467309866019932,0.02945109635592674
2474,123.7,0.00044709895391361725,0.02945109633082389
2475,123.75,0.0004475304494816652,0.029451096302236378
2476,123.80000000000001,0.00044802764033323537,0.029451096269938686
2477,123.85000000000001,0.00044859331540261034,0.029451096233691024
2478,123.9,0.0004492309285169557,0.029451096193240184
2479,123.95,0.00044994465347816814,0.029451096148320203
2480,124.0,0.00045073945277120114,0.029451096098655944
2481,124.05000000000001,0.00045162116182873377,0.029451096043959357
2482,124.10000000000001,0.0004525965912660409,0.029451095983923183
2483,124.15,0.00045367365009370335,0.029451095918207878
2484,124.2,0.0004548614936259839,0.02945109584640966
2485,124.25,0.0004561707006809569,0.029451095768012928
2486,124.30000000000001,0.0004576134857690257,0.02945109568229916
2487,124.35000000000001,0.0004592039533096845,0.029451095588206903
2488,124.4,0.0004609584026314386,0.029451095484115244
2489,124.45,0.00046289569462897837,0.02945109536750768
2490,124.5,0.00046503769369048793,0.029451095234491513
2491,124.55000000000001,0.00046740980191480513,0.029451095079112307
2492,124.60000000000001,0.00047004160706786156,0.029451094892417165
2493,124.65,0.0004729676713593774,0.0294510946612393
2494,124.7,0.0004762284954252445,0.029451094366701534
2495,124.75,0.0004798717013204175,0.029451093982530284
2496,124.80000000000001,0.00048395349065032567,0.029451093473409004
2497,124.85000000000001,0.000488540450039065,0.029451092793820875
2498,124.9,0.0004937117972479536,0.029451091888128
2499,124.95,0.0004995621890665308,0.02945109069295144
2500,125.0,0.0005062052488987318,0.02945108914317035
2501,125.05000000000001,0.0005137780206260224,0.02945108718277075
2502,125.10000000000001,0.0005224466198437652,0.029451084781132106
2503,125.15,0.0005324134388607644,0.029451081953774563
2504,125.2,0.0005439263739575542,0.02945107878414622
2505,125.25,0.0005572906891807206,0.0294510754401257
2506,125.30000000000001,0.0005728843163412088,0.02945107217695707
2507,125.35000000000001,0.0005911776172625838,0.029451069318928012
2508,125.4,0.0006127588888150704,0.029451067216834482
2509,125.45,0.0006383671243950711,0.029451066186666056
2510,125.5,0.0006689336208839993,0.029451066444096594
2511,125.55000000000001,0.0007056335997674634,0.029451068054487925
2512,125.60000000000001,0.0007499472973803102,0.029451070915332583
2513,125.65,0.0008037251261298437,0.0294510747774888
2514,125.7,0.0008692392696780854,0.02945107929788194
2515,125.75,0.0009491746657655688,0.029451084106194615
2516,125.80000000000001,0.0010464430891158176,0.02945108886591197
2517,125.85000000000001,0.0011635422715234232,0.029451093315656724
2518,125.9,0.0013008054917081568,0.02945109728596792
2519,125.95,0.001452018708759306,0.029451100694959903
2520,126.0,0.0015939363038657694,0.029451103530706135
2521,126.05000000000001,0.0016622107754108697,0.02945110582865911
2522,126.10000000000001,0.0014998527863559986,0.029451107650297986
2523,126.15,0.0007639916552806924,0.029451109066353058
2524,126.2,0.0011664263825877524,0.02945111014549221
2525,126.25,0.004973318286404319,0.02945111094787516
2526,126.30000000000001,0.010157042440480789,0.029451111522302183
2527,126.35000000000001,0.013464791871194953,0.02945111190565873
2528,126.4,0.01167701551911761,0.029451112123549998
2529,126.45,0.006715717031782942,0.029451112191342846
2530,126.5,0.0025849956775975676,0.02945111211510744
2531,126.55000000000001,0.0007246356533534823,0.029451111892148493
2532,126.60000000000001,0.000531912613088862,0.029451111510903138
2533,126.65,0.0007647423064288604,0.029451110950044473
2534,126.7,0.00047518077988597136,0.029451110176551703
2535,126.75,0.00026553317987733734,0.029451109142445205
2536,126.80000000000001,0.000909138146163754,0.029451107779627426
2537,126.85000000000001,0.0012329229607115977,0.02945110599200351
2538,126.9,0.0013117643906922353,0.029451103643494247
2539,126.95,0.0012676504755091294,0.029451100539704074
2540,127.0,0.0011791232542021452,0.02945109639955499
2541,127.05000000000001,0.0010839610767015867,0.02945109081075523
2542,127.10000000000001,0.00099714107651902,0.02945108315872161
2543,127.15,0.0009230869486584563,0.02945107251114389
2544,127.2,0.0008618907591407159,0.029451057427217108
2545,127.25,0.0008121112601972957,0.029451035637309848
2546,127.30000000000001,0.0007719329846508437,0.029451003498335713
2547,127.35000000000001,0.0007395951691511812,0.029450955064195466
2548,127.4,0.0007135074906644618,0.029450880523853404
2549,127.45,0.0006922338029851432,0.029450763745477792
2550,127.5,0.0006744184903986853,0.029450579256283336
2551,127.55000000000001,0.000658683125154149,0.029450292721633877
2552,127.60000000000001,0.000643501406409353,0.029449887216922408
2553,127.65,0.0006270544777799753,0.029449517905971667
2554,127.7,0.0006070730033858746,0.029450198141206523
2555,127.75,0.0005806889770205475,0.02945588434160173
2556,127.80000000000001,0.0005443551452118551,0.029471086677646915
2557,127.85000000000001,0.0004939493253745488,0.029446369928369007
2558,127.9,0.0004252601973702948,0.029397661621499874
2559,127.95,0.0003351097724610547,0.02958104894696813
2560,128.0,0.00022329240512970858,0.02963504429226117
2561,128.05,9.51113761079492e-05,0.02962912890304284
2562,128.1,3.654312451495439e-05,0.029626319946994335
2563,128.15,0.0001515424850219722,0.029626391850229358
2564,128.20000000000002,0.00022708934291925891,0.029626946790702595
2565,128.25,0.00024590334765909705,0.029627395063229284
2566,128.3,0.00020385152217211843,0.029627688535205157
2567,128.35,0.00011187204106310896,0.029627871283762514
2568,128.4,9.181965893827439e-06,0.02962798452953305
2569,128.45000000000002,0.00013701508014738213,0.02962805535329974
2570,128.5,0.0002545414479419843,0.029628100119335886
2571,128.55,0.0003523186106721636,0.029628128549436947
2572,128.6,0.00042757352393090343,0.02962814647254466
2573,128.65,0.0004818264860034512,0.029628157472535
2574,128.70000000000002,0.0005186259430468129,0.029628163844731423
2575,128.75,0.0005420003232061299,0.02962816714611683
2576,128.8,0.0005556315039714169,0.029628168505926974
2577,128.85,0.0005625328500037832,0.029628168790390225
2578,128.9,0.0005650097851999192,0.029628168676772964
2579,128.95000000000002,0.0005647474079374643,0.029628168673924732
2580,129.0,0.0005629363876070109,0.02962816911847034
2581,129.05,0.0005603945172444791,0.02962817016998776
2582,129.1,0.0005576677175797551,0.0296281718210031
2583,129.15,0.0005551073508511799,0.02962817392769272
2584,129.20000000000002,0.0005529261352408878,0.029628176257511903
2585,129.25,0.0005512365356917648,0.029628178543673268
2586,129.3,0.0005500753885110362,0.02962818053566275
2587,129.35,0.0005494177905849395,0.02962818203925439
2588,129.4,0.000549182462215128,0.02962818294678757
2589,129.45000000000002,0.0005492301060354346,0.029628183266448067
2590,129.5,0.0005493558564541631,0.029628183167172063
2591,129.55,0.0005492768680689801,0.029628183064224795
2592,129.6,0.000548616626718922,0.029628183780669316
2593,129.65,0.0005468890251895151,0.029628186830226333
2594,129.70000000000002,0.0005434881646698566,0.02962819486372385
2595,129.75,0.0005376949435942893,0.029628212255283008
2596,129.8,0.0005287194324070587,0.029628245535171828
2597,129.85,0.0005158084521389023,0.0296283025772203
2598,129.9,0.000498456524453562,0.02962838758907313
2599,129.95000000000002,0.00047675001469589583,0.02962848605878084
2600,130.0,0.00045180284392632944,0.02962853413094905
2601,130.05,0.0004259813049035243,0.029628386932188944
2602,130.1,0.00040183009780118056,0.02962786198593792
2603,130.15,0.0003764439095231105,0.02962697079554214
2604,130.20000000000002,0.0003225775282293075,0.029626197531527156
2605,130.25,0.00013739170484251538,0.0296262347532819
2606,130.3,0.00045708614881038393,0.029627166986368126
2607,130.35,0.0019206929248260921,0.029628340044444708
2608,130.4,0.004117015391397564,0.029629152984205143
2609,130.45000000000002,0.004982961763634368,0.02962950311798255
2610,130.5,0.0032579785501139344,0.02962956604438531
2611,130.55,0.001099428407727895,0.029629515345426065
2612,130.6,7.827413986011786e-05,0.029629440355240955
2613,130.65,0.000511609484709868,0.029629368925209412
2614,130.70000000000002,0.000629278315279996,0.029629300441721677
2615,130.75,0.0006453053830385572,0.029629224461515977
2616,130.8,0.000636603559953962,0.02962913006638582
2617,130.85,0.000625634282905423,0.029629014323293047
2618,130.9,0.0006170710171354579,0.029628892839113064
2619,130.95000000000002,0.0006107567907683181,0.029628805787301496
2620,131.0,0.0006056901513631634,0.029628805588545214
2621,131.05,0.0006010158615408596,0.029628923124871188
2622,131.1,0.0005961209217991256,0.029629137988851577
2623,131.15,0.000590514491056727,0.02962938610309034
2624,131.20000000000002,0.0005836868621884893,0.029629600415178214
2625,131.25,0.0005749893628160862,0.02962974543667305
2626,131.3,0.0005635354952895755,0.029629821319897477
2627,131.35,0.0005481193869753102,0.029629847530585215
2628,131.4,0.0005271572355529761,0.029629846070447635
2629,131.45000000000002,0.0004986750905793529,0.02962983319914057
2630,131.5,0.0004603911237310151,0.02962981823477852
2631,131.55,0.0004099693232942475,0.02962980537070266
2632,131.6,0.0003455410443488692,0.029629795845851216
2633,131.65,0.00026656884407131747,0.02962978950993032
2634,131.70000000000002,0.00017501093557630354,0.029629785718787528
2635,131.75,7.649013532792665e-05,0.02962978376435919
2636,131.8,1.9173842533011953e-05,0.029629783042326628
2637,131.85,9.889917986119442e-05,0.02962978309266386
2638,131.9,0.00014920344466875024,0.02962978358789287
2639,131.95000000000002,0.00016035221393378464,0.029629784305379138
2640,132.0,0.00012993018123719758,0.029629785099149583
2641,132.05,6.381243791611085e-05,0.029629785876513808
2642,132.1,2.605828694153266e-05,0.029629786580434945
2643,132.15,0.00012574206435316787,0.029629787176913502
2644,132.20000000000002,0.00022306329885432992,0.029629787646271017
2645,132.25,0.0003096437646065832,0.029629787977277538
2646,132.3,0.00038109073894869086,0.02962978816333217
2647,132.35,0.00043604115203872733,0.029629788200069434
2648,132.4,0.00047485246234939634,0.029629788084060065
2649,132.45000000000002,0.0004984304871857579,0.029629787812369673
2650,132.5,0.0005073587549899533,0.02962978738295606
2651,132.55,0.0005012999055996724,0.02962978679598611
2652,132.6,0.00047857657421274667,0.029629786056314902
2653,132.65,0.0004358589700937696,0.029629785177465253
2654,132.70000000000002,0.00036795453657466825,0.029629784187491057
2655,132.75,0.00026780324844915724,0.029629783136945535
2656,132.8,0.0001269348552684851,0.02962978210839513
2657,132.85,6.317270685517456e-05,0.029629781225024507
2658,132.9,0.0003082741208673623,0.02962978065140539
2659,132.95000000000002,0.0006067091549552346,0.029629780570576785
2660,133.0,0.0009434744882960611,0.029629781105577888
2661,133.05,0.0012854467952438092,0.029629782129553278
2662,133.1,0.0015822552964984697,0.02962978288459253
2663,133.15,0.0017770101468054182,0.029629781339597695
2664,133.20000000000002,0.001825787579928346,0.02962977334878236
2665,133.25,0.0017164601195362361,0.029629752069209425
2666,133.3,0.001474482566959193,0.02962970882500924
2667,133.35,0.0011513712481645017,0.029629637205320972
2668,133.4,0.0008040547880441053,0.029629541090650854
2669,133.45000000000002,0.000477681588644844,0.029629442718887993
2670,133.5,0.00019856590169831185,0.029629381103552368
2671,133.55,2.407476142315611e-05,0.029629393717164297
2672,133.6,0.0001924294923383301,0.029629491063814684
2673,133.65,0.00031438548088406475,0.02962964740427243
2674,133.70000000000002,0.00039950459585953854,0.029629817733460816
2675,133.75,0.0004568031398223334,0.029629964237687226
2676,133.8,0.000493827425020645,0.02963007023398603
2677,133.85,0.0005164717769870108,0.029630137376766827
2678,133.9,0.0005291424250689206,0.02963017586207167
2679,133.95000000000002,0.0005350374158773909,0.029630196569506703
2680,134.0,0.000536430026677208,0.02963020761930796
2681,134.05,0.0005349110790558105,0.029630213981503114
2682,134.1,0.0005315795994857779,0.029630218283492268
2683,134.15,0.0005271858733949963,0.02963022173774021
2684,134.20000000000002,0.0005222356844947067,0.02963022481844798
2685,134.25,0.000517064861679467,0.02963022766393105
2686,134.3,0.000511891940774027,0.029630230284947448
2687,134.35,0.0005068550608497082,0.029630232659710577
2688,134.4,0.000502037666722824,0.02963023477059114
2689,134.45000000000002,0.000497486336423323,0.029630236614044993
2690,134.5,0.0004932231008645975,0.029630238199872698
2691,134.55,0.0004892539257143896,0.029630239547260743
2692,134.6,0.0004855745257111279,0.02963024068066534
2693,134.65,0.0004821743282219555,0.029630241626543097
2694,134.70000000000002,0.0004790391548661378,0.029630242411094687
2695,134.75,0.0004761530168987122,0.02963024305886963
2696,134.8,0.00047349929947624643,0.029630243592012752
2697,134.85,0.00047106152606823595,0.029630244029956107
2698,134.9,0.0004688238358906143,0.029630244389393965
2699,134.95000000000002,0.0004667712666785886,0.02963024468443221
2700,135.0,0.0004648899068112826,0.02963024492682626
2701,135.05,0.0004631669611233973,0.029630245126264863
2702,135.1,0.0004615907610053879,0.029630245290652706
2703,135.15,0.00046015073983185576,0.029630245426386082
2704,135.20000000000002,0.00045883738811124277,0.02963024553859843
2705,135.25,0.00045764219808908086,0.029630245631380944
2706,135.3,0.00045655760437595267,0.02963024570796728
2707,135.35,0.00045557692492638235,0.02963024577089519
2708,135.4,0.0004546943052068633,0.029630245822128698
2709,135.45000000000002,0.00045390466735236964,0.029630245863175867
2710,135.5,0.0004532036654729074,0.02963024589516443
2711,135.55,0.0004525876477827369,0.02963024591890978
2712,135.6,0.0004520536260332026,0.029630245934969494
2713,135.65,0.00045159925254486963,0.029630245943678694
2714,135.70000000000002,0.0004512228051310985,0.029630245945176395
2715,135.75,0.00045092318018258553,0.02963024593942266
2716,135.8,0.00045069989433126734,0.02963024592620778
2717,135.85,0.00045055309515804114,0.0296302459051499
2718,135.9,0.0004504835816565295,0.029630245875686842
2719,135.95000000000002,0.00045049283531619467,0.029630245837061524
2720,136.0,0.00045058306300216426,0.029630245788295238
2721,136.05,0.0004507572531002372,0.02963024572815472
2722,136.1,0.00045101924681122113,0.02963024565510369
2723,136.15,0.000451373826942012,0.029630245567244064
2724,136.20000000000002,0.00045182682715058214,0.029630245462235905
2725,136.25,0.0004523852653100196,0.029630245337200226
2726,136.3,0.0004530575055747919,0.02963024518858642
2727,136.35,0.00045385345486116267,0.029630245012009976
2728,136.4,0.000454784800848235,0.029630244802034786
2729,136.45000000000002,0.0004558653004232889,0.02963024455189426
2730,136.5,0.00045711112970347946,0.02963024425312867
2731,136.55,0.00045854130969066653,0.029630243895098444
2732,136.6,0.00046017822525172374,0.029630243464348067
2733,136.65,0.0004620482598237326,0.0296302429437477
2734,136.70000000000002,0.0004641825743263803,0.02963024231134335
2735,136.75,0.0004666180665664387,0.029630241538777788
2736,136.8,0.00046939855755965404,0.02963024058913479
2737,136.85,0.0004725762643499262,0.029630239413941058
2738,136.9,0.00047621363594695456,0.029630237948957746
2739,136.95000000000002,0.00048038565114631975,0.029630236108216513
2740,137.0,0.0004851827055377709,0.02963023377544764
2741,137.05,0.000490714251644654,0.029630230791626827
2742,137.1,0.0004971134024057201,0.029630226936610906
2743,137.15,0.0005045427652477571,0.02963022190170065
2744,137.20000000000002,0.0005132018411292576,0.029630215247976217
2745,137.25,0.00052333639498371,0.029630206342082948
2746,137.3,0.0005352502652411666,0.02963019425553038
2747,137.35,0.0005493200915239769,0.029630177604064566
2748,137.4,0.000566013311644536,0.02963015428692942
2749,137.45000000000002,0.0005859093136766747,0.02963012105620693
2750,137.5,0.0006097223952850737,0.02963007279426456
2751,137.55,0.0006383222482888697,0.029630001286775724
2752,137.6,0.0006727410301651143,0.029629893131972427
2753,137.65,0.0007141413004708698,0.029629726234894117
2754,137.70000000000002,0.0007636865299491173,0.029629464306632648
2755,137.75,0.0008221842786117468,0.029629050090715776
2756,137.8,0.0008892149190171997,0.0296284061449956
2757,137.85,0.0009611162419290102,0.02962749088178627
2758,137.9,0.0010264668498256274,0.029626624165812212
2759,137.95000000000002,0.0010562717503863734,0.029627886973722345
2760,138.0,0.0009837314184424494,0.02963906115422367
2761,138.05,0.0006672564351139382,0.029667046813886072
2762,138.1,0.0001571685569393242,0.029615367513398414
2763,138.15,0.0018590682340011758,0.029547503636618913
2764,138.20000000000002,0.00458608546658415,0.02995134081913509
2765,138.25,0.00744989293579304,0.030093043503973998
2766,138.3,0.00840949263849484,0.030091080586747032
2767,138.35,0.0065715984861917116,0.030087660717204232
2768,138.4,0.0035543721028779827,0.03008855847201725
2769,138.45000000000002,0.0011421759061209615,0.030090041439927644
2770,138.5,0.00022799887883950324,0.03009114499846806
2771,138.55,0.0008497942350442281,0.030091851295914327
2772,138.6,0.0010702197188790126,0.030092287865303966
2773,138.65,0.0011067646892548796,0.030092558439750942
2774,138.70000000000002,0.0010697174183460008,0.03009272893985567
2775,138.75,0.0010090887760249901,0.030092838716246604
2776,138.8,0.00094521954550519,0.03009291101683054
2777,138.85,0.0008845167198486122,0.030092959703407064
2778,138.9,0.0008267418594694758,0.030092993183995116
2779,138.95000000000002,0.0007681197091503142,0.030093016662119772
2780,139.0,0.0007025365619026293,0.030093033425836174
2781,139.05,0.0006220657449352554,0.03009304559573232
2782,139.1,0.0005177096065373759,0.03009305456646586
2783,139.15,0.00038125599228756434,0.03009306127236579
2784,139.20000000000002,0.00020909574490773786,0.030093066350291315
2785,139.25,8.019712102445347e-06,0.030093070241418093
2786,139.3,0.0001993543814686878,0.03009307325599114
2787,139.35,0.00037505036009357316,0.030093075615267945
2788,139.4,0.00047741961795117653,0.03009307747911656
2789,139.45000000000002,0.00048114456438300737,0.030093078964463033
2790,139.5,0.0003915806128831657,0.030093080157805065
2791,139.55,0.00024084279176286044,0.030093081123812822
2792,139.6,6.943809233569017e-05,0.030093081911321068
2793,139.65,9.108117502852759e-05,0.030093082557552085
2794,139.70000000000002,0.00022452339730467458,0.030093083091123463
2795,139.75,0.0003272227137864681,0.030093083534223544
2796,139.8,0.00040228586468397937,0.030093083904185244
2797,139.85,0.0004550849954509427,0.030093084214647788
2798,139.9,0.0004909199672100946,0.03009308447642154
2799,139.95000000000002,0.0005142094304216743,0.030093084698124613
2800,140.0,0.0005284060007841382,0.030093084886674847
2801,140.05,0.0005361440758094112,0.03009308504765416
2802,140.1,0.0005394148047304823,0.030093085185591513
2803,140.15,0.0005397118957634321,0.030093085304182816
2804,140.20000000000002,0.0005381452833894328,0.030093085406456093
2805,140.25,0.0005355305985311858,0.03009308549490406
2806,140.3,0.0005324609282219316,0.030093085571589136
2807,140.35,0.0005293646987891417,0.030093085638221787
2808,140.4,0.0005265520834344426,0.030093085696228847
2809,140.45000000000002,0.0005242518580053453,0.03009308574680196
2810,140.5,0.0005226405336099822,0.030093085790940208
2811,140.55,0.0005218655586073816,0.030093085829483786
2812,140.6,0.0005220643088853003,0.030093085863139316
2813,140.65,0.0005233804893187451,0.030093085892504146
2814,140.70000000000002,0.0005259795005054461,0.0300930859180796
2815,140.75,0.0005300643373437175,0.030093085940290712
2816,140.8,0.0005358937341307866,0.030093085959495374
2817,140.85,0.000543804619183138,0.030093085975991328
2818,140.9,0.0005542415816615232,0.030093085990029238
2819,140.95000000000002,0.0005677971275369359,0.03009308600181371
2820,141.0,0.0005852682419184909,0.030093086011512483
2821,141.05,0.0006077375592969054,0.03009308601925862
2822,141.1,0.0006366918831339924,0.03009308602515137
2823,141.15,0.0006741978598827497,0.03009308602926295
2824,141.20000000000002,0.0007231657465844707,0.030093086031635345
2825,141.25,0.000787749264055453,0.030093086032285034
2826,141.3,0.0008739536493804566,0.030093086031199444
2827,141.35,0.0009905504346850347,0.030093086028338975
2828,141.4,0.0011503946161227992,0.030093086023634124
2829,141.45000000000002,0.001372069812823535,0.030093086016983264
2830,141.5,0.001680901983020118,0.030093086008249934
2831,141.55,0.0021046484717781983,0.03009308599725943
2832,141.6,0.0026442793442910473,0.03009308598379015
2833,141.65,0.0031428808772623186,0.03009308596757188
2834,141.70000000000002,0.002779363486546622,0.03009308594827188
2835,141.75,0.001420901173668854,0.030093085925488233
2836,141.8,0.015055301615533766,0.030093085898733038
2837,141.85,0.0293416177559653,0.030093085867415912
2838,141.9,0.0185385904467602,0.03009308583082667
2839,141.95000000000002,0.003091149401374256,0.030093085788101492
2840,142.0,0.002459841653711726,0.030093085738196423
2841,142.05,0.00321714301157986,0.0300930856798403
2842,142.1,0.0027869654245321145,0.030093085611482395
2843,142.15,0.002240418280042841,0.030093085531223095
2844,142.20000000000002,0.0018003893898791725,0.030093085436726882
2845,142.25,0.001479984091428947,0.030093085325107294
2846,142.3,0.0012530212026483425,0.030093085192780412
2847,142.35,0.001093294515903424,0.03009308503527217
2848,142.4,0.000981223554480637,0.030093084846964612
2849,142.45000000000002,0.0009032714619263528,0.03009308462076538
2850,142.5,0.0008502945108494039,0.030093084347661916
2851,142.55,0.0008161421252135055,0.030093084016128913
2852,142.6,0.0007966572602289069,0.030093083611327356
2853,142.65,0.0007889838135360924,0.03009308311402029
2854,142.70000000000002,0.0007910630416958936,0.030093082499089235
2855,142.75,0.0008012133596031214,0.030093081733491473
2856,142.8,0.0008176911748355065,0.03009308077344053
2857,142.85,0.0008381104528318771,0.030093079560482745
2858,142.9,0.0008585459683973652,0.03009307801602085
2859,142.95000000000002,0.0008720494172650276,0.03009307603367083
2860,143.0,0.0008661677337526433,0.03009307346861471
2861,143.05,0.0008189212917545915,0.030093070122926207
2862,143.1,0.0006928164244210957,0.03009306572579047
2863,143.15,0.00042759302778063357,0.030093059908095004
2864,143.20000000000002,6.362445337199397e-05,0.0300930521731204
2865,143.25,0.0008805896770948414,0.030093041871938318
2866,143.3,0.002077313003571411,0.030093028210759275
2867,143.35,0.0035399505426923095,0.030093010365187876
2868,143.4,0.004871935501828124,0.030092987893322983
2869,143.45000000000002,0.0055002978749637485,0.030092961910676824
2870,143.5,0.0050944973243628325,0.030092938052760497
2871,143.55,0.00388077462492173,0.03009293310379411
2872,143.6,0.0024206145202799513,0.030092986816506604
2873,143.65,0.0011650449517389449,0.030093169763052954
2874,143.70000000000002,0.00027972674452397274,0.03009352357040983
2875,143.75,0.0002654386271029834,0.03009373429463659
2876,143.8,0.0005660405083517474,0.030092532991108496
2877,143.85,0.0007123581347086411,0.030089034455089685
2878,143.9,0.0007691185376986538,0.030087968240597847
2879,143.95000000000002,0.0007772322422911935,0.03009430940720251
2880,144.0,0.0007608051850694132,0.030101711875853893
2881,144.05,0.0007334000164967093,0.030104986236135178
2882,144.1,0.0007023534001280052,0.030105648292293452
2883,144.15,0.000671453884049098,0.03010563487197524
2884,144.20000000000002,0.000642518088352834,0.03010558960308138
2885,144.25,0.0006162923684293276,0.030105596405523113
2886,144.3,0.0005929596979086231,0.03010563029459945
2887,144.35,0.0005724208043668032,0.030105668976980016
2888,144.4,0.0005544478307796495,0.030105702963101867
2889,144.45000000000002,0.0005387665799861253,0.030105729933807997
2890,144.5,0.0005250990262215245,0.030105750389653574
2891,144.55,0.0005131839231714736,0.030105765604031075
2892,144.6,0.0005027855148173985,0.0301057768478926
2893,144.65,0.0004936959467199011,0.030105785163360658
2894,144.70000000000002,0.00048573449124581365,0.030105791341544733
2895,144.75,0.00047874530008058905,0.03010579596262457
2896,144.8,0.00047259460896621926,0.030105799445766773
2897,144.85,0.0004671678772562792,0.030105802092364745
2898,144.9,0.00046236709856813487,0.030105804119315425
2899,144.95000000000002,0.0004581083837130342,0.03010580568334923
2900,145.0,0.0004543198448678464,0.03010580689838728
2901,145.05,0.0004509397731355882,0.030105807847803576
2902,145.1,0.0004479150845183269,0.030105808593053986
2903,145.15,0.00044520000293979053,0.030105809179764093
2904,145.20000000000002,0.0004427549481719211,0.030105809642032296
2905,145.25,0.00044054559860139965,0.030105810005494726
2906,145.3,0.0004385421019757536,0.030105810289515957
2907,145.35,0.0004367184108595347,0.030105810508765575
2908,145.4,0.0004350517230332272,0.03010581067436239
2909,145.45000000000002,0.0004335220102626291,0.030105810794700524
2910,145.5,0.0004321116217133211,0.030105810876057994
2911,145.55,0.00043080495074560314,0.030105810923031218
2912,145.6,0.0004295881559655289,0.030105810938856746
2913,145.65,0.0004284489292014105,0.030105810925632352
2914,145.70000000000002,0.00042737630471170854,0.030105810884467243
2915,145.75,0.0004263605052075092,0.030105810815574872
2916,145.8,0.00042539282152237435,0.03010581071831404
2917,145.85,0.00042446552379560016,0.030105810591175154
2918,145.9,0.00042357180296943235,0.03010581043172702
2919,145.95000000000002,0.0004227057422239854,0.030105810236501458
2920,146.0,0.0004218623187755712,0.030105810000816045
2921,146.05,0.0004210374371073742,0.03010580971852024
2922,146.1,0.00042022799531931873,0.030105809381624538
2923,146.15,0.00041943198676695244,0.03010580897980173
2924,146.20000000000002,0.0004186486395705968,0.030105808499682453
2925,146.25,0.0004178785968125786,0.030105807923893002
2926,146.3,0.00041712414029745323,0.030105807229717542
2927,146.35,0.0004163894606525885,0.03010580638723366
2928,146.4,0.00041568097615849364,0.030105805356713797
2929,146.45000000000002,0.000415007702130337,0.03010580408497112
2930,146.5,0.0004143816718364861,0.030105802500214388
2931,146.55,0.00041381840898703867,0.03010580050476505
2932,146.6,0.00041333745086769,0.030105797964713382
2933,146.65,0.0004129629204451744,0.030105794695182625
2934,146.70000000000002,0.0004127241456828301,0.030105790439312902
2935,146.75,0.0004126563253506609,0.03010578483821867
2936,146.8,0.0004128012436412783,0.030105777388093596
2937,146.85,0.0004132080418684214,0.030105767379104077
2938,146.9,0.0004139340658059172,0.03010575380893896
2939,146.95000000000002,0.00041504582340888134,0.030105735262245033
2940,147.0,0.0004166201119369093,0.030105709747355023
2941,147.05,0.0004187454083570493,0.03010567448868038
2942,147.1,0.00042152366589444525,0.030105625700674002
2943,147.15,0.00042507272728874233,0.03010555845431715
2944,147.20000000000002,0.000429529658460195,0.030105466985164055
2945,147.25,0.00043505543511855105,0.030105346417161026
2946,147.3,0.00044184159559579637,0.03010519840656884
2947,147.35,0.0004501197320169205,0.030105046485087803
2948,147.4,0.00046017507247994946,0.030104971517586586
2949,147.45000000000002,0.0004723659815566243,0.03010517108105323
2950,147.5,0.0004871520976922616,0.030105955372199518
2951,147.55,0.0005051352438464943,0.03010718658483851
2952,147.6,0.0005271195569515261,0.030106118582962034
2953,147.65,0.0005542011325910343,0.030096757604631614
2954,147.70000000000002,0.000587904058207114,0.03008645938406897
2955,147.75,0.0006303912322469128,0.03010323834089307
2956,147.8,0.0006847991290976183,0.030136644746704404
2957,147.85,0.0007557842368812342,0.030155420279144737
2958,147.9,0.000850442969175145,0.030160160344747104
2959,147.95000000000002,0.0009799143514952707,0.030160558284832367
2960,148.0,0.0011622798775949592,0.030160712749769523
2961,148.05,0.0014280303331493604,0.030161467623675015
2962,148.1,0.0018308228799250117,0.030162491100517573
2963,148.15,0.002469503510721836,0.03016323009234422
2964,148.20000000000002,0.0035340977353888747,0.030163529550431546
2965,148.25,0.005395648578823386,0.030163553103164584
2966,148.3,0.008690699132801558,0.03016348191019838
2967,148.35,0.013307466748745757,0.030163406815922292
2968,148.4,0.004851349927801921,0.030163354724000915
2969,148.45000000000002,0.08555743492649152,0.030163330565985632
2970,148.5,0.03417893600110203,0.030163341112968596
2971,148.55,0.015895067962430766,0.03016340340703703
2972,148.6,0.014422008408962178,0.030163535693712887
2973,148.65,0.01008313869270478,0.030163705182137207
2974,148.70000000000002,0.0074624604328732995,0.030163688817155938
2975,148.75,0.005991243025986807,0.03016291720822777
2976,148.8,0.005136464459862821,0.030160849732789576
2977,148.85,0.00461459890710825,0.030158493464114193
2978,148.9,0.004280573668946987,0.03015877304183015
2979,148.95000000000002,0.004057721945790012,0.030162585199712356
2980,149.0,0.003903639950881933,0.030167013761785894
2981,149.05,0.0037937904641331204,0.030169679048411214
2982,149.1,0.0037133759298954815,0.03017068336561966
2983,149.15,0.0036531377679562024,0.0301709073539646
2984,149.20000000000002,0.0036070912552571845,0.030170873925839926
2985,149.25,0.003571254763171331,0.030170730959586733
2986,149.3,0.0035429106263273457,0.03017050472031948
2987,149.35,0.0035201609826661403,0.030170284543124287
2988,149.4,0.0035016529125265474,0.030170221549943404
2989,149.45000000000002,0.0034864037800928045,0.03017034745335637
2990,149.5,0.0034736875564504873,0.030170502093512807
2991,149.55,0.003462959204360142,0.030170503207764234
2992,149.6,0.0034538033704216843,0.030170295709465136
2993,149.65,0.003445898927848427,0.030169963708649803
2994,149.70000000000002,0.003438994053438295,0.03016969804876968
2995,149.75,0.003432888427625459,0.03016970564863613
2996,149.8,0.0034274203274605886,0.030170048553323996
2997,149.85,0.003422457128936904,0.030170582077326147
2998,149.9,0.003417888215760845,0.030171091240021992
2999,149.95000000000002,0.0034136196064962097,0.030171452335175458
3000,150.0,0.0034095698215589327,0.03017165931808292
3001,150.05,0.003405666653273011,0.030171761068356586
3002,150.1,0.0034018445995206152,0.030171806875985696
3003,150.15,0.0033980427896077975,0.030171828036563545
3004,150.20000000000002,0.00339420327946804,0.030171839984859773
3005,150.25,0.0033902696288803593,0.03017184894740499
3006,150.3,0.0033861857002349836,0.03017185691348982
3007,150.35,0.0033818946397901443,0.030171864277298854
3008,150.4,0.0033773380202659084,0.030171870982589877
3009,150.45000000000002,0.0033724551398341502,0.030171876930909235
3010,150.5,0.0033671824880905383,0.030171882086409314
3011,150.55,0.003361453405357567,0.030171886477006693
3012,150.6,0.0033551979782027105,0.030171890170800623
3013,150.65,0.0033483432315011925,0.030171893253851726
3014,150.70000000000002,0.00334081369552252,0.030171895815163507
3015,150.75,0.0033325324444777454,0.030171897938240485
3016,150.8,0.0033234227190118686,0.030171899697198544
3017,150.85,0.0033134102565104194,0.030171901155613082
3018,150.9,0.0033024264557590306,0.030171902366850033
3019,150.95000000000002,0.003290412490792091,0.030171903375089792
3020,151.0,0.003277324455799647,0.03017190421658104
3021,151.05,0.0032631395607472104,0.0301719049209131
3022,151.1,0.0032478632980167932,0.03017190551216321
3023,151.15,0.003231537358128336,0.030171906009901932
3024,151.20000000000002,0.003214247886478957,0.03017190643002956
3025,151.25,0.003196133450969328,0.030171906785470035
3026,151.3,0.0031773918528709747,0.030171907086739554
3027,151.35,0.0031582846972383447,0.030171907342402354
3028,151.4,0.003139138497483385,0.030171907559432356
3029,151.45000000000002,0.0031203410866725277,0.030171907743511917
3030,151.5,0.003102332310643158,0.030171907899261597
3031,151.55,0.003085588431603443,0.030171908030425906
3032,151.6,0.003070600379252696,0.030171908140018765
3033,151.65,0.0030578468901072365,0.030171908230439082
3034,151.70000000000002,0.0030477645423248735,0.03017190830355401
3035,151.75,0.003040717530772333,0.03017190836077016
3036,151.8,0.0030369705228976665,0.03017190840307677
3037,151.85,0.0030366679159774842,0.030171908431074417
3038,151.9,0.0030398222068448483,0.030171908444990646
3039,151.95000000000002,0.003046313052537808,0.03017190844467897
3040,152.0,0.0030558971489382946,0.030171908429598975
3041,152.05,0.00306822757734813,0.03017190839878097
3042,152.1,0.00308288006655744,0.03017190835076957
3043,152.15,0.00309938291337618,0.03017190828354246
3044,152.20000000000002,0.003117247188430357,0.0301719081943979
3045,152.25,0.0031359942734754597,0.030171908079797524
3046,152.3,0.0031551785704385157,0.030171907935165974
3047,152.35,0.0031744041803001754,0.030171907754608804
3048,152.4,0.003193335273594026,0.030171907530544554
3049,152.45000000000002,0.0032117006200863933,0.03017190725320511
3050,152.5,0.00322929324200598,0.030171906909956803
3051,152.55,0.0032459663974155955,0.030171906484379635
3052,152.6,0.003261627128968121,0.03017190595499937
3053,152.65,0.003276228491511302,0.030171905293535584
3054,152.70000000000002,0.00328976136561503,0.0301719044624448
3055,152.75,0.003302246528661541,0.030171903411470687
3056,152.8,0.0033137274299182787,0.03017190207271741
3057,152.85,0.0033242639242608576,0.030171900353583612
3058,152.9,0.0033339270706526274,0.030171898126500285
3059,152.95000000000002,0.0033427949965221695,0.030171895213905155
3060,153.0,0.0033509497627302646,0.030171891366057565
3061,153.05,0.0033584751284926515,0.030171886228065107
3062,153.1,0.003365455103611866,0.030171879290697055
3063,153.15,0.0033719731798075997,0.03017186981718261
3064,153.20000000000002,0.003378112148518399,0.030171856735660054
3065,153.25,0.0033839544354740854,0.030171838486482642
3066,153.3,0.0033895829106156427,0.030171812823218444
3067,153.35,0.003395082164821279,0.030171776611131657
3068,153.4,0.0034005402834757802,0.03017172582450091
3069,153.45000000000002,0.003406051193445877,0.030171656443037036
3070,153.5,0.003411717719086906,0.030171568437211898
3071,153.55,0.0034176555615483685,0.030171479184475193
3072,153.60000000000002,0.00342399852496063,0.03017146255169283
3073,153.65,0.0034309054707458726,0.030171742207349906
3074,153.70000000000002,0.0034385697151265585,0.030172803509916305
3075,153.75,0.003447231940556539,0.03017488234500923
3076,153.8,0.0034571982446179716,0.030174435260006262
3077,153.85000000000002,0.0034688658280622466,0.030162109721599998
3078,153.9,0.0034827602491985686,0.03015537073945258
3079,153.95000000000002,0.0034995905399059957,0.030185109626360694
3080,154.0,0.0035203325112623065,0.030210321543135302
3081,154.05,0.003546357632072313,0.030215742685274456
3082,154.10000000000002,0.003579637577778316,0.030215344607738722
3083,154.15,0.003623078218996484,0.030214860885059227
3084,154.20000000000002,0.0036810825086425344,0.03021479619044063
3085,154.25,0.0037605334970256016,0.030214900912468527
3086,154.3,0.003872581300313238,0.030215029766513437
3087,154.35000000000002,0.004036041851848861,0.030215137048034055
3088,154.4,0.004284197205155998,0.030215216386370747
3089,154.45000000000002,0.004679175947765688,0.030215272471257302
3090,154.5,0.005344103105723028,0.03021531143970894
3091,154.55,0.006537784891038318,0.030215338332434186
3092,154.60000000000002,0.008817814100948895,0.030215356783060955
3093,154.65,0.013142964424054477,0.030215369272856542
3094,154.70000000000002,0.01666538512404894,0.030215377444482938
3095,154.75,0.03555404855779168,0.030215382349508893
3096,154.8,0.04694356658977378,0.030215384616819413
3097,154.85000000000002,0.014485668975620963,0.03021538455513599
3098,154.9,0.011877084410825264,0.03021538220338882
3099,154.95000000000002,0.007368671787469871,0.030215377336521694
3100,155.0,0.004967790849858957,0.03021536942643963
3101,155.05,0.003716989386707735,0.03021535754844714
3102,155.10000000000002,0.003025682534414063,0.030215340211319122
3103,155.15,0.0026189093855575924,0.030215315071793616
3104,155.20000000000002,0.0023662760484340177,0.03021527847029643
3105,155.25,0.0022022314026379944,0.030215224698219714
3106,155.3,0.0020917690969974308,0.030215144909351534
3107,155.35000000000002,0.0020151440532464975,0.030215025754320488
3108,155.4,0.0019606749945019126,0.030214848668153316
3109,155.45000000000002,0.0019211607127075988,0.03021459417464004
3110,155.5,0.001892001709253233,0.0302142681864548
3111,155.55,0.0018701693066441709,0.030214009560598394
3112,155.60000000000002,0.0018536161905768564,0.030214449775681003
3113,155.65,0.001840926815499444,0.03021751949125862
3114,155.70000000000002,0.001831103186076955,0.030225442240768577
3115,155.75,0.0018234296950407729,0.03022290853212974
3116,155.8,0.0018173855725515746,0.030173545423562036
3117,155.85000000000002,0.0018125868211682702,0.030214765698833003
3118,155.9,0.0018087468797338099,0.030332105319497153
3119,155.95000000000002,0.0018056494603129664,0.03036205026227477
3120,156.0,0.0018031294633907618,0.030360744121470072
3121,156.05,0.0018010593551044498,0.030359236926785424
3122,156.10000000000002,0.0017993392995431217,0.03035926845091484
3123,156.15,0.0017978899107609356,0.030359708044237262
3124,156.20000000000002,0.001796646855803734,0.030360114205570866
3125,156.25,0.00179555678004669,0.030360407242876135
3126,156.3,0.001794574186186267,0.030360603891626432
3127,156.35000000000002,0.0017936590071092192,0.030360733418157582
3128,156.4,0.0017927746885362998,0.03036081894611037
3129,156.45000000000002,0.0017918866512839577,0.030360876066367618
3130,156.5,0.0017909610427920234,0.030360914782515878
3131,156.55,0.0017899637182532116,0.030360941434042443
3132,156.60000000000002,0.0017888594168256066,0.030360960050961092
3133,156.65,0.0017876111205590538,0.030360973220580685
3134,156.70000000000002,0.001786179604729699,0.030360982624589607
3135,156.75,0.001784523209642574,0.030360989369380646
3136,156.8,0.0017825978866801643,0.030360994189822948
3137,156.85000000000002,0.0017803575959300262,0.030360997575840442
3138,156.9,0.001777755159108387,0.030360999851442787
3139,156.95000000000002,0.0017747436986915062,0.030361001223963756
3140,157.0,0.001771278820243183,0.03036100181398009
3141,157.05,0.001767321715924355,0.030361001672026322
3142,157.10000000000002,0.0017628433777756344,0.030361000785370205
3143,157.15,0.0017578301014280102,0.030360999076072155
3144,157.20000000000002,0.001752290424972509,0.030360996389894465
3145,157.25,0.0017462635729892137,0.03036099247365974
3146,157.3,0.0017398293531923873,0.030360986936122547
3147,157.35000000000002,0.0017331192792409554,0.030360979183271207
3148,157.4,0.0017263284761202427,0.0303609683119144
3149,157.45000000000002,0.0017197276919044882,0.030360952932623763
3150,157.5,0.0017136745466576715,0.030360930869246305
3151,157.55,0.0017086230839259522,0.03036089863602968
3152,157.60000000000002,0.0017051308728071118,0.030360850501282788
3153,157.65,0.0017038634801288706,0.030360776756621327
3154,157.70000000000002,0.0017055972325810715,0.03036066040600919
3155,157.75,0.0017112229269678361,0.030360470599259778
3156,157.8,0.0017217555783165467,0.030360149135207938
3157,157.85000000000002,0.0017383584232842702,0.030359581875429583
3158,157.9,0.001762393206344814,0.030358537649205663
3159,157.95000000000002,0.0017955132858144002,0.030356545896204616
3160,158.0,0.0018398212729886126,0.030352743963151994
3161,158.05,0.0018981180246747554,0.030346586366615143
3162,158.10000000000002,0.0019742708053471798,0.030348256405185053
3163,158.15,0.0020737090462820745,0.030458456843732475
3164,158.20000000000002,0.0022039581566306284,0.030790116560947458
3165,158.25,0.0023747455410255344,0.02968255220342599
3166,158.3,0.0025958774529080486,0.03284761841340664
3167,158.35000000000002,0.002866471023402941,0.03273122829148107
3168,158.4,0.0031335770581735582,0.032680499693852956
3169,158.45000000000002,0.003150384926908754,0.032687314777056754
3170,158.5,0.002067936514942055,0.03269453498811628
3171,158.55,0.0021492277512197597,0.03269842409083371
3172,158.60000000000002,0.010338770284406365,0.03270039151980427
3173,158.65,0.013462879622214255,0.032701411899825304
3174,158.70000000000002,0.006178512071254986,0.03270196486787553
3175,158.75,0.0003057697555838708,0.032702278572328984
3176,158.8,0.002642797436367653,0.03270246430740244
3177,158.85000000000002,0.0030366444510542814,0.03270257858435561
3178,158.9,0.0028840473818503047,0.032702651337545345
3179,158.95000000000002,0.0026494439784425514,0.032702699077105664
3180,159.0,0.002448285801437486,0.03270273125436813
3181,159.05,0.0022957005710405438,0.03270275346575882
3182,159.10000000000002,0.002183409117641282,0.032702769127811414
3183,159.15,0.0021005753882993253,0.032702780384537056
3184,159.20000000000002,0.0020384718575784874,0.032702788615308793
3185,159.25,0.0019908607200791744,0.0327027947278124
3186,159.3,0.0019534517617028754,0.03270279933170717
3187,159.35000000000002,0.0019233172180518592,0.03270280284420095
3188,159.4,0.0018984456994530835,0.032702805555716856
3189,159.45000000000002,0.0018774356191940298,0.032702807671611225
3190,159.5,0.0018592928344489932,0.03270280933919746
3191,159.55,0.0018432991738800931,0.03270281066556314
3192,159.60000000000002,0.0018289274476415637,0.03270281172951829
3193,159.65,0.0018157865451220783,0.03270281258972392
3194,159.70000000000002,0.0018035859795074165,0.03270281329031062
3195,159.75,0.0017921130431985965,0.03270281386480562
3196,159.8,0.0017812181566375636,0.03270281433891642
3197,159.85000000000002,0.0017708054958300312,0.03270281473252609
3198,159.9,0.0017608269037916568,0.0327028150611349
3199,159.95000000000002,0.0017512776512590747,0.032702815336922084
3200,160.0,0.001742192960173743,0.032702815569523556
3201,160.05,0.001733644439642818,0.03270281576661509
3202,160.10000000000002,0.0017257357771983631,0.032702815934348414
3203,160.15,0.001718597225095235,0.03270281607768704
3204,160.20000000000002,0.0017123786497844037,0.03270281620065572
3205,160.25,0.0017072411813905707,0.032702816306534654
3206,160.3,0.0017033477973078326,0.03270281639801456
3207,160.35000000000002,0.001700853469760439,0.0327028164773091
3208,160.4,0.001699895756859769,0.032702816546251436
3209,160.45000000000002,0.0017005868718676545,0.03270281660636289
3210,160.5,0.0017030082866874518,0.032702816658914474
3211,160.55,0.0017072087959415605,0.03270281670496848
3212,160.60000000000002,0.0017132067023517734,0.03270281674541949
3213,160.65,0.0017209964296802914,0.03270281678102171
3214,160.70000000000002,0.0017305594971695857,0.03270281681241327
3215,160.75,0.001741879475740593,0.032702816840135436
3216,160.8,0.0017549603512758034,0.032702816864649265
3217,160.85000000000002,0.0017698476646086083,0.03270281688634783
3218,160.9,0.0017866518388339064,0.03270281690556762
3219,160.95000000000002,0.0018055731032787085,0.032702816922595995
3220,161.0,0.0018269270766868334,0.03270281693768058
3221,161.05,0.0018511687513107168,0.03270281695103328
3222,161.10000000000002,0.001878908991967248,0.03270281696283679
3223,161.15,0.0019109088098434527,0.03270281697324779
3224,161.20000000000002,0.0019480160419800068,0.03270281698239986
3225,161.25,0.001990961779627209,0.032702816990408556
3226,161.3,0.0020398259684749143,0.03270281699737262
3227,161.35000000000002,0.0020927363327301247,0.03270281700337447
3228,161.4,0.0021428161443985128,0.03270281700848463
3229,161.45000000000002,0.0021712282566799268,0.03270281701276225
3230,161.5,0.0021320081890340748,0.032702817016253036
3231,161.55,0.001922130337556743,0.03270281701899675
3232,161.60000000000002,0.0013369040169968508,0.032702817021021104
3233,161.65,6.439041351657074e-05,0.03270281702234614
3234,161.70000000000002,0.002064378107825115,0.032702817022983596
3235,161.75,0.004344702106413991,0.03270281702293822
3236,161.8,0.00502646890224744,0.03270281702220458
3237,161.85000000000002,0.0034275825975367416,0.032702817020772136
3238,161.9,0.0010432650077589203,0.03270281701861897
3239,161.95000000000002,0.0007205884169512193,0.032702817015717714
3240,162.0,0.0016506499569440463,0.03270281701202963
3241,162.05,0.0020396627137495332,0.03270281700750645
3242,162.10000000000002,0.002159261812886492,0.032702817002089025
3243,162.15,0.002163310103765209,0.0327028169957077
3244,162.20000000000002,0.0021247015831149744,0.03270281698827816
3245,162.25,0.0020748588983652214,0.03270281697970067
3246,162.3,0.0020262154926585746,0.032702816969859314
3247,162.35000000000002,0.001982997576761219,0.032702816958618146
3248,162.4,0.0019460585602079725,0.03270281694582013
3249,162.45000000000002,0.001914975395064111,0.032702816931280555
3250,162.5,0.0018889319122571396,0.03270281691478545
3251,162.55,0.0018670741958340617,0.03270281689608416
3252,162.60000000000002,0.0018486396292274403,0.032702816874888116
3253,162.65,0.0018329914612913677,0.03270281685085624
3254,162.70000000000002,0.0018196161474693501,0.03270281682359173
3255,162.75,0.0018081079582838071,0.032702816792630464
3256,162.8,0.0017981509636341398,0.03270281675742523
3257,162.85000000000002,0.0017895022310511668,0.032702816717333306
3258,162.9,0.0017819774020474256,0.03270281667159301
3259,162.95000000000002,0.0017754387296341674,0.03270281661930332
3260,163.0,0.0017697852777868912,0.0327028165593929
3261,163.05,0.0017649448993064286,0.03270281649058125
3262,163.10000000000002,0.0017608676429290721,0.03270281641133582
3263,163.15,0.001757520314501689,0.032702816319810715
3264,163.20000000000002,0.0017548819959708269,0.0327028162137773
3265,163.25,0.001752940395759997,0.03270281609052958
3266,163.3,0.0017516889592727534,0.03270281594676575
3267,163.35000000000002,0.0017511247078327776,0.03270281577844136
3268,163.4,0.0017512467991076075,0.032702815580567764
3269,163.45000000000002,0.001752055814198747,0.03270281534696652
3270,163.5,0.0017535537794455944,0.032702815069930766
3271,163.55,0.0017557449281403654,0.03270281473979214
3272,163.60000000000002,0.0017586372031801229,0.03270281434434012
3273,163.65,0.0017622444998785958,0.03270281386804064
3274,163.70000000000002,0.001766589652064896,0.03270281329098359
3275,163.75,0.0017717081756198811,0.03270281258744873
3276,163.8,0.0017776528006804512,0.032702811723922094
3277,163.85000000000002,0.001784498841134459,0.03270281065633358
3278,163.9,0.0017923504538558495,0.03270280932617003
3279,163.95000000000002,0.0018013478010068956,0.03270280765492205
3280,164.0,0.0018116749872255427,0.03270280553606626
3281,164.05,0.0018235682791855436,0.0327028028233091
3282,164.10000000000002,0.0018373232839225477,0.0327027993131109
3283,164.15,0.0018532979653247783,0.03270279471826641
3284,164.20000000000002,0.0018719045869639204,0.03270278862726848
3285,164.25,0.0018935757467498963,0.03270278044064451
3286,164.3,0.0019186731465775425,0.03270276926914914
3287,164.35000000000002,0.0019472732559572164,0.03270275376737876
3288,164.4,0.00197869211550233,0.03270273185528728
3289,164.45000000000002,0.0020104628214711005,0.03270270024000272
3290,164.5,0.002036179951444715,0.0327026535717727
3291,164.55,0.0020410642945953056,0.032702582909622434
3292,164.60000000000002,0.001993239521498198,0.03270247284522852
3293,164.65,0.0018282318637566574,0.03270229594342947
3294,164.70000000000002,0.0014280425655094767,0.032702001696150604
3295,164.75,0.0006176653593134554,0.03270149421737092
3296,164.8,0.0007385449178585895,0.03270058802958498
3297,164.85000000000002,0.002425709645594688,0.032698932146977874
3298,164.9,0.0035874651886861524,0.03269597547306575
3299,164.95000000000002,0.0033251388445857274,0.03269179850275182
3300,165.0,0.0018613300687450201,0.032695083737093185
3301,165.05,0.0002217822439143455,0.032769674005541566
3302,165.10000000000002,0.0009494811503893011,0.03296209111908242
3303,165.15,0.0016024245738551067,0.03221574460278158
3304,165.20000000000002,0.0019083233139237286,0.0343941148035313
3305,165.25,0.002025942279640678,0.03455551474071362
3306,165.3,0.0020529630666737764,0.0344969360186708
3307,165.35000000000002,0.0020406511715089794,0.03449687085492887
3308,165.4,0.0020137906955055127,0.034502690905049434
3309,165.45000000000002,0.0019836612072543485,0.034506398547310656
3310,165.5,0.001955024100111788,0.034508391951645005
3311,165.55,0.0019296086991986195,0.034509455287243807
3312,165.60000000000002,0.0019077916987426927,0.0345100395964152
3313,165.65,0.0018893896342079416,0.03451037324010445
3314,165.70000000000002,0.0018740252397224687,0.03451057116651838
3315,165.75,0.0018612914094177982,0.034510692758414035
3316,165.8,0.0018508201033444057,0.034510769774764694
3317,165.85000000000002,0.0018423074947268771,0.0345108198143603
3318,165.9,0.001835519798460396,0.03451085295771192
3319,165.95000000000002,0.0018302913459530828,0.034510875148028405
3320,166.0,0.0018265202980768025,0.03451088996861881
3321,166.05,0.001824164442234278,0.03451089960498772
3322,166.10000000000002,0.0018232381372023073,0.03451090537717962
3323,166.15,0.001823810846688477,0.034510908035982335
3324,166.20000000000002,0.001826007444363372,0.03451090792189298
3325,166.25,0.0018300103757542287,0.03451090503674148
3326,166.3,0.0018360637028436574,0.034510899050479965
3327,166.35000000000002,0.0018444789279319744,0.03451088924806832
3328,166.4,0.0018556421467900886,0.03451087440750375
3329,166.45000000000002,0.0018700212562049495,0.03451085258659274
3330,166.5,0.0018881701328423246,0.034510820783557355
3331,166.55,0.0019107229082704548,0.034510774434845425
3332,166.60000000000002,0.0019383636902693198,0.0345107067635198
3333,166.65,0.0019717413283149004,0.03451060823810333
3334,166.70000000000002,0.002011267158694505,0.03451046732548684
3335,166.75,0.0020566706428951044,0.03451027685959556
3336,166.8,0.002106064698374237,0.03451006027287843
3337,166.85000000000002,0.002154041568407204,0.03450995958654768
3338,166.9,0.002187926241204847,0.034510476466083934
3339,166.95000000000002,0.0021808084946763535,0.03451283034279481
3340,167.0,0.0020800704134450888,0.03451758164400851
3341,167.05,0.0017943460506246833,0.03451403249570151
3342,167.10000000000002,0.0012020699638729912,0.03448247712385611
3343,167.15,0.000257699020032472,0.03449517171014441
3344,167.20000000000002,0.0007287040758007979,0.034571429761028595
3345,167.25,0.0009929751352880157,0.03460345093699733
3346,167.3,0.0001120012750431165,0.03460566735928572
3347,167.35000000000002,0.0013718174410385729,0.03460442735712276
3348,167.4,0.0027911453262000722,0.03460414246349604
3349,167.45000000000002,0.003961313573191435,0.034604360502898446
3350,167.5,0.004748208662199787,0.03460465745840484
3351,167.55,0.00384400999086717,0.034604901396019475
3352,167.60000000000002,0.003825312248558823,0.03460507653540248
3353,167.65,0.02044012739697412,0.03460519670513772
3354,167.70000000000002,0.016935567723693343,0.03460527819464658
3355,167.75,0.0011322299818129601,0.034605333616234815
3356,167.8,0.004274535520115196,0.0346053716738598
3357,167.85000000000002,0.00464074583727353,0.034605398138889715
3358,167.9,0.004044001328128926,0.034605416795518255
3359,167.95000000000002,0.0034720050500575035,0.034605430129458395
3360,168.0,0.003060350478938584,0.034605439786759756
3361,168.05,0.0027840941181619156,0.03460544686963643
3362,168.10000000000002,0.0026046442296093287,0.034605452125382206
3363,168.15,0.002493894322729029,0.03460545606719086
3364,168.20000000000002,0.0024347367420866264,0.03460545905197082
3365,168.25,0.002418581023072,0.03460546133095672
3366,168.3,0.0024437465430733095,0.034605463083003565
3367,168.35000000000002,0.002515354124092879,0.03460546443674252
3368,168.4,0.0026470458198951273,0.03460546548550552
3369,168.45000000000002,0.002865326862192129,0.03460546629747525
3370,168.5,0.0032180623767123196,0.034605466922670816
3371,168.55,0.003788428335005991,0.034605467397788525
3372,168.60000000000002,0.004704918021698342,0.03460546774957252
3373,168.65,0.006050926110192711,0.034605467997157455
3374,168.70000000000002,0.006986686063830859,0.03460546815369635
3375,168.75,0.0005788125331227956,0.03460546822743973
3376,168.8,0.02938396907330475,0.03460546822241861
3377,168.85000000000002,0.024333024701937263,0.03460546813878579
3378,168.9,0.0026622575498415793,0.03460546797287424
3379,168.95000000000002,0.0070033149341157085,0.034605467716963156
3380,169.0,0.005817091002755838,0.03460546735873954
3381,169.05,0.004504891694422776,0.03460546688038953
3382,169.10000000000002,0.003626955582932503,0.03460546625722137
3383,169.15,0.0030729041445240325,0.034605465455658055
3384,169.20000000000002,0.0027185265664687683,0.03460546443035507
3385,169.25,0.0024850926598909617,0.03460546312005471
3386,169.3,0.002326472431186176,0.03460546144162276
3387,169.35000000000002,0.0022155769173403195,0.03460545928136667
3388,169.4,0.0021361136343539225,0.03460545648224843
3389,169.45000000000002,0.0020779894795390297,0.03460545282481262
3390,169.5,0.0020347619416016213,0.034605447998275
3391,169.55,0.002002200174425624,0.03460544155596262
3392,169.60000000000002,0.001977451658831242,0.034605432845361016
3393,169.65,0.00195854635330654,0.03460542089608439
3394,169.70000000000002,0.0019440938157685357,0.03460540423656774
3395,169.75,0.0019330936222295878,0.03460538058709389
3396,169.8,0.0019248140364285674,0.03460534633283089
3397,169.85000000000002,0.00191871280956696,0.03460529559509932
3398,169.9,0.0019143845931166707,0.03460521854909442
3399,169.95000000000002,0.0019115255401719478,0.034605098291919316
3400,170.0,0.0019099092592956904,0.03460490486362182
3401,170.05,0.0019093704512812752,0.03460458363773229
3402,170.10000000000002,0.0019097939009254591,0.034604032914728626
3403,170.15,0.0019111073506237197,0.0346030639065171
3404,170.20000000000002,0.0019132773463278827,0.03460135389513387
3405,170.25,0.0019163075364134574,0.03459857242842427
3406,170.3,0.0019202391927295003,0.03459603384175327
3407,170.35000000000002,0.001925153957852866,0.034607892758044725
3408,170.4,0.0019311790350168819,0.03470000230342495
3409,170.45000000000002,0.0019384952490173197,0.03471487818401342
3410,170.5,0.0019473486279817987,0.034426343792976724
3411,170.55,0.0019580663781714955,0.03589806678106959
3412,170.60000000000002,0.0019710782937009414,0.03595261951037513
3413,170.65,0.0019869446012791667,0.035918734102026194
3414,170.70000000000002,0.0020063905756162693,0.03591942847779377
3415,170.75,0.0020303459602900096,0.03592384377742629
3416,170.8,0.0020599808323005543,0.03592676256064923
3417,170.85000000000002,0.0020967131025237764,0.03592839373969436
3418,170.9,0.0021421218614979024,0.03592929195109933
3419,170.95000000000002,0.002197599782483999,0.03592979837754112
3420,171.0,0.0022633297736083854,0.03593009376092531
3421,171.05,0.0023355658328037716,0.03593027222644309
3422,171.10000000000002,0.0023997567320815437,0.03593038371920218
3423,171.15,0.002413874839637311,0.03593045554273922
3424,171.20000000000002,0.0022708910005086575,0.035930503114453206
3425,171.25,0.0017291115923964255,0.03593053542108471
3426,171.3,0.0003543605494577166,0.03593055786016724
3427,171.35000000000002,0.002226011248064677,0.03593057376459434
3428,171.4,0.005215551386719579,0.03593058524540836
3429,171.45000000000002,0.006060022455534606,0.03593059367124354
3430,171.5,0.0037957388191590317,0.03593059994852416
3431,171.55,0.0007805619615487256,0.03593060468939934
3432,171.60000000000002,0.0011805370995915249,0.03593060831475566
3433,171.65,0.002068148409906321,0.035930611118788806
3434,171.70000000000002,0.0023617855118250883,0.035930613310293534
3435,171.75,0.0023993137542202923,0.03593061503955572
3436,171.8,0.002344405286088393,0.03593061641617722
3437,171.85000000000002,0.0022649353053807086,0.035930617521064495
3438,171.9,0.0021860959391203035,0.03593061841462587
3439,171.95000000000002,0.0021157370391380937,0.035930619142447176
3440,172.0,0.0020551437747723116,0.035930619739270545
3441,172.05,0.002003391961219732,0.03593062023181719
3442,172.10000000000002,0.0019590393660903235,0.03593062064082397
3443,172.15,0.0019207403502616177,0.035930620982501334
3444,172.20000000000002,0.001887433186267608,0.03593062126962248
3445,172.25,0.0018583617212533854,0.03593062151231087
3446,172.3,0.001833035302930624,0.035930621718642156
3447,172.35000000000002,0.0018111676063422698,0.03593062189508502
3448,172.4,0.0017926105444131244,0.03593062204685228
3449,172.45000000000002,0.0017772908266105469,0.035930622178146424
3450,172.5,0.0017651541450056484,0.03593062229237751
3451,172.55,0.0017561210637709714,0.035930622392310346
3452,172.60000000000002,0.0017500575935829575,0.03593062248019377
3453,172.65,0.0017467616174744042,0.03593062255785839
3454,172.70000000000002,0.0017459640700420625,0.0359306226267941
3455,172.75,0.0017473416968034076,0.03593062268821887
3456,172.8,0.0017505369386819711,0.035930622743123974
3457,172.85000000000002,0.001755180280331705,0.03593062279232327
3458,172.9,0.001760911153735828,0.03593062283648209
3459,172.95000000000002,0.0017673948047918116,0.03593062287615051
3460,173.0,0.0017743339473976591,0.03593062291178264
3461,173.05,0.0017814751952599898,0.0359306229437571
3462,173.10000000000002,0.0017886110132433642,0.03593062297239305
3463,173.15,0.0017955782724058268,0.035930622997962555
3464,173.20000000000002,0.00180225452818541,0.03593062302069879
3465,173.25,0.0018085529970106014,0.03593062304080245
3466,173.3,0.0018144169894846519,0.03593062305845248
3467,173.35000000000002,0.0018198143375784,0.03593062307380676
3468,173.4,0.0018247321634238176,0.035930623087006175
3469,173.45000000000002,0.0018291721893808851,0.035930623098175456
3470,173.5,0.00183314668125775,0.03593062310742813
3471,173.55,0.0018366750422490548,0.03593062311486446
3472,173.60000000000002,0.001839781026776982,0.035930623120573504
3473,173.65,0.0018424905143822074,0.03593062312463138
3474,173.70000000000002,0.001844829768800449,0.035930623127103024
3475,173.75,0.0018468241021821574,0.03593062312804077
3476,173.8,0.001848496865921135,0.035930623127484546
3477,173.85000000000002,0.0018498686952330805,0.03593062312545968
3478,173.9,0.0018509569426886634,0.035930623121975695
3479,173.95000000000002,0.00185177524503195,0.03593062311702749
3480,174.0,0.0018523331769436607,0.03593062311059263
3481,174.05,0.0018526359545466878,0.03593062310262862
3482,174.10000000000002,0.0018526841601528637,0.035930623093072774
3483,174.15,0.0018524734681840305,0.035930623081839246
3484,174.20000000000002,0.0018519943606928142,0.035930623068816406
3485,174.25,0.0018512318298783996,0.03593062305386268
3486,174.3,0.0018501650751376426,0.03593062303680337
3487,174.35000000000002,0.0018487672142455194,0.035930623017425875
3488,174.4,0.0018470050429646957,0.03593062299547358
3489,174.45000000000002,0.0018448388956534656,0.03593062297063976
3490,174.5,0.0018422226818016329,0.03593062294255425
3491,174.55,0.0018391042002554065,0.0359306229107776
3492,174.60000000000002,0.0018354258636060412,0.035930622874787405
3493,174.65,0.0018311259980684893,0.035930622833958106
3494,174.70000000000002,0.0018261409153566507,0.03593062278754382
3495,174.75,0.0018204079757970228,0.035930622734651675
3496,174.8,0.001813869865674872,0.035930622674213764
3497,174.85000000000002,0.0018064802816307492,0.0359306226049448
3498,174.9,0.0017982111318660746,0.035930622525299494
3499,174.95000000000002,0.0017890612068507967,0.03593062243340782
3500,175.0,0.0017790660231978847,0.035930622327008006
3501,175.05,0.001768308196556786,0.03593062220334835
3502,175.10000000000002,0.0017569272699354838,0.03593062205907741
3503,175.15,0.0017451274672382342,0.035930621890095014
3504,175.20000000000002,0.0017331814602966123,0.035930621691369825
3505,175.25,0.0017214280794481467,0.035930621456712226
3506,175.3,0.0017102621323924257,0.03593062117847872
3507,175.35000000000002,0.001700115262444598,0.03593062084720301
3508,175.4,0.00169142810790768,0.03593062045111643
3509,175.45000000000002,0.0016846157726368755,0.035930619975550415
3510,175.5,0.0016800304282122704,0.035930619402151545
3511,175.55,0.0016779262315767133,0.03593061870788431
3512,175.60000000000002,0.0016784321473521057,0.0359306178637418
3513,175.65,0.0016815374058436324,0.0359306168330819
3514,175.70000000000002,0.0016870922745963785,0.03593061556946705
3515,175.75,0.0016948240495390267,0.03593061401390147
3516,175.8,0.0017043654198349173,0.03593061209126133
3517,175.85000000000002,0.0017152903607817976,0.035930609705777564
3518,175.9,0.0017271519213732666,0.035930606735400036
3519,175.95000000000002,0.0017395167467248469,0.035930603025006315
3520,176.0,0.0017519925893585522,0.03593059837872557
3521,176.05,0.001764246899297512,0.03593059255236594
3522,176.10000000000002,0.0017760163331933438,0.03593058524851627
3523,176.15,0.0017871083384945444,0.035930576120084316
3524,176.20000000000002,0.0017973967118212364,0.03593056479439526
3525,176.25,0.0018068132411045118,0.03593055094185124
3526,176.3,0.001815337361785895,0.03593053443399205
3527,176.35000000000002,0.0018229853602510907,0.0359305156675103
3528,176.4,0.0018298001906620783,0.03593049616335756
3529,176.45000000000002,0.00183584253579221,0.03593047952331136
3530,176.5,0.0018411833915693515,0.03593047251811851
3531,176.55,0.0018458982044730079,0.0359304848427056
3532,176.60000000000002,0.0018500624331675426,0.035930522487794776
3533,176.65,0.0018537483217548874,0.03593056249388789
3534,176.70000000000002,0.0018570226403879172,0.03593049337437944
3535,176.75,0.0018599451500873974,0.03593004796551947
3536,176.8,0.0018625675672293844,0.035928920647109716
3537,176.85000000000002,0.0018649328283513189,0.03592737007432094
3538,176.9,0.0018670744804975047,0.035926792859256686
3539,176.95000000000002,0.0018690160421336562,0.035928562536551314
3540,177.0,0.0018707701925438404,0.035932005596920544
3541,177.05,0.0018723376530018262,0.035935181947378374
3542,177.10000000000002,0.0018737056214739296,0.03593710821229611
3543,177.15,0.001874845616297255,0.03593799445432437
3544,177.20000000000002,0.0018757105772219207,0.03593834382647471
3545,177.25,0.0018762310721232545,0.03593848424467553
3546,177.3,0.0018763104781812508,0.03593855716822845
3547,177.35000000000002,0.0018758190706120155,0.03593860914365544
3548,177.4,0.0018745870985387265,0.03593865188801489
3549,177.45000000000002,0.0018723972161359033,0.03593868737787437
3550,177.5,0.001868977155240694,0.03593871584740423
3551,177.55,0.001863994387116798,0.03593873764356418
3552,177.60000000000002,0.001857055847210583,0.03593875335415024
3553,177.65,0.0018477176513008984,0.03593876362142426
3554,177.70000000000002,0.0018355119754446655,0.03593876899323089
3555,177.75,0.0018200002955542065,0.03593876985927114
3556,177.8,0.0018008625228496757,0.03593876646177083
3557,177.85000000000002,0.0017780275952163148,0.03593875898206645
3558,177.9,0.0017518392564673038,0.03593874773983654
3559,177.95000000000002,0.0017232284472863176,0.03593873359470874
3560,178.0,0.001693833397138228,0.03593871871326032
3561,178.05,0.0016659831428865789,0.03593870793419744
3562,178.10000000000002,0.0016424646238376267,0.03593871088434845
3563,178.15,0.0016260524937947048,0.035938744217348634
3564,178.20000000000002,0.001618891900155945,0.035938830249012926
3565,178.25,0.0016219354496359473,0.03593897944262027
3566,178.3,0.001634663133194664,0.03593912794715398
3567,178.35000000000002,0.0016552119606710138,0.03593900321669287
3568,178.4,0.0016808593845134216,0.03593802875207202
3569,178.45000000000002,0.0017086578631412023,0.03593577225934836
3570,178.5,0.0017359932317523223,0.03593329346737371
3571,178.55,0.0017609266717035779,0.035933345457649236
3572,178.60000000000002,0.00178230087962638,0.03593700280749587
3573,178.65,0.0017996743569864255,0.035941770860768954
3574,178.70000000000002,0.0018131716608546305,0.03594505554039031
3575,178.75,0.0018233196532877558,0.03594652202953954
3576,178.8,0.0018309079807995322,0.03594695834228105
3577,178.85000000000002,0.0018368848139930821,0.03594702110487615
3578,178.9,0.001842282600214231,0.03594700449281213
3579,178.95000000000002,0.001848161950120437,0.035946994679304275
3580,179.0,0.0018555608968477777,0.035947002292615535
3581,179.05,0.0018654376914207156,0.0359470201575131
3582,179.10000000000002,0.0018785945251189303,0.03594704083766697
3583,179.15,0.001895563407603744,0.03594705976400947
3584,179.20000000000002,0.0019164188165309648,0.03594707461300012
3585,179.25,0.0019404464825042735,0.03594708422376094
3586,179.3,0.001965529992478095,0.03594708775489482
3587,179.35000000000002,0.001986995287287115,0.035947084056358825
3588,179.4,0.001995453943312226,0.0359470710683305
3589,179.45000000000002,0.0019729267463379405,0.03594704499464815
3590,179.5,0.0018864480690195438,0.03594699885541195
3591,179.55,0.0016794793175749516,0.035946919642995824
3592,179.60000000000002,0.001266866760182541,0.03594678234228371
3593,179.65,0.0005541893763256237,0.035946536578934256
3594,179.70000000000002,0.00047698686817662287,0.035946074820026694
3595,179.75,0.0016088699875720248,0.03594515106194554
3596,179.8,0.00233352491967077,0.03594315709599628
3597,179.85000000000002,0.0022058117985569803,0.03593847229363286
3598,179.9,0.0013252689677469274,0.03592670843425552
3599,179.95000000000002,0.0002095953307460731,0.035901128961841784
3600,180.0,0.0007226562454729624,0.035989160972760864
3601,180.05,0.0013465072790263288,0.0383104103858699
3602,180.10000000000002,0.0017101008659307147,0.030597613651374353
3603,180.15,0.0019002917868882437,0.032853207300133684
3604,180.20000000000002,0.0019871648682252695,0.032318760748850726
3605,180.25,0.0020159294264224833,0.032346361523326594
3606,180.3,0.0020130899275690433,0.03236577465439064
3607,180.35000000000002,0.001993541654345817,0.03237336865140655
3608,180.4,0.001965570589576599,0.03237645244765815
3609,180.45000000000002,0.001933902287333018,0.03237782061054944
3610,180.5,0.001901458178118642,0.032378481463273996
3611,180.55,0.0018703359845297916,0.032378824961900976
3612,180.60000000000002,0.0018423293844578672,0.032379014910440505
3613,180.65,0.0018191613338909534,0.03237912558334777
3614,180.70000000000002,0.0018025254049448397,0.03237919299316271
3615,180.75,0.0017939902002463688,0.03237923564294013
3616,180.8,0.0017948046227609777,0.032379263528388054
3617,180.85000000000002,0.0018056302600446491,0.03237928228995796
3618,180.9,0.0018262068804686784,0.032379295234151215
3619,180.95000000000002,0.0018549164071965444,0.03237930436541628
3620,181.0,0.0018881443684162715,0.032379310935539495
3621,181.05,0.0019192545164718534,0.03237931574725322
3622,181.10000000000002,0.0019369385803376332,0.03237931932770061
3623,181.15,0.001922831105576484,0.03237932203053162
3624,181.20000000000002,0.001848997264491223,0.03237932409764815
3625,181.25,0.0016780341143920522,0.032379325697455476
3626,181.3,0.0013727854424981864,0.032379326949094324
3627,181.35000000000002,0.000926191286819473,0.03237932793810325
3628,181.4,0.00041065531421553776,0.03237932872673651
3629,181.45000000000002,2.577745528978646e-06,0.032379329360869
3630,181.5,9.693356400623123e-05,0.0323793298747021
3631,181.55,0.00017541748396966505,0.03237933029400585
3632,181.60000000000002,0.0006848798838865413,0.03237933063839226
3633,181.65,0.0012237242297143014,0.03237933092292553
3634,181.70000000000002,0.0016554076571350326,0.03237933115927644
3635,181.75,0.0019449550509406128,0.03237933135655762
3636,181.8,0.00211579700506926,0.032379331521937074
3637,181.85000000000002,0.0022064480668099835,0.032379331661092914
3638,181.9,0.0022499798261257906,0.032379331778548834
3639,181.95000000000002,0.002269349893496857,0.032379331877929865
3640,182.0,0.0022789291424043143,0.03237933196215408
3641,182.05,0.0022871555786528643,0.03237933203358115
3642,182.10000000000002,0.0022985700754620544,0.03237933209412443
3643,182.15,0.0023148463246386725,0.032379332145336184
3644,182.20000000000002,0.002334704845062153,0.032379332188479756
3645,182.25,0.0023523799341417786,0.03237933222457702
3646,182.3,0.002353758156520244,0.032379332254454565
3647,182.35000000000002,0.002308406386778413,0.032379332278769386
3648,182.4,0.002154717136797118,0.03237933229803863
3649,182.45000000000002,0.0017767008160852926,0.03237933231265553
3650,182.5,0.0009854751436643803,0.03237933232290339
3651,182.55,0.0004243748616980169,0.03237933232896523
3652,182.60000000000002,0.0023791926493638934,0.032379332330929926
3653,182.65,0.00404296741749955,0.032379332328793926
3654,182.70000000000002,0.004165868956419692,0.03237933232246052
3655,182.75,0.0026829533759786996,0.032379332311736654
3656,182.8,0.0008414604090884721,0.03237933229632374
3657,182.85000000000002,0.00043904166694586197,0.032379332275808824
3658,182.9,0.0010872282467188478,0.03237933224964537
3659,182.95000000000002,0.0013745563049040405,0.03237933221713151
3660,183.0,0.001536680535043723,0.03237933217738491
3661,183.05,0.001680933428436365,0.032379332129302815
3662,183.10000000000002,0.0018216560850768126,0.03237933207151463
3663,183.15,0.0019403277268922033,0.03237933200232095
3664,183.20000000000002,0.002022985419299876,0.03237933191961329
3665,183.25,0.0020690217457752565,0.03237933182077268
3666,183.3,0.0020861198253547954,0.032379331702532314
3667,183.35000000000002,0.0020839237563063003,0.03237933156080219
3668,183.4,0.002070617781349923,0.03237933139043747
3669,183.45000000000002,0.002051990921061069,0.03237933118492735
3670,183.5,0.00203169177613881,0.03237933093598389
3671,183.55,0.002011813409787171,0.03237933063297773
3672,183.60000000000002,0.001993436644588887,0.03237933026217941
3673,183.65,0.0019770308864349626,0.03237932980570538
3674,183.70000000000002,0.001962719164683925,0.03237932924005706
3675,183.75,0.001950442343043742,0.03237932853406059
3676,183.8,0.0019400562763931676,0.032379327645931585
3677,183.85000000000002,0.0019313870526864781,0.03237932651904088
3678,183.9,0.0019242610959555487,0.032379325075703784
3679,183.95000000000002,0.0019185207003087617,0.032379323207957375
3680,184.0,0.001914031435105002,0.032379320763607146
3681,184.05,0.0019106852674264311,0.03237931752475385
3682,184.10000000000002,0.0019084016771758838,0.03237931317407743
3683,184.15,0.0019071281172828264,0.032379307240775534
3684,184.20000000000002,0.0019068406496664616,0.03237929901177103
3685,184.25,0.0019075453132984357,0.03237928738208828
3686,184.3,0.0019092806631704443,0.03237927059532159
3687,184.35000000000002,0.0019121219066763776,0.03237924577885509
3688,184.4,0.0019161871307905752,0.03237920808122946
3689,184.45000000000002,0.0019216462475379254,0.03237914900554698
3690,184.5,0.001928733481582579,0.03237905304084512
3691,184.55,0.0019377644717521278,0.03237889049672385
3692,184.60000000000002,0.001949159320265275,0.03237860135940122
3693,184.65,0.0019634730816717053,0.032378056507946014
3694,184.70000000000002,0.001981434915526889,0.03237695788550261
3695,184.75,0.002003995600062807,0.032374564240256636
3696,184.8,0.0020323782282707548,0.032368919272006365
3697,184.85000000000002,0.0020681134763313475,0.03235516464944923
3698,184.9,0.0021130058505448245,0.032333732785792234
3699,184.95000000000002,0.002168888120588276,0.032598008747933525
3700,185.0,0.0022367952272705502,0.03457339109780839
3701,185.05,0.0023146191222341585,0.03827666216729886
3702,185.10000000000002,0.0023908909840542236,0.03727436631786447
3703,185.15,0.002429010020523784,0.03703953309127423
3704,185.20000000000002,0.0023296859712147464,0.03706597416455467
3705,185.25,0.001854233598288649,0.037080937719759864
3706,185.3,0.0005340480852378562,0.037086938517959855
3707,185.35000000000002,0.0021421962004276535,0.03708945662738496
3708,185.4,0.005535856157328713,0.037090605361206216
3709,185.45000000000002,0.006775707878746102,0.03709117280064665
3710,185.5,0.004392763803141603,0.037091473092423694
3711,185.55,0.001034285734209975,0.037091641571779105
3712,185.60000000000002,0.0011278276201317219,0.03709174089621554
3713,185.65,0.002078005858774375,0.037091801975177946
3714,185.70000000000002,0.0023797947505058824,0.03709184092119925
3715,185.75,0.0024138072284386075,0.03709186654568263
3716,185.8,0.002356880263149866,0.03709188387289452
3717,185.85000000000002,0.00227926515182868,0.037091895874580484
3718,185.9,0.0022056987470402806,0.0370919043662025
3719,185.95000000000002,0.002143167431254726,0.03709191048911032
3720,186.0,0.0020922394564440137,0.037091914979453425
3721,186.05,0.002051460286341545,0.03709191832307016
3722,186.10000000000002,0.0020189777734685253,0.037091920847304796
3723,186.15,0.0019930909170887507,0.03709192277689336
3724,186.20000000000002,0.0019723927573435827,0.037091924268780566
3725,186.25,0.001955769493949353,0.0370919254342915
3726,186.3,0.0019423564015634829,0.03709192635352826
3727,186.35000000000002,0.0019314874927631107,0.037091927084887254
3728,186.4,0.0019226510821830954,0.03709192767146158
3729,186.45000000000002,0.001915454033964931,0.03709192814540906
3730,186.5,0.0019095942020501983,0.03709192853097537
3731,186.55,0.0019048396601070348,0.03709192884662149
3732,186.60000000000002,0.0019010132680522263,0.03709192910652639
3733,186.65,0.0018979813448921528,0.037091929321674454
3734,186.70000000000002,0.0018956454897387429,0.03709192950063943
3735,186.75,0.0018939368385024798,0.03709192965016345
3736,186.8,0.0018928122440336206,0.037091929775584044
3737,186.85000000000002,0.0018922520238931978,0.03709192988115148
3738,186.9,0.001892259039447594,0.037091929970269194
3739,186.95000000000002,0.0018928589590325932,0.03709193004568038
3740,187.0,0.001894101619411112,0.037091930109600754
3741,187.05,0.0018960634305761677,0.03709193016383204
3742,187.10000000000002,0.0018988507559599167,0.03709193020983914
3743,187.15,0.0019026041118565531,0.037091930248819814
3744,187.20000000000002,0.0019075028010403134,0.03709193028175224
3745,187.25,0.001913769094662232,0.03709193030943413
3746,187.3,0.0019216700422802632,0.03709193033251654
3747,187.35000000000002,0.0019315129023195238,0.037091930351525595
3748,187.4,0.0019436260043491794,0.03709193036688072
3749,187.45000000000002,0.0019583084903881305,0.037091930378915526
3750,187.5,0.0019757156233237106,0.03709193038788117
3751,187.55,0.0019956127465594426,0.03709193039395966
3752,187.60000000000002,0.002016863882730099,0.037091930397269456
3753,187.65,0.0020363891359499444,0.03709193039786731
3754,187.70000000000002,0.0020470768288923065,0.037091930395752044
3755,187.75,0.002033715993306623,0.03709193039086348
3756,187.8,0.0019654995213333835,0.037091930383080805
3757,187.85000000000002,0.001783849257561887,0.03709193037221657
3758,187.9,0.0013886889826994694,0.03709193035801348
3759,187.95000000000002,0.0006443029833947514,0.03709193034013199
3760,188.0,0.0005339087240133447,0.03709193031814265
3761,188.05,0.0019479345439808306,0.037091930291504885
3762,188.10000000000002,0.0029349497585482542,0.03709193025955303
3763,188.15,0.0028034203274477356,0.03709193022146557
3764,188.20000000000002,0.001657315383002157,0.037091930176235105
3765,188.25,0.0002577790915421214,0.037091930122626994
3766,188.3,0.0008253666474443929,0.0370919300591257
3767,188.35000000000002,0.0014801576927784554,0.03709192998386559
3768,188.4,0.0018172312989992866,0.03709192989454548
3769,188.45000000000002,0.001968040815221259,0.03709192978831238
3770,188.5,0.002022887932558456,0.03709192966161738
3771,188.55,0.002032919682395068,0.03709192951001769
3772,188.60000000000002,0.002024449744548773,0.037091929327925266
3773,188.65,0.002010177830685852,0.037091929108261666
3774,188.70000000000002,0.001995841353488619,0.03709192884200569
3775,188.75,0.0019837645889223357,0.03709192851757168
3776,188.8,0.0019746612122266845,0.03709192811996684
3777,188.85000000000002,0.0019685228976308615,0.037091927629624516
3778,188.9,0.0019650442627515536,0.037091927020776204
3779,188.95000000000002,0.0019638153678012715,0.03709192625915509
3780,189.0,0.001964397723783542,0.037091925298716175
3781,189.05,0.0019663410634476524,0.03709192407687975
3782,189.10000000000002,0.0019691685272816397,0.037091922507553436
3783,189.15,0.001972343043127033,0.03709192047071501
3784,189.20000000000002,0.001975220393822738,0.037091917796606956
3785,189.25,0.0019769914507196647,0.03709191424132394
3786,189.3,0.001976616064076668,0.037091909448326965
3787,189.35000000000002,0.001972754191941203,0.037091902886470414
3788,189.4,0.0019637069836646614,0.03709189374777378
3789,189.45000000000002,0.0019473932606744663,0.03709188077432259
3790,189.5,0.0019214064790544964,0.03709186195652491
3791,189.55,0.0018832228837656502,0.037091833989912754
3792,189.60000000000002,0.001830655826201938,0.03709179126147468
3793,189.65,0.0017626539371462103,0.03709172388064186
3794,189.70000000000002,0.001680483621265173,0.037091613678704685
3795,189.75,0.001589168965456399,0.03709142566212051
3796,189.8,0.0014987592627185777,0.03709108871086573
3797,189.85000000000002,0.0014246286875025161,0.037090449309660635
3798,189.9,0.001385807925994385,0.037089153978494147
3799,189.95000000000002,0.0014005520960030222,0.03708633940643116
3800,190.0,0.0014787875678544192,0.03707987815037299
3801,190.05,0.0016105716240250895,0.037066070854568645
3802,190.10000000000002,0.0017459823919103975,0.03706896576190998
3803,190.15,0.001753044038815968,0.03761929618885697
3804,190.20000000000002,0.001332983540397467,0.036645257881145865
3805,190.25,7.759559142075127e-05,0.04552988821558933
3806,190.3,0.0030767733168919516,0.04455226805725012
3807,190.35000000000002,0.006910323436212418,0.04445184667034476
3808,190.4,0.008285908166318709,0.04447083340559758
3809,190.45000000000002,0.005574317246821643,0.04448162892465541
3810,190.5,0.0017351949978036472,0.04448622410472675
3811,190.55,0.0008021381909828559,0.044488245795529874
3812,190.60000000000002,0.001957754895171859,0.04448920137467967
3813,190.65,0.0023291685655264503,0.04448968617605171
3814,190.70000000000002,0.0023516813781408333,0.04448994797047228
3815,190.75,0.002244512909952052,0.044490097086959494
3816,190.8,0.0021038582893048905,0.04449018594689222
3817,190.85000000000002,0.0019688674639180737,0.04449024094987449
3818,190.9,0.001854274951602576,0.04449027608750862
3819,190.95000000000002,0.0017646908646043913,0.044490299112327825
3820,191.0,0.0017004561145505886,0.04449031448794567
3821,191.05,0.001659914324091594,0.04449032486917955
3822,191.10000000000002,0.0016402862526446983,0.044490331876624815
3823,191.15,0.0016380872149490253,0.0444903365169083
3824,191.20000000000002,0.0016494515497646046,0.04449033941735732
3825,191.25,0.0016704594068491744,0.044490340959252236
3826,191.3,0.0016974468327461084,0.04449034135286769
3827,191.35000000000002,0.0017272507767152597,0.04449034067660414
3828,191.4,0.001757354925274114,0.04449033889110637
3829,191.45000000000002,0.0017859308814475322,0.04449033583213064
3830,191.5,0.0018117934542559817,0.044490331180222775
3831,191.55,0.0018343008969640235,0.04449032439887461
3832,191.60000000000002,0.0018532312929619348,0.044490314623275094
3833,191.65,0.001868659416302288,0.04449030046510627
3834,191.70000000000002,0.0018808491318236518,0.04449027966735764
3835,191.75,0.0018901680598691346,0.04449024848115429
3836,191.8,0.0018970252810507882,0.044490200510802214
3837,191.85000000000002,0.0019018294280125879,0.04449012451333072
3838,191.9,0.0019049630672055167,0.044490000102166936
3839,191.95000000000002,0.0019067691110686792,0.04448978925462754
3840,192.0,0.0019075455151252349,0.04448941993350746
3841,192.05,0.0019075452852063042,0.04448875913640992
3842,192.10000000000002,0.0019069796012700232,0.04448760420271792
3843,192.15,0.0019060225380588638,0.04448598696627176
3844,192.20000000000002,0.0019048163908872724,0.044486947993407515
3845,192.25,0.001903477001249166,0.044513288103070946
3846,192.3,0.0019020987442784486,0.04460966129864822
3847,192.35000000000002,0.0019007590152716435,0.04426791540422043
3848,192.4,0.0018995221600300312,0.04496651547885651
3849,192.45000000000002,0.0018984428533483633,0.04512049630472889
3850,192.5,0.001897568955611816,0.045071767820613236
3851,192.55,0.0018969438779403893,0.04506582243343668
3852,192.60000000000002,0.0018966084655472329,0.045067555535801364
3853,192.65,0.0018966023660110624,0.045069163417391166
3854,192.70000000000002,0.001896964777324158,0.04507010108579722
3855,192.75,0.0018977343558225879,0.04507061590837269
3856,192.8,0.0018989478811140498,0.04507090215650617
3857,192.85000000000002,0.0019006369809995184,0.04507106633634101
3858,192.9,0.0019028217423220244,0.04507116375379851
3859,192.95000000000002,0.0019054992551558903,0.045071223388855365
3860,193.0,0.0019086238621096134,0.04507126085337566
3861,193.05,0.001912073794340959,0.04507128484186302
3862,193.10000000000002,0.0019155954658100095,0.04507130036862426
3863,193.15,0.0019187111989312543,0.04507131043544869
3864,193.20000000000002,0.001920567499052267,0.04507131692055406
3865,193.25,0.0019196879937876461,0.045071321071274394
3866,193.3,0.0019135774240393918,0.045071323788114084
3867,193.35000000000002,0.0018981041086950307,0.04507132579107232
3868,193.4,0.00186658397045627,0.045071327705937934
3869,193.45000000000002,0.001808548106958598,0.045071330071178015
3870,193.5,0.001708419117066977,0.04507133323150185
3871,193.55,0.001544989202923078,0.04507133704766881
3872,193.60000000000002,0.0012939804133591788,0.04507134032559862
3873,193.65,0.0009378332084466084,0.04507133989773743
3874,193.70000000000002,0.00048666124552263623,0.04507132948077591
3875,193.75,5.438971939911318e-06,0.045071298938362016
3876,193.8,0.0003786393430119419,0.04507123543008672
3877,193.85000000000002,0.0005246369601098908,0.04507112858450396
3878,193.9,0.0003701870278698677,0.04507098065513839
3879,193.95000000000002,1.9261447503841242e-05,0.04507081771039836
3880,194.0,0.0005019388525851955,0.04507069109696095
3881,194.05,0.0009518423158747805,0.045070658907674054
3882,194.10000000000002,0.0013056138295609045,0.045070753175908
3883,194.15,0.0015541878242812906,0.04507095785201138
3884,194.20000000000002,0.0017155297816487214,0.04507121806522243
3885,194.25,0.001813955434303333,0.04507147210116606
3886,194.3,0.0018705771980162544,0.0450716789857565
3887,194.35000000000002,0.0019008619842112865,0.04507182575228451
3888,194.4,0.0019151927875370358,0.045071919054255276
3889,194.45000000000002,0.001920197007400475,0.045071973275487114
3890,194.5,0.001919972491167533,0.045072002487936635
3891,194.55,0.0019169958575346038,0.045072017230330164
3892,194.60000000000002,0.0019127340251698932,0.045072024272762454
3893,194.65,0.001908036179022144,0.045072027519916916
3894,194.70000000000002,0.0019033783397560337,0.04507202903045886
3895,194.75,0.0018990136656140174,0.045072029791408015
3896,194.8,0.0018950639944929988,0.045072030211530376
3897,194.85000000000002,0.0018915752554611075,0.045072030402632295
3898,194.9,0.0018885508190197718,0.045072030325431105
3899,194.95000000000002,0.001885971423097951,0.04507202985608905
3900,195.0,0.0018838069453660413,0.04507202880769228
3901,195.05,0.0018820232309062148,0.04507202692513574
3902,195.10000000000002,0.0018805859281948085,0.045072023861902455
3903,195.15,0.0018794625217975643,0.04507201914171859
3904,195.20000000000002,0.0018786232841985918,0.04507201210657937
3905,195.25,0.0018780415843133347,0.04507200185695912
3906,195.3,0.001877693815373583,0.04507198720838833
3907,195.35000000000002,0.001877559096910139,0.04507196674278008
3908,195.4,0.0018776188383550882,0.04507193918194817
3909,195.45000000000002,0.0018778562093634578,0.04507190470092088
3910,195.5,0.0018782555344957926,0.04507186876603486
3911,195.55,0.0018788016114411712,0.045071852213722355
3912,195.60000000000002,0.0018794789386373878,0.04507191450811028
3913,195.65,0.0018802708277165213,0.045072193360586696
3914,195.70000000000002,0.0018811583671562195,0.04507290195961591
3915,195.75,0.0018821191950783751,0.04507393299489674
3916,195.8,0.0018831260308814126,0.04507331527739452
3917,195.85000000000002,0.0018841449073556712,0.04506697458838532
3918,195.9,0.0018851330375300433,0.04506045873016486
3919,195.95000000000002,0.0018860362445378123,0.04506926130039183
3920,196.0,0.0018867858796501203,0.045083241437117894
3921,196.05,0.0018872951549340573,0.04508872972790697
3922,196.10000000000002,0.0018874548249160812,0.04508903079238638
3923,196.15,0.0018871281676488814,0.045088467175127836
3924,196.20000000000002,0.001886145240106197,0.045088149304200395
3925,196.25,0.0018842964125309093,0.04508806253260386
3926,196.3,0.0018813252117130287,0.04508807704562448
3927,196.35000000000002,0.0018769205041986082,0.0450881206798387
3928,196.4,0.0018707079943588558,0.045088165114186854
3929,196.45000000000002,0.0018622408558393209,0.04508820198412854
3930,196.5,0.0018509890214505665,0.04508823034267933
3931,196.55,0.0018363262434603683,0.04508825148025074
3932,196.60000000000002,0.0018175136735023884,0.04508826705016847
3933,196.65,0.0017936788893412874,0.04508827849199571
3934,196.70000000000002,0.0017637910473307533,0.04508828691883762
3935,196.75,0.0017266379138446675,0.04508829315003127
3936,196.8,0.0016808212436186147,0.04508829777575376
3937,196.85000000000002,0.001624805211145224,0.045088301217340664
3938,196.9,0.0015570772082914178,0.04508830377466101
3939,196.95000000000002,0.001476502346621662,0.045088305660832564
3940,197.0,0.0013829497540871478,0.04508830702681636
3941,197.05,0.0012782018780587252,0.04508830797852467
3942,197.10000000000002,0.0011669881059841792,0.04508830858851517
3943,197.15,0.0010577179696559455,0.045088308903820554
3944,197.20000000000002,0.0009622543450352294,0.04508830895093568
3945,197.25,0.0008941360273732234,0.04508830873863738
3946,197.3,0.0008652821334694266,0.045088308259002945
3947,197.35000000000002,0.0008822407536556212,0.04508830748676605
3948,197.4,0.0009437455472675569,0.04508830637690338
3949,197.45000000000002,0.0010409216965547188,0.045088304860101625
3950,197.5,0.0011600341962952564,0.04508830283541304
3951,197.55,0.0012863127831435164,0.04508830015895248
3952,197.60000000000002,0.0014071368130488704,0.04508829662671685
3953,197.65,0.00151365300798879,0.04508829194849156
3954,197.70000000000002,0.0016008925246544002,0.045088285707834165
3955,197.75,0.0016669953116457568,0.04508827729989459
3956,197.8,0.0017121705859778691,0.045088265833231486
3957,197.85000000000002,0.0017377869775084558,0.0450882499719709
3958,197.9,0.0017457411075578518,0.04508822767712991
3959,197.95000000000002,0.0017381008518446682,0.04508819577411989
3960,198.0,0.0017169567703932903,0.04508814921487077
3961,198.05,0.0016844054355244266,0.045088079795039204
3962,198.10000000000002,0.00164259964730473,0.04508797389006056
3963,198.15,0.0015938152043447726,0.04508780843770641
3964,198.20000000000002,0.0015404958785942733,0.04508754393592009
3965,198.25,0.0014852477936019245,0.04508711321487212
3966,198.3,0.0014307643152480184,0.04508640883140827
3967,198.35000000000002,0.0013796755580688016,0.0450852993037938
3968,198.4,0.0013343335426337461,0.04508384883064351
3969,198.45000000000002,0.001296562852272978,0.045083584288964945
3970,198.5,0.001267422582017346,0.04509280675470342
3971,198.55,0.0012470328457539735,0.04513291920218537
3972,198.60000000000002,0.0012345145551292014,0.045123140327576215
3973,198.65,0.001228075421918922,0.04494350162550077
3974,198.70000000000002,0.0012252532103915878,0.04557255027807508
3975,198.75,0.0012233052630938098,0.045800548527866254
3976,198.8,0.001219713778434192,0.04579187464287514
3977,198.85000000000002,0.0012127555680653483,0.04578731898509089
3978,198.9,0.0012020557717599043,0.04578910363499674
3979,198.95000000000002,0.001189005244371672,0.04579124780883064
3980,199.0,0.001176886268169645,0.04579269371959064
3981,199.05,0.0011705583774399358,0.04579356663937691
3982,199.10000000000002,0.0011756490001383396,0.04579408510147136
3983,199.15,0.0011973797990312395,0.04579439722218893
3984,199.20000000000002,0.0012393685833646784,0.045794589606803
3985,199.25,0.0013028437353376915,0.045794711350833496
3986,199.3,0.0013865890426016769,0.04579479042943048
3987,199.35000000000002,0.001487634691491241,0.04579484307900881
3988,199.4,0.0016023925680589226,0.04579487894354996
3989,199.45000000000002,0.0017277656177299772,0.045794903892202976
3990,199.5,0.0018617551645574522,0.045794921583099064
3991,199.55,0.0020030712175710457,0.045794934348719396
3992,199.60000000000002,0.0021488878593426378,0.04579494370836014
3993,199.65,0.0022886386998091815,0.04579495067148022
3994,199.70000000000002,0.002388673075507115,0.0457949559212583
3995,199.75,0.002356758839172942,0.04579495992800732
3996,199.8,0.001971923271083834,0.04579496302065149
3997,199.85000000000002,0.0008070383843239938,0.04579496543261769
3998,199.9,0.001591596927537765,0.04579496733182857
3999,199.95000000000002,0.004651390264101315,0.04579496884061348
4000,200.0,0.005835686921057679,0.04579497004913934
4001,200.05,0.0037420411030291943,0.045794971024596905
4002,200.10000000000002,0.0006378101185788209,0.045794971817567434
4003,200.15,0.0014208889869730666,0.04579497246649509
4004,200.20000000000002,0.0023313741391592516,0.04579497300085993
4005,200.25,0.00260519715098067,0.04579497344345783
4006,200.3,0.002612193856920226,0.045794973812056425
4007,200.35000000000002,0.0025297834466930505,0.0457949741206061
4008,200.4,0.0024295357294323995,0.04579497438013662
4009,200.45000000000002,0.0023366182464323766,0.04579497459942668
4010,200.5,0.0022578470044730217,0.04579497478550476
4011,200.55,0.002193381953912499,0.045794974944033166
4012,200.60000000000002,0.0021413200874505454,0.04579497507959796
4013,200.65,0.0020994023654877982,0.0457949751959309
4014,200.70000000000002,0.0020655865803199,0.04579497529608669
4015,200.75,0.0020381900570117847,0.04579497538257438
4016,200.8,0.002015880089733802,0.0457949754574652
4017,200.85000000000002,0.001997619433344835,0.045794975522474225
4018,200.9,0.00198260635850661,0.04579497557902845
4019,200.95000000000002,0.001970222173473927,0.04579497562831731
4020,201.0,0.0019599890225551826,0.045794975671335295
4021,201.05,0.0019515372490473972,0.04579497570891734
4022,201.10000000000002,0.001944580642772163,0.04579497574176361
4023,201.15,0.0019388978604564303,0.04579497577046175
4024,201.20000000000002,0.0019343185692786194,0.04579497579550733
4025,201.25,0.0019307131765132104,0.04579497581731381
4026,201.3,0.0019279852884394961,0.04579497583622957
4027,201.35000000000002,0.001926066269520045,0.04579497585254334
4028,201.4,0.001924911451195881,0.045794975866493566
4029,201.45000000000002,0.001924497677849378,0.04579497587827379
4030,201.5,0.0019248219864049139,0.0457949758880385
4031,201.55,0.0019259013048730956,0.045794975895907336
4032,201.60000000000002,0.0019277731322384947,0.04579497590196765
4033,201.65,0.0019304972346928793,0.04579497590627364
4034,201.70000000000002,0.0019341584680926415,0.04579497590885336
4035,201.75,0.0019388709207078289,0.04579497590970376
4036,201.8,0.0019447836716259559,0.045794975908793716
4037,201.85000000000002,0.0019520885877038626,0.045794975906063594
4038,201.9,0.001961030746718532,0.04579497590141975
4039,201.95000000000002,0.001971922289005322,0.04579497589473745
4040,202.0,0.0019851607772317487,0.045794975885854065
4041,202.05,0.002001253492069717,0.04579497587456531
4042,202.10000000000002,0.0020208494996061315,0.04579497586062155
4043,202.15,0.0020447817310687982,0.045794975843718416
4044,202.20000000000002,0.0020741215176344847,0.04579497582349172
4045,202.25,0.0021102474920807724,0.04579497579950352
4046,202.3,0.002154928174265316,0.04579497577123142
4047,202.35000000000002,0.0022104096484485626,0.04579497573805394
4048,202.4,0.002279478632502374,0.04579497569922961
4049,202.45000000000002,0.002365417756464687,0.045794975653873055
4050,202.5,0.002471637055629509,0.04579497560092619
4051,202.55,0.0026004378825640827,0.045794975539122616
4052,202.60000000000002,0.0027495585986328074,0.04579497546694084
4053,202.65,0.0029031869557770208,0.04579497538254906
4054,202.70000000000002,0.0030095285415334943,0.045794975283732574
4055,202.75,0.002927539864173464,0.045794975167803925
4056,202.8,0.0023134902049937378,0.04579497503149105
4057,202.85000000000002,0.00044669642936155386,0.045794974870787555
4058,202.9,0.0037300943771132913,0.04579497468077208
4059,202.95000000000002,0.010279387736859503,0.04579497445536053
4060,203.0,0.015385187982286243,0.045794974186999814
4061,203.05,0.013736447161912234,0.045794973866253724
4062,203.10000000000002,0.007234956373450216,0.04579497348126811
4063,203.15,0.0015509453350353963,0.045794973017053896
4064,203.20000000000002,0.0014847461359201177,0.04579497245453388
4065,203.25,0.002681498350932567,0.04579497176925489
4066,203.3,0.0029992681613989487,0.04579497092963777
4067,203.35000000000002,0.002971701479515787,0.045794969894575176
4068,203.4,0.002834237524701365,0.045794968610108074
4069,203.45000000000002,0.0026789832022079724,0.04579496700476998
4070,203.5,0.002537727566151052,0.045794964983008314
4071,203.55,0.0024186334643271504,0.045794962415772175
4072,203.60000000000002,0.0023213028211103467,0.045794959126894005
4073,203.65,0.0022427103690952992,0.04579495487314771
4074,203.70000000000002,0.002179428499972341,0.04579494931466072
4075,203.75,0.0021283795804639574,0.04579494197042869
4076,203.8,0.002087021473671912,0.04579493215055939
4077,203.85000000000002,0.0020533291748183508,0.0457949188516474
4078,203.9,0.002025715241188787,0.045794900593175
4079,203.95000000000002,0.002002942614136556,0.045794875158791555
4080,204.0,0.0019840477824112344,0.045794839183932574
4081,204.05,0.0019682784047785735,0.0457947874976023
4082,204.10000000000002,0.001955044542391726,0.04579471208448824
4083,204.15,0.0019438812105568627,0.04579460051671172
4084,204.20000000000002,0.0019344198486754875,0.04579443386334162
4085,204.25,0.0019263666340420475,0.0457941850107346
4086,204.3,0.0019194859813792741,0.04579382217432358
4087,204.35000000000002,0.0019135879510177765,0.04579333663736711
4088,204.4,0.0019085186003862966,0.045792861709882886
4089,204.45000000000002,0.0019041525557196212,0.045793079450008684
4090,204.5,0.0019003872642506705,0.045796187608822286
4091,204.55,0.0018971385241158406,0.04580532901804924
4092,204.60000000000002,0.0018943369908519339,0.045806156424045716
4093,204.65,0.0018919254347024787,0.045750103153111406
4094,204.70000000000002,0.0018898565788219644,0.04578909088150485
4095,204.75,0.0018880913899856065,0.045977473362234046
4096,204.8,0.0018865977244875666,0.046047925185942175
4097,204.85000000000002,0.001885349255188717,0.046053623092831134
4098,204.9,0.0018843246232970424,0.046053040431524014
4099,204.95000000000002,0.0018835067719162137,0.04605360865080031
4100,205.0,0.0018828824287091329,0.046054512286551615
4101,205.05,0.0018824417131411988,0.04605525529808775
4102,205.10000000000002,0.001882177850154151,0.0460557711514443
4103,205.15,0.001882086977378837,0.046056110548144236
4104,205.20000000000002,0.0018821680373908149,0.046056331273976354
4105,205.25,0.0018824227504042046,0.04605647569932368
4106,205.3,0.0018828556663860047,0.04605657150619714
4107,205.35000000000002,0.0018834742991532614,0.046056636137830044
4108,205.4,0.0018842893487339906,0.04605668051569263
4109,205.45000000000002,0.0018853150224551881,0.046056711523450006
4110,205.5,0.0018865694700957317,0.04605673355485419
4111,205.55,0.0018880753543977658,0.04605674945743351
4112,205.60000000000002,0.0018898605856987787,0.046056761106698534
4113,205.65,0.001891959259035413,0.04605676975812471
4114,205.70000000000002,0.0018944128446168728,0.046056776265503224
4115,205.75,0.0018972716991436677,0.046056781218302145
4116,205.8,0.0019005969877091801,0.04605678502938766
4117,205.85000000000002,0.0019044631360673287,0.04605678799187511
4118,205.9,0.0019089609741712132,0.0460567903165391
4119,205.95000000000002,0.0019142017884557737,0.04605679215676626
4120,206.0,0.0019203225790282445,0.04605679362544853
4121,206.05,0.0019274929282124887,0.04605679480655354
4122,206.10000000000002,0.0019359240428363797,0.046056795763159575
4123,206.15,0.0019458807550031328,0.04605679654309452
4124,206.20000000000002,0.0019576975857335515,0.046056797182944545
4125,206.25,0.0019718004387570174,0.0460567977109255
4126,206.3,0.0019887361664760413,0.04605679814896912
4127,206.35000000000002,0.0020092132379594015,0.046056798514246704
4128,206.4,0.002034158186719268,0.046056798820295335
4129,206.45000000000002,0.0020647946278536723,0.046056799077856224
4130,206.5,0.0021027546658018495,0.04605679929550617
4131,206.55,0.0021502367014937292,0.04605679948012904
4132,206.60000000000002,0.002210228920376604,0.04605679963728329
4133,206.65,0.002286822775177918,0.04605679977147784
4134,206.70000000000002,0.002385640068018534,0.04605679988638734
4135,206.75,0.0025143722645572793,0.04605679998501961
4136,206.8,0.0026833230538131476,0.046056800069844236
4137,206.85000000000002,0.002905474040777164,0.046056800142898494
4138,206.9,0.003194397344786899,0.0460568002058643
4139,206.95000000000002,0.0035545658657083023,0.046056800260135866
4140,207.0,0.0039468723105739395,0.04605680030686675
4141,207.05,0.004177272696849041,0.0460568003470134
4142,207.10000000000002,0.003570185788988191,0.04605680038136841
4143,207.15,0.00022777147547812488,0.04605680041058267
4144,207.20000000000002,0.009233161915910832,0.046056800435187416
4145,207.25,0.023366079748222142,0.046056800455614985
4146,207.3,0.025748095020023842,0.0460568004722061
4147,207.35000000000002,0.012567497891055364,0.04605680048522164
4148,207.4,0.0013590933732288348,0.04605680049485142
4149,207.45000000000002,0.003125876717237405,0.04605680050121745
4150,207.5,0.004148988911852949,0.04605680050437889
4151,207.55,0.004027987635506882,0.04605680050433334
4152,207.60000000000002,0.0036471032785641787,0.046056800501014884
4153,207.65,0.003273137227507205,0.046056800494294343
4154,207.70000000000002,0.002967252811363458,0.04605680048397307
4155,207.75,0.0027306598236271347,0.0460568004697778
4156,207.8,0.002550584579101636,0.04605680045135538
4157,207.85000000000002,0.002413572645679653,0.046056800428256495
4158,207.9,0.0023086544250149267,0.04605680039992576
4159,207.95000000000002,0.0022275639635031884,0.04605680036568325
4160,208.0,0.002164242257932131,0.046056800324701
4161,208.05,0.0021142799118701256,0.04605680027597873
4162,208.10000000000002,0.0020744612205242834,0.04605680021830543
4163,208.15,0.002042425471214437,0.046056800150219776
4164,208.20000000000002,0.0020164243918106175,0.0460568000699547
4165,208.25,0.0019951506986950166,0.04605679997537148
4166,208.3,0.001977617132905538,0.04605679986387306
4167,208.35000000000002,0.001963070796467308,0.04605679973229953
4168,208.4,0.0019509320791068516,0.046056799576790146
4169,208.45000000000002,0.0019407507565729226,0.046056799392609635
4170,208.5,0.0019321741489904138,0.04605679917392644
4171,208.55,0.0019249238133024766,0.04605679891352599
4172,208.60000000000002,0.0019187783261176434,0.04605679860243313
4173,208.65,0.0019135604519452591,0.04605679822942759
4174,208.70000000000002,0.0019091274978855768,0.046056797780398055
4175,208.75,0.0019053640047064582,0.046056797237488865
4176,208.8,0.0019021761664076613,0.046056796577965985
4177,208.85000000000002,0.001899487539949881,0.046056795772676004
4178,208.9,0.0018972357264344557,0.04605679478397178
4179,208.95000000000002,0.0018953697902120295,0.04605679356286339
4180,209.0,0.0018938482435452164,0.04605679204509058
4181,209.05,0.0018926374687642672,0.04605679014564349
4182,209.10000000000002,0.0018917104822222914,0.0460567877510673
4183,209.15,0.0018910459682324415,0.04605678470853162
4184,209.20000000000002,0.001890627528985536,0.046056780810154255
4185,209.25,0.001890443109821558,0.046056775770316014
4186,209.3,0.0018904845694776892,0.046056769192501214
4187,209.35000000000002,0.0018907473728580668,0.04605676052042161
4188,209.4,0.0018912303901321497,0.04605674896543816
4189,209.45000000000002,0.001891935791066845,0.046056733398292526
4190,209.5,0.0018928690277466118,0.04605671218758835
4191,209.55,0.001894038902553754,0.04605668296092537
4192,209.60000000000002,0.0018954577216826816,0.046056642260542256
4193,209.65,0.0018971415376833403,0.046056585077120196
4194,209.70000000000002,0.0018991104878435647,0.04605650431597204
4195,209.75,0.0019013892386211665,0.046056390509728776
4196,209.8,0.0019040075500693474,0.046056232920800244
4197,209.85000000000002,0.0019070009783340586,0.046056025622586205
4198,209.9,0.0019104117388891895,0.046055788767281315
4199,209.95000000000002,0.001914289758281879,0.04605563012756238
4200,210.0,0.0019186939477224625,0.04605588660747965
4201,210.05,0.0019236937375371134,0.046057271278107256
4202,210.10000000000002,0.0019293709167735203,0.046060036843276225
4203,210.15,0.0019358218257835606,0.04605879846293219
4204,210.20000000000002,0.0019431599491091587,0.04603981018864713
4205,210.25,0.0019515189469574495,0.046029689976428936
4206,210.3,0.001961056138239995,0.04608719136411368
4207,210.35000000000002,0.0019719563922173753,0.04614850522427804
4208,210.4,0.0019844362741615407,0.04616962945724873
4209,210.45000000000002,0.001998748078130803,0.04617311482777873
4210,210.5,0.0020151829868278602,0.04617360932827373
4211,210.55,0.0020340718811679066,0.046174036733100006
4212,210.60000000000002,0.0020557810228478434,0.046174506163063664
4213,210.65,0.0020806974865164,0.04617490529407778
4214,210.70000000000002,0.0021091949817626824,0.04617520358476544
4215,210.75,0.00214156305303824,0.04617541433579175
4216,210.8,0.00217786882650556,0.04617556014697231
4217,210.85000000000002,0.002217695594297232,0.046175660678461544
4218,210.9,0.002259658162423378,0.04617573036633943
4219,210.95000000000002,0.00230051750570327,0.046175779151511
4220,211.0,0.0023335885633589287,0.04617581371354942
4221,211.05,0.0023459424973384115,0.046175838512639324
4222,211.10000000000002,0.0023136902614046924,0.046175856535803084
4223,211.15,0.002194657509872974,0.04617586979903943
4224,211.20000000000002,0.0019189424611800085,0.04617587967698242
4225,211.25,0.0013826180522515347,0.04617588711769677
4226,211.3,0.00046230389300958615,0.04617589278283883
4227,211.35000000000002,0.0009126744521602552,0.0461758971396867
4228,211.4,0.0026023646592317584,0.04617590052209207
4229,211.45000000000002,0.0041075030599218906,0.046175903171263986
4230,211.5,0.004726752166409064,0.04617590526335897
4231,211.55,0.004118525290193052,0.04617590692834662
4232,211.60000000000002,0.002647644319888555,0.04617590826305646
4233,211.65,0.0010090947812940317,0.04617590934029107
4234,211.70000000000002,0.00031946731865408194,0.046175910215270115
4235,211.75,0.0011847730166763674,0.046175910930223225
4236,211.8,0.001517724265992681,0.04617591151769297
4237,211.85000000000002,0.0010147275948100575,0.046175912002944845
4238,211.9,0.0010727248773838684,0.04617591240572596
4239,211.95000000000002,0.005399834708135751,0.046175912741575835
4240,212.0,0.010131503879346264,0.04617591302279047
4241,212.05,0.010341445845376659,0.04617591325915803
4242,212.10000000000002,0.005546060776284039,0.04617591345850401
4243,212.15,0.000644989248010393,0.04617591362711696
4244,212.20000000000002,0.002025675076356376,0.04617591377006557
4245,212.25,0.003017370608611854,0.04617591389144919
4246,212.3,0.0032178688067824126,0.046175913994588154
4247,212.35000000000002,0.0031253338981922776,0.04617591408216959
4248,212.4,0.0029518957868870225,0.04617591415636705
4249,212.45000000000002,0.002775750675857472,0.046175914218929075
4250,212.5,0.0026212017772649383,0.046175914271251395
4251,212.55,0.002492634605628202,0.04617591431443304
4252,212.60000000000002,0.00238781792574408,0.04617591434931742
4253,212.65,0.002302858903416346,0.046175914376532484
4254,212.70000000000002,0.0022339255120644155,0.04617591439651378
4255,212.75,0.0021777514656767237,0.04617591440953034
4256,212.8,0.0021317032654569034,0.04617591441570094
4257,212.85000000000002,0.0020937065124405014,0.046175914415013015
4258,212.9,0.002062141318110906,0.046175914407330605
4259,212.95000000000002,0.002035744365735804,0.04617591439241443
4260,213.0,0.002013527848589503,0.04617591436992989
4261,213.05,0.0019947157382508387,0.0461759143394601
4262,213.10000000000002,0.0019786948282170093,0.04617591430051868
4263,213.15,0.0019649774944485,0.04617591425256472
4264,213.20000000000002,0.001953173445347991,0.04617591419501616
4265,213.25,0.0019429682641991044,0.046175914127259514
4266,213.3,0.0019341070529162571,0.04617591404866921
4267,213.35000000000002,0.0019263819035503383,0.046175913958610704
4268,213.4,0.0019196222478715338,0.04617591385645299
4269,213.45000000000002,0.0019136873793856185,0.046175913741568125
4270,213.5,0.001908460623253778,0.04617591361332156
4271,213.55,0.0019038447631835576,0.04617591347106104
4272,213.60000000000002,0.0018997584327593354,0.04617591331408149
4273,213.65,0.0018961332512379056,0.046175913141580094
4274,213.70000000000002,0.0018929115375045439,0.04617591295258971
4275,213.75,0.0018900444757283994,0.04617591274589305
4276,213.8,0.0018874906360438748,0.04617591251990318
4277,213.85000000000002,0.001885214775854903,0.04617591227252659
4278,213.9,0.0018831868642432998,0.04617591200098337
4279,213.95000000000002,0.0018813812846869699,0.04617591170160004
4280,214.0,0.0018797761810514832,0.0461759113695511
4281,214.05,0.0018783529192366924,0.04617591099855275
4282,214.10000000000002,0.001877095642624325,0.04617591058049926
4283,214.15,0.001875990903835759,0.04617591010500208
4284,214.20000000000002,0.0018750273587355608,0.04617590955883474
4285,214.25,0.0018741955112146142,0.04617590892522177
4286,214.3,0.0018734874992454183,0.046175908182931075
4287,214.35000000000002,0.0018728969141789402,0.04617590730507746
4288,214.4,0.001872418646244009,0.046175906257546036
4289,214.45000000000002,0.001872048749842432,0.04617590499685827
4290,214.5,0.0018717843224461165,0.04617590346727057
4291,214.55,0.001871623390730845,0.046175901596743556
4292,214.60000000000002,0.0018715647969469462,0.04617589929134864
4293,214.65,0.0018716080773373508,0.046175896427306344
4294,214.70000000000002,0.0018717533225234165,0.04617589283959359
4295,214.75,0.0018720010070010324,0.04617588830540216
4296,214.8,0.0018723517708385997,0.04617588251975542
4297,214.85000000000002,0.0018728061310170567,0.04617587505915595
4298,214.9,0.0018733640918491975,0.046175865326685904
4299,214.95000000000002,0.001874024612801139,0.04617585246831365
4300,215.0,0.001874784876494517,0.04617583524463057
4301,215.05,0.001875639278007662,0.046175811834697954
4302,215.10000000000002,0.0018765780263691005,0.04617577954047207
4303,215.15,0.0018775852069642031,0.04617573435862738
4304,215.20000000000002,0.001878636094685373,0.04617567041611279
4305,215.25,0.0018796934255462026,0.04617557940212619
4306,215.3,0.0018807022201360892,0.046175450588374245
4307,215.35000000000002,0.001881582593777839,0.04617527339127626
4308,215.4,0.0018822197697463702,0.04617504809956341
4309,215.45000000000002,0.0018824502141470906,0.04617481891132523
4310,215.5,0.0018820424116726406,0.04617475586718887
4311,215.55,0.001880670280219033,0.04617528513638802
4312,215.60000000000002,0.0018778765710974036,0.04617693154109311
4313,215.65,0.0018730228495763945,0.04617819943792862
4314,215.70000000000002,0.001865221914723739,0.04617046341949229
4315,215.75,0.0018532481014380611,0.04615176453248261
4316,215.8,0.0018354214822191926,0.04616839065268333
4317,215.85000000000002,0.00180946489529295,0.046227130430178225
4318,215.9,0.0017723404473484413,0.04626463014873665
4319,215.95000000000002,0.0017200888314421096,0.046274997093616925
4320,216.0,0.0016477265445600082,0.046276499925753674
4321,216.05,0.0015493096383750052,0.046276559618425195
4322,216.10000000000002,0.0014183499706192685,0.046276987555585666
4323,216.15,0.0012488540977344735,0.04627823131388977
4324,216.20000000000002,0.001037283867800158,0.046279822123550834
4325,216.25,0.000785575927122582,0.04628107472962253
4326,216.3,0.0005048146309493258,0.046281887112537654
4327,216.35000000000002,0.00021815205014241758,0.046282752170295406
4328,216.4,3.948278834865187e-05,0.04628416027395588
4329,216.45000000000002,0.0002272785480310054,0.04628430586608921
4330,216.5,0.0003099793307407031,0.04627574278587102
4331,216.55,0.00027051926437316994,0.046262993620642026
4332,216.60000000000002,0.00011689644402877065,0.0462768101982104
4333,216.65,0.0001210740169777492,0.046299646247683277
4334,216.70000000000002,0.00040303614013523643,0.04630678097017515
4335,216.75,0.0006907399596000668,0.04630651059389357
4336,216.8,0.00095626739823487,0.0463056708926225
4337,216.85000000000002,0.0011842298555614793,0.046305346221946396
4338,216.9,0.0013697209184708333,0.04630531528706093
4339,216.95000000000002,0.001514680440765255,0.04630537867647132
4340,217.0,0.0016245218261856358,0.046305454513001394
4341,217.05,0.0017057613624630874,0.04630551857988855
4342,217.10000000000002,0.0017646618035424733,0.046305567310287565
4343,217.15,0.0018066177142654477,0.0463056030026118
4344,217.20000000000002,0.0018359875889109192,0.04630562886514568
4345,217.25,0.0018561526188038576,0.04630564763760787
4346,217.3,0.0018696662860820468,0.04630566137153255
4347,217.35000000000002,0.0018784222431278725,0.04630567152944432
4348,217.4,0.0018838073735944767,0.04630567913546455
4349,217.45000000000002,0.0018868285545568983,0.04630568490424401
4350,217.5,0.0018882121459150097,0.04630568933639312
4351,217.55,0.0018884795611363147,0.046305692785268845
4352,217.60000000000002,0.0018880034923628595,0.04630569550266068
4353,217.65,0.001887049190265249,0.046305697669842084
4354,217.70000000000002,0.0018858045167091883,0.0463056994186811
4355,217.75,0.0018844017106932405,0.04630570084607676
4356,217.8,0.0018829331056487936,0.04630570202391514
4357,217.85000000000002,0.001881462462056638,0.04630570300600401
4358,217.9,0.0018800331343241598,0.046305703832950074
4359,217.95000000000002,0.0018786739566923937,0.04630570453563267
4360,218.0,0.0018774034868644645,0.04630570513769757
4361,218.05,0.0018762330670133124,0.046305705657381104
4362,218.10000000000002,0.0018751690325941892,0.04630570610884523
4363,218.15,0.0018742143064730242,0.04630570650316985
4364,218.20000000000002,0.0018733695492469005,0.046305706849095934
4365,218.25,0.0018726339888430852,0.04630570715358314
4366,218.3,0.0018720060182507408,0.04630570742223531
4367,218.35000000000002,0.0018714836255874553,0.04630570765962473
4368,218.4,0.0018710647030389337,0.046305707869523614
4369,218.45000000000002,0.001870747268369357,0.046305708055102576
4370,218.5,0.0018705296234939736,0.046305708219059445
4371,218.55,0.0018704104678397475,0.04630570836372635
4372,218.60000000000002,0.0018703889792825586,0.046305708491146826
4373,218.65,0.0018704648718101322,0.04630570860313213
4374,218.70000000000002,0.001870638436302908,0.04630570870130538
4375,218.75,0.001870910568703326,0.04630570878712417
4376,218.8,0.0018712827881262294,0.046305708861912695
4377,218.85000000000002,0.0018717572460068563,0.04630570892687294
4378,218.9,0.00187233672601077,0.04630570898309578
4379,218.95000000000002,0.0018730246330397862,0.04630570903157317
4380,219.0,0.0018738249681133198,0.046305709073202896
4381,219.05,0.0018747422840547584,0.046305709108797125
4382,219.10000000000002,0.0018757816145641994,0.046305709139085424
4383,219.15,0.0018769483662505792,0.046305709164725456
4384,219.20000000000002,0.0018782481591349345,0.046305709186298775
4385,219.25,0.0018796865957973012,0.04630570920432676
4386,219.3,0.0018812689320373255,0.04630570921926655
4387,219.35000000000002,0.0018829996120999202,0.046305709231521934
4388,219.4,0.0018848816181577964,0.04630570924144316
4389,219.45000000000002,0.001886915565601533,0.04630570924933477
4390,219.5,0.0018890984510513272,0.04630570925545915
4391,219.55,0.0018914219265786267,0.04630570926003943
4392,219.60000000000002,0.0018938699283403142,0.046305709263264425
4393,219.65,0.0018964154268107038,0.046305709265292004
4394,219.70000000000002,0.0018990159839811355,0.04630570926625133
4395,219.75,0.0019016076942318216,0.04630570926624657
4396,219.8,0.001904096943331797,0.046305709265358284
4397,219.85000000000002,0.001906349237522891,0.046305709263647646
4398,219.9,0.0019081741281687403,0.04630570926115527
4399,219.95000000000002,0.0019093049909128155,0.046305709257905295
4400,220.0,0.0019093721339199772,0.046305709253907236
4401,220.05,0.0019078674666786447,0.04630570924915191
4402,220.10000000000002,0.0019040988893350814,0.04630570924361689
4403,220.15,0.0018971329205547285,0.04630570923726615
4404,220.20000000000002,0.0018857253445608763,0.04630570923004768
4405,220.25,0.0018682426412018197,0.04630570922189454
4406,220.3,0.0018425829606156438,0.04630570921272411
4407,220.35000000000002,0.0018061162440173525,0.04630570920243632
4408,220.4,0.0017556808603103723,0.046305709190913556
4409,220.45000000000002,0.001687700019830873,0.04630570917801681
4410,220.5,0.0015985126213232863,0.04630570916358633
4411,220.55,0.0014850380013540264,0.04630570914743264
4412,220.60000000000002,0.0013458829383207974,0.046305709129341954
4413,220.65,0.0011829015510692168,0.046305709109062065
4414,220.70000000000002,0.0010029783782203822,0.04630570908630544
4415,220.75,0.0008194201646094495,0.04630570906073661
4416,220.8,0.000651968731135956,0.04630570903196981
4417,220.85000000000002,0.000524457449989471,0.04630570899955639
4418,220.9,0.00045993182438333954,0.04630570896297581
4419,220.95000000000002,0.0004745739304759765,0.046305708921622404
4420,221.0,0.0005730837174290676,0.046305708874790574
4421,221.05,0.0007480087014209166,0.046305708821654565
4422,221.10000000000002,0.000983626057808842,0.04630570876124826
4423,221.15,0.0012627572663775617,0.046305708692435076
4424,221.20000000000002,0.0015741348046378293,0.04630570861387724
4425,221.25,0.0019191493910729698,0.04630570852399462
4426,221.3,0.002319096208557774,0.04630570842091157
4427,221.35000000000002,0.0028263363530583404,0.04630570830240167
4428,221.4,0.0035440559662250526,0.04630570816580771
4429,221.45000000000002,0.004653424800317578,0.04630570800794853
4430,221.5,0.006388266060048099,0.04630570782500198
4431,221.55,0.008467638438286854,0.04630570761236107
4432,221.60000000000002,0.0058215751759370235,0.04630570736444679
4433,221.65,0.026681178022489423,0.04630570707448166
4434,221.70000000000002,0.062189551904626626,0.046305706734192556
4435,221.75,0.009710039474674336,0.046305706333443775
4436,221.8,0.008468630476415854,0.046305705859759363
4437,221.85000000000002,0.008195842557469128,0.04630570529771756
4438,221.9,0.006095377713616374,0.04630570462817098
4439,221.95000000000002,0.004573940834476934,0.04630570382723577
4440,222.0,0.0036121151700100693,0.04630570286499104
4441,222.05,0.003002642256758973,0.046305701703788484
4442,222.10000000000002,0.0026040056962603206,0.0463057002960492
4443,222.15,0.0023335986675590953,0.04630569858141547
4444,222.20000000000002,0.0021437979226301774,0.046305696483040615
4445,222.25,0.0020065068814807477,0.0463056939028095
4446,222.3,0.001904595506024399,0.04630569071521962
4447,222.35000000000002,0.0018272565458786114,0.046305686759677264
4448,222.4,0.0017674469040987102,0.04630568183105721
4449,222.45000000000002,0.0017204386521811558,0.04630567566872296
4450,222.5,0.0016829726906406968,0.046305667944951966
4451,222.55,0.0016527488600096157,0.04630565825542072
4452,222.60000000000002,0.0016281095375696786,0.04630564611795414
4453,222.65,0.0016078378213621515,0.04630563099258983
4454,222.70000000000002,0.001591025508280757,0.046305612348954056
4455,222.75,0.0015769847164950038,0.046305589829325706
4456,222.8,0.00156518747356663,0.04630556358967998
4457,222.85000000000002,0.0015552236306321215,0.04630553493580595
4458,222.9,0.0015467710355460702,0.046305507346069245
4459,222.95000000000002,0.001539574062604839,0.04630548766407536
4460,223.0,0.0015334279379908078,0.04630548601014143
4461,223.05,0.0015281671490325701,0.04630550938357929
4462,223.10000000000002,0.0015236567732306336,0.046305536537050815
4463,223.15,0.0015197859229200265,0.0463054562573864
4464,223.20000000000002,0.0015164627419339488,0.046304985541631954
4465,223.25,0.001513610553781576,0.046303741874340415
4466,223.3,0.0015111648731772882,0.04630182617410786
4467,223.35000000000002,0.0015090710710654368,0.04630064985646202
4468,223.4,0.0015072825386357959,0.046302172345524986
4469,223.45000000000002,0.001505759235337431,0.0463063415060921
4470,223.5,0.0015044665344536078,0.046310896791849326
4471,223.55,0.001503374300667227,0.04631406587402452
4472,223.60000000000002,0.00150245614938662,0.04631571311003809
4473,223.65,0.001501688849105265,0.046316434477487095
4474,223.70000000000002,0.0015010518365951644,0.04631674020037534
4475,223.75,0.0015005268213545617,0.046316890136202
4476,223.8,0.0015000974606423573,0.04631698508474667
4477,223.85000000000002,0.0014997490903509547,0.0463170573536476
4478,223.9,0.0014994684999235465,0.046317115996809745
4479,223.95000000000002,0.0014992437418944109,0.04631716376009468
4480,224.0,0.0014990639684478156,0.04631720217180366
4481,224.05,0.0014989192888531357,0.046317232668261946
4482,224.10000000000002,0.0014988006427783538,0.04631725666457804
4483,224.15,0.0014986996853633943,0.046317275454582855
4484,224.20000000000002,0.0014986086806282734,0.04631729014504442
4485,224.25,0.0014985204003126035,0.046317301640685565
4486,224.3,0.0014984280256294374,0.046317310659894445
4487,224.35000000000002,0.0014983250496499372,0.0463173177630109
4488,224.4,0.0014982051782190633,0.04631732338260946
4489,224.45000000000002,0.0014980622272965283,0.04631732785087656
4490,224.5,0.001497890014636635,0.046317331422443445
4491,224.55,0.0014976822435321512,0.046317334292596865
4492,224.60000000000002,0.0014974323761538122,0.04631733661143268
4493,224.65,0.0014971334937067234,0.046317338494678506
4494,224.70000000000002,0.0014967781402043313,0.046317340031924996
4495,224.75,0.001496358146179184,0.046317341292829946
4496,224.8,0.001495864428034682,0.046317342331812596
4497,224.85000000000002,0.001495286758034039,0.04631734319159303
4498,224.9,0.0014946134991120478,0.046317343905875885
4499,224.95000000000002,0.0014938312977454452,0.046317344501387296
4500,225.0,0.0014929247271236671,0.046317344999426475
4501,225.05,0.0014918758717196135,0.04631734541705884
4502,225.10000000000002,0.0014906638432622085,0.046317345768032724
4503,225.15,0.0014892642170235557,0.04631734606349379
4504,225.20000000000002,0.0014876483764093434,0.046317346312542945
4505,225.25,0.001485782753357661,0.04631734652268009
4506,225.3,0.0014836279521666194,0.04631734670016725
4507,225.35000000000002,0.0014811377456871967,0.04631734685032244
4508,225.4,0.0014782579358855203,0.04631734697777266
4509,225.45000000000002,0.001474925076515891,0.04631734708668796
4510,225.5,0.001471065065350563,0.046317347180987886
4511,225.55,0.001466591628757406,0.046317347264564455
4512,225.60000000000002,0.0014614047445674601,0.046317347341498664
4513,225.65,0.0014553890829613004,0.04631734741631098
4514,225.70000000000002,0.0014484125927887342,0.04631734749422711
4515,225.75,0.0014403254258871252,0.04631734758148157
4516,225.8,0.0014309594781795746,0.046317347685632206
4517,225.85000000000002,0.0014201289356576914,0.046317347815871004
4518,225.9,0.0014076323452645503,0.04631734798326241
4519,225.95000000000002,0.001393256878799792,0.04631734820079527
4520,226.0,0.0013767856059908902,0.046317348483041795
4521,226.05,0.0013580087098444876,0.04631734884509761
4522,226.10000000000002,0.0013367396111837037,0.04631734930028381
4523,226.15,0.0013128368427797867,0.04631734985590622
4524,226.20000000000002,0.0012862321247047038,0.046317350506169454
4525,226.25,0.001256964326418743,0.04631735122136167
4526,226.3,0.0012252177596325951,0.04631735193289928
4527,226.35000000000002,0.001191361503514485,0.046317352515270596
4528,226.4,0.0011559843470586347,0.04631735276895187
4529,226.45000000000002,0.0011199178088356011,0.04631735241323558
4530,226.5,0.0010842382189814688,0.04631735110386922
4531,226.55,0.0010502389171385472,0.046317348493892435
4532,226.60000000000002,0.0010193661381320707,0.046317344350210767
4533,226.65,0.0009931176212844488,0.04631733871508288
4534,226.70000000000002,0.0009729109762584558,0.046317332059688084
4535,226.75,0.0009599377178748532,0.04631732533504591
4536,226.8,0.0009550259325404187,0.046317319825365987
4537,226.85000000000002,0.0009585368367667501,0.04631731678789254
4538,226.9,0.0009703162116447866,0.0463173170022293
4539,226.95000000000002,0.0009897112539047194,0.046317320453088597
4540,227.0,0.0010156496191192738,0.0463173263282315
4541,227.05,0.0010467646064819375,0.04631733333320088
4542,227.10000000000002,0.0010815424280368445,0.04631734014280415
4543,227.15,0.0011184662237170588,0.046317345763956665
4544,227.20000000000002,0.0011561363074260233,0.0463173496839415
4545,227.25,0.001193354567169713,0.04631735181786249
4546,227.3,0.0012291699494394637,0.046317352349840496
4547,227.35000000000002,0.0012628891460679335,0.0463173515632897
4548,227.4,0.0012940608311443193,0.046317349713432425
4549,227.45000000000002,0.0013224431083272302,0.04631734695213755
4550,227.5,0.0013479629941283515,0.04631734329026115
4551,227.55,0.0013706747666658151,0.046317338574938485
4552,227.60000000000002,0.0013907216969843861,0.04631733245987044
4553,227.65,0.0014083036019559988,0.04631732434752823
4554,227.70000000000002,0.001423651072354491,0.046317313277731226
4555,227.75,0.0014370061815261205,0.04631729772195218
4556,227.8,0.0014486088942387884,0.04631727520829951
4557,227.85000000000002,0.0014586881507343086,0.046317241628623065
4558,227.9,0.001467456578055983,0.04631718992093259
4559,227.95000000000002,0.0014751078818754204,0.046317107465850854
4560,228.0,0.0014818161283061055,0.0463169707038434
4561,228.05,0.0014877362931079367,0.0463167334250032
4562,228.10000000000002,0.001493005611171845,0.04631629983963592
4563,228.15,0.0014977453914578494,0.046315459032669676
4564,228.20000000000002,0.001502063068964121,0.04631371779054481
4565,228.25,0.0015060543475930563,0.04630987725003694
4566,228.3,0.0015098053496823108,0.04630126789295941
4567,228.35000000000002,0.0015133947339034668,0.04628768851412539
4568,228.4,0.0015168957774577066,0.046370946751231885
4569,228.45000000000002,0.0015203784447532583,0.047427806767095904
4570,228.5,0.0015239114865514488,0.04366086482439626
4571,228.55,0.0015275646337212971,0.04826387347578569
4572,228.60000000000002,0.0015314109712606743,0.04771993010629556
4573,228.65,0.0015355296039725034,0.04771012221187967
4574,228.70000000000002,0.0015400087585755616,0.04772529957535196
4575,228.75,0.0015449495124346274,0.047732605345733224
4576,228.8,0.001550470402374397,0.0477357841390271
4577,228.85000000000002,0.0015567132566898657,0.04773723828426663
4578,228.9,0.0015638507216585702,0.047737951191690976
4579,228.95000000000002,0.0015720961392572076,0.04773832399042045
4580,229.0,0.001581716702992963,0.0477385297420111
4581,229.05,0.0015930512168393768,0.04773864805831076
4582,229.10000000000002,0.0016065343741029864,0.04773871786548708
4583,229.15,0.0016227303615806302,0.047738759312577164
4584,229.20000000000002,0.0016423799400158,0.04773878343874034
4585,229.25,0.0016664672041708831,0.04773879668242501
4586,229.3,0.0016963153670289635,0.04773880307138777
4587,229.35000000000002,0.0017337257060645972,0.04773880529226361
4588,229.4,0.001781181007970219,0.047738805179376426
4589,229.45000000000002,0.0018421451899988221,0.04773880389462705
4590,229.5,0.0019215039698828572,0.04773880196059857
4591,229.55,0.0020262023351028417,0.04773879925404736
4592,229.60000000000002,0.002166119621542313,0.04773879502022951
4593,229.65,0.00235509412709032,0.04773878791741454
4594,229.70000000000002,0.002611453451497061,0.047738776054060024
4595,229.75,0.002955324315977886,0.047738756952213586
4596,229.8,0.003392523110988081,0.04773872736515852
4597,229.85000000000002,0.0038487725736819846,0.04773868289058623
4598,229.9,0.003934830772596184,0.047738617354711244
4599,229.95000000000002,0.002247328755496561,0.0477385220441461
4600,230.0,0.00464035165382157,0.04773838521340041
4601,230.05,0.017777611616209995,0.047738193469693914
4602,230.10000000000002,0.021276370523743957,0.04773794030476202
4603,230.15,0.008781480223380198,0.04773765757399728
4604,230.20000000000002,0.0008147174250764499,0.047737510959292614
4605,230.25,0.003856149467707639,0.047738027522663574
4606,230.3,0.004158463614473853,0.04774031051097566
4607,230.35000000000002,0.0037786199256946832,0.047744325537031444
4608,230.4,0.003350060523427029,0.047739589967618026
4609,230.45000000000002,0.003013263305000329,0.04770965426848606
4610,230.5,0.0027679970209908604,0.04771895172502823
4611,230.55,0.0025655461371886616,0.047805197268253635
4612,230.60000000000002,0.0023066102956834592,0.047857862098537055
4613,230.65,0.0017878992669102668,0.047868632163855535
4614,230.70000000000002,0.0006269811769845232,0.04786920954698246
4615,230.75,0.001642550843433904,0.04786930269717358
4616,230.8,0.004758342607257419,0.04786971859786923
4617,230.85000000000002,0.006574687484915756,0.04787017980873908
4618,230.9,0.005131580236874987,0.04787055304861482
4619,230.95000000000002,0.0020319349920322155,0.047870822629394745
4620,231.0,0.00035831659238412154,0.047871009135685275
4621,231.05,0.0015630983119260444,0.04787113655338281
4622,231.10000000000002,0.0020182234868200122,0.047871223757105064
4623,231.15,0.002125914419411665,0.047871283962890664
4624,231.20000000000002,0.002098655701848638,0.047871326032943286
4625,231.25,0.0020290891908794242,0.0478713558277874
4626,231.3,0.0019535749167172004,0.047871377222134734
4627,231.35000000000002,0.001884804179896987,0.04787139279485872
4628,231.4,0.001826102357365305,0.04787140427983276
4629,231.45000000000002,0.001777333421393809,0.04787141285664802
4630,231.5,0.001737256930522771,0.04787141933788601
4631,231.55,0.0017044317143361258,0.047871424290410476
4632,231.60000000000002,0.0016775340100218855,0.04787142811459887
4633,231.65,0.0016554450912618297,0.04787143109665976
4634,231.70000000000002,0.0016372528007323572,0.04787143344356019
4635,231.75,0.0016222250129388491,0.04787143530662316
4636,231.8,0.0016097775882291641,0.04787143679765012
4637,231.85000000000002,0.0015994448890738217,0.0478714380000703
4638,231.9,0.0015908551292938588,0.04787143897672799
4639,231.95000000000002,0.001583710626793488,0.04787143977538904
4640,232.0,0.0015777723041792695,0.04787144043266307
4641,232.05,0.0015728476378665238,0.04787144097684055
4642,232.10000000000002,0.001568781323403445,0.047871441429944615
4643,232.15,0.0015654480514594397,0.04787144180924719
4644,232.20000000000002,0.001562746917296373,0.047871442128387155
4645,232.25,0.0015605970972188434,0.04787144239820206
4646,232.3,0.0015589345149503886,0.047871442627359144
4647,232.35000000000002,0.0015577092909918684,0.047871442822832316
4648,232.4,0.0015568838225656402,0.04787144299026178
4649,232.45000000000002,0.001556431384290959,0.04787144313423583
4650,232.5,0.001556335173656161,0.04787144325850337
4651,232.55,0.0015565877532571968,0.04787144336614648
4652,232.60000000000002,0.001557190866052745,0.04787144345970614
4653,232.65,0.0015581556224621197,0.04787144354129082
4654,232.70000000000002,0.0015595030808838702,0.04787144361265619
4655,232.75,0.0015612652680259125,0.04787144367526682
4656,232.8,0.0015634867143076371,0.0478714437303558
4657,232.85000000000002,0.0015662266149499048,0.04787144377895844
4658,232.9,0.001569561771851904,0.04787144382195093
4659,232.95000000000002,0.0015735905284138163,0.04787144386007731
4660,233.0,0.0015784379823806742,0.04787144389397075
4661,233.05,0.0015842628537072652,0.04787144392417034
4662,233.10000000000002,0.0015912664955346763,0.04787144395113762
4663,233.15,0.0015997046588566276,0.04787144397526976
4664,233.20000000000002,0.0016099027271622463,0.04787144399690799
4665,233.25,0.001622275148691679,0.04787144401634718
4666,233.3,0.0016373495194013145,0.04787144403384205
4667,233.35000000000002,0.0016557947538723434,0.0478714440496132
4668,233.4,0.0016784499623826747,0.04787144406385181
4669,233.45000000000002,0.0017063435632972722,0.04787144407672562
4670,233.5,0.001740675053214535,0.047871444088379234
4671,233.55,0.00178269126130787,0.047871444098939786
4672,233.60000000000002,0.0018332931134570304,0.04787144410851841
4673,233.65,0.0018919835503878831,0.047871444117211295
4674,233.70000000000002,0.0019542422967407267,0.04787144412510324
4675,233.75,0.002005230823251913,0.04787144413226903
4676,233.8,0.0020053175930426397,0.04787144413877323
4677,233.85000000000002,0.0018593757590320142,0.04787144414467243
4678,233.9,0.001364020395191986,0.04787144415001626
4679,233.95000000000002,0.000172286668940724,0.047871444154848404
4680,234.0,0.002004433536127573,0.04787144415920572
4681,234.05,0.004589585888611706,0.04787144416312085
4682,234.10000000000002,0.005623266058582857,0.04787144416662183
4683,234.15,0.004020283878008157,0.04787144416973228
4684,234.20000000000002,0.0013897553187202294,0.04787144417247277
4685,234.25,0.0005570735519788791,0.0478714441748591
4686,234.3,0.0015490219164433121,0.047871444176904865
4687,234.35000000000002,0.0019360469196426876,0.047871444178619584
4688,234.4,0.0020343769632201222,0.04787144418001175
4689,234.45000000000002,0.0020164203123818935,0.047871444181085104
4690,234.5,0.001960295728427393,0.04787144418184101
4691,234.55,0.0018978435932097684,0.04787144418227742
4692,234.60000000000002,0.0018406181290775816,0.04787144418239179
4693,234.65,0.0017918384139964704,0.047871444182175114
4694,234.70000000000002,0.0017515302470595144,0.047871444181618046
4695,234.75,0.001718655218286955,0.04787144418070511
4696,234.8,0.0016919553610227703,0.04787144417941933
4697,234.85000000000002,0.0016702617539953418,0.047871444177735374
4698,234.9,0.0016525850812168746,0.04787144417562724
4699,234.95000000000002,0.0016381219282562574,0.04787144417305907
4700,235.0,0.0016262322822562065,0.04787144416999094
4701,235.05,0.0016164105013676518,0.04787144416637099
4702,235.10000000000002,0.001608258038975371,0.047871444162139946
4703,235.15,0.0016014604380827678,0.04787144415722589
4704,235.20000000000002,0.0015957688423094256,0.047871444151542174
4705,235.25,0.0015909854764284857,0.047871444144984954
4706,235.3,0.0015869523577919603,0.04787144413742949
4707,235.35000000000002,0.001583542536118064,0.047871444128725564
4708,235.4,0.0015806532658166274,0.04787144411869353
4709,235.45000000000002,0.0015782006294256083,0.047871444107115364
4710,235.5,0.0015761152303562765,0.0478714440937314
4711,235.55,0.0015743386521049059,0.047871444078226376
4712,235.60000000000002,0.0015728204399918092,0.04787144406022287
4713,235.65,0.0015715154026069273,0.04787144403926627
4714,235.70000000000002,0.0015703810560485291,0.04787144401481039
4715,235.75,0.0015693750465756824,0.047871443986198914
4716,235.8,0.0015684523875242246,0.04787144395264739
4717,235.85000000000002,0.001567562334539939,0.04787144391321433
4718,235.9,0.0015666446989679127,0.04787144386677643
4719,235.95000000000002,0.0015656253617455822,0.0478714438119947
4720,236.0,0.0015644106985790234,0.047871443747272875
4721,236.05,0.0015628805615724428,0.047871443670719334
4722,236.10000000000002,0.0015608793853001998,0.04787144358009118
4723,236.15,0.0015582049042424644,0.047871443472735954
4724,236.20000000000002,0.001554593901232965,0.04787144334552841
4725,236.25,0.001549704389197476,0.04787144319478285
4726,236.3,0.0015430937284032062,0.047871443016172535
4727,236.35000000000002,0.0015341925178580804,0.04787144280461077
4728,236.4,0.0015222748709979193,0.04787144255413375
4729,236.45000000000002,0.0015064272035368164,0.04787144225773801
4730,236.5,0.0014855203732541116,0.04787144190719816
4731,236.55,0.0014581944805667094,0.04787144149282902
4732,236.60000000000002,0.0014228723929406483,0.04787144100319927
4733,236.65,0.001377827156731416,0.04787144042475821
4734,236.70000000000002,0.001321338572184925,0.04787143974136116
4735,236.75,0.0012519810096487415,0.04787143893366395
4736,236.8,0.0011690787715333468,0.04787143797834047
4737,236.85000000000002,0.0010733320058153941,0.04787143684708207
4738,236.9,0.0009675390374660374,0.04787143550531656
4739,236.95000000000002,0.0008572170872039131,0.04787143391059527
4740,237.0,0.0007507892478803889,0.04787143201059042
4741,237.05,0.0006589578636225055,0.04787142974065072
4742,237.10000000000002,0.0005930525519210055,0.04787142702090961
4743,237.15,0.0005625767094176379,0.04787142375305448
4744,237.20000000000002,0.0005727132159362606,0.04787141981698937
4745,237.25,0.0006228124285438182,0.04787141506802698
4746,237.3,0.0007065688695141316,0.04787140933580447
4747,237.35000000000002,0.0008138100115063396,0.04787140242723942
4748,237.4,0.0009330873384377483,0.047871394137551086
4749,237.45000000000002,0.0010540491519175266,0.04787138427613363
4750,237.5,0.0011689165945517209,0.047871372717648186
4751,237.55,0.0012729327280452565,0.0478713594919689
4752,237.60000000000002,0.0013640529117058874,0.047871344924575086
4753,237.65,0.0014422684217846018,0.047871329816758845
4754,237.70000000000002,0.0015088810082762945,0.04787131557446131
4755,237.75,0.0015659054038020214,0.04787130397244805
4756,237.8,0.0016156575094566983,0.0478712957350207
4757,237.85000000000002,0.0016605162682246303,0.04787128622428499
4758,237.9,0.001702819885190397,0.0478712557411461
4759,237.95000000000002,0.001744854585288208,0.04787115396484611
4760,238.0,0.0017889015585355582,0.0478708898942889
4761,238.05,0.001837315463320167,0.04787036590184378
4762,238.10000000000002,0.0018926094062137657,0.047869607554997376
4763,238.15,0.001957509470572851,0.047868939248325054
4764,238.20000000000002,0.002034902414289147,0.04786893222109835
4765,238.25,0.0021275000009345793,0.047869937048876834
4766,238.3,0.0022368042483676635,0.04787167071354248
4767,238.35000000000002,0.0023603966697193736,0.04787346331088234
4768,238.4,0.0024852795018296394,0.047874829177530956
4769,238.45000000000002,0.0025721356564766796,0.04787567548028876
4770,238.5,0.0025198010015621605,0.04787613582834998
4771,238.55,0.0020924521525187024,0.047876373188553256
4772,238.60000000000002,0.0008054268014534564,0.04787649954191208
4773,238.65,0.002101401932874571,0.04787657456321089
4774,238.70000000000002,0.007040933445462256,0.047876625601347485
4775,238.75,0.012214769003778696,0.047876664104673686
4776,238.8,0.013350167304837351,0.04787669474465907
4777,238.85000000000002,0.009255110147881466,0.047876719593202166
4778,238.9,0.00383640932469131,0.04787673979693487
4779,238.95000000000002,0.00013047561670076555,0.04787675617279244
4780,239.0,0.001680415564082639,0.04787676939280178
4781,239.05,0.002361913272101877,0.04787678003197041
4782,239.10000000000002,0.0025181786882696087,0.04787678857928795
4783,239.15,0.0024664459445896876,0.04787679544324197
4784,239.20000000000002,0.002348444819273156,0.047876800959196844
4785,239.25,0.002221517091322769,0.04787680539870631
4786,239.3,0.002106252449725996,0.0478768089794822
4787,239.35000000000002,0.002008172286640323,0.047876811874890055
4788,239.4,0.0019270415433257815,0.04787681422239733
4789,239.45000000000002,0.0018607275719193838,0.04787681613074363
4790,239.5,0.001806732249636186,0.047876817685840345
4791,239.55,0.001762750593286961,0.04787681895553912
4792,239.60000000000002,0.0017268323504903479,0.047876819993425135
4793,239.65,0.0016973899171708572,0.04787682084181417
4794,239.70000000000002,0.0016731538421372158,0.04787682153410412
4795,239.75,0.0016531166988020833,0.04787682209662278
4796,239.8,0.0016364805347313682,0.04787682255006418
4797,239.85000000000002,0.0016226125162383197,0.04787682291063352
4798,239.9,0.001611009205572166,0.047876823190938285
4799,239.95000000000002,0.0016012684433204325,0.047876823400721094
4800,240.0,0.0015930674565732183,0.04787682354746843
4801,240.05,0.0015861458848874727,0.04787682363695219
4802,240.10000000000002,0.001580292620604435,0.04787682367375335
4803,240.15,0.001575335580781121,0.04787682366182885
4804,240.20000000000002,0.0015711337232991146,0.04787682360519169
4805,240.25,0.0015675707788335572,0.047876823508781925
4806,240.3,0.0015645502949198091,0.047876823379665256
4807,240.35000000000002,0.0015619916835986917,0.047876823228673954
4808,240.4,0.0015598270360773236,0.04787682307269298
4809,240.45000000000002,0.0015579985216517054,0.04787682293774066
4810,240.5,0.0015564562281458636,0.04787682286298953
4811,240.55,0.0015551563305657042,0.04787682290562175
4812,240.60000000000002,0.0015540594961477863,0.04787682314593418
4813,240.65,0.0015531294492302707,0.04787682369090868
4814,240.70000000000002,0.001552331629941333,0.04787682467225508
4815,240.75,0.0015516318875127939,0.047876826230802645
4816,240.8,0.0015509951530202053,0.04787682847256949
4817,240.85000000000002,0.0015503840381880356,0.04787683137299251
4818,240.9,0.0015497573073888862,0.047876834598237675
4819,240.95000000000002,0.0015490681700130844,0.04787683721786599
4820,241.0,0.0015482623412467744,0.04787683732762709
4821,241.05,0.0015472758228715323,0.04787683172582012
4822,241.10000000000002,0.0015460323647957105,0.047876816015914
4823,241.15,0.001544440586831484,0.047876785749468624
4824,241.20000000000002,0.0015423907748892537,0.04787673911753571
4825,241.25,0.0015397514249011232,0.04787668067548729
4826,241.3,0.0015363657031854819,0.04787662362155442
4827,241.35000000000002,0.0015320481384066542,0.04787658701779462
4828,241.4,0.0015265820749682212,0.04787658700389725
4829,241.45000000000002,0.0015197187166647828,0.047876627124075984
4830,241.5,0.00151117898089842,0.04787669575873413
4831,241.55,0.0015006598542719322,0.04787677307025678
4832,241.60000000000002,0.0014878474327085357,0.04787684142003039
4833,241.65,0.0014724392105421823,0.047876891622945075
4834,241.70000000000002,0.0014541782084954641,0.04787692286535954
4835,241.75,0.001432900819644852,0.0478769391405831
4836,241.8,0.0014085983151066997,0.04787694566837167
4837,241.85000000000002,0.0013814883209877999,0.04787694684962979
4838,241.9,0.0013520871165688842,0.047876945651538716
4839,241.95000000000002,0.0013212669771899418,0.04787694376637323
4840,242.0,0.0012902769602879541,0.04787694200745476
4841,242.05,0.0012607038769296437,0.047876940673992806
4842,242.10000000000002,0.0012343565930656368,0.04787693980538387
4843,242.15,0.0012130734890003336,0.04787693933210613
4844,242.20000000000002,0.0011984775985679442,0.04787693915441504
4845,242.25,0.0011917284200815867,0.047876939177930115
4846,242.3,0.0011933317447731255,0.04787693932626998
4847,242.35000000000002,0.0012030598798216296,0.04787693954282499
4848,242.4,0.001220004687004258,0.04787693978814391
4849,242.45000000000002,0.0012427465304250516,0.04787694003611445
4850,242.5,0.001269590478887642,0.04787694027031048
4851,242.55,0.0012988093871407033,0.047876940480989234
4852,242.60000000000002,0.0013288432730573186,0.04787694066278171
4853,242.65,0.001358427356330173,0.04787694081301711
4854,242.70000000000002,0.0013866455513692017,0.0478769409305184
4855,242.75,0.001412923561658696,0.047876941014755876
4856,242.8,0.001436983198099407,0.04787694106524164
4857,242.85000000000002,0.0014587789108849935,0.04787694108109181
4858,242.9,0.0014784324303052745,0.04787694106068056
4859,242.95000000000002,0.0014961751770808192,0.047876941001348795
4860,243.0,0.0015123027594671232,0.047876940899137035
4861,243.05,0.0015271421873989145,0.04787694074849803
4862,243.10000000000002,0.0015410303471946833,0.04787694054199901
4863,243.15,0.0015543013754939338,0.04787694026997077
4864,243.20000000000002,0.0015672803697366405,0.04787693992010729
4865,243.25,0.001580280973419508,0.04787693947699633
4866,243.3,0.0015936044793882819,0.04787693892158924
4867,243.35000000000002,0.0016075379763248465,0.047876938230591366
4868,243.4,0.0016223485084713625,0.047876937375780554
4869,243.45000000000002,0.0016382689543006702,0.0478769363232705
4870,243.5,0.001655468935233884,0.04787693503275074
4871,243.55,0.001673999848027519,0.04787693345674247
4872,243.60000000000002,0.0016936959416478281,0.04787693153999253
4873,243.65,0.0017140014592224658,0.04787692921916312
4874,243.70000000000002,0.0017336747146476773,0.04787692642308463
4875,243.75,0.0017502907398410877,0.04787692307403484
4876,243.8,0.001759424117284398,0.04787691909068619
4877,243.85000000000002,0.0017533525896290237,0.04787691439367582
4878,243.9,0.0017191240015893086,0.04787690891498894
4879,243.95000000000002,0.0016360092899423229,0.04787690261237809
4880,244.0,0.001473055402724623,0.047876895489169534
4881,244.05,0.001189271583948348,0.04787688761675822
4882,244.10000000000002,0.000742443554933188,0.0478768791488389
4883,244.15,0.00011586841111812076,0.047876870297614345
4884,244.20000000000002,0.0006337099230824306,0.04787686120391689
4885,244.25,0.0013345913768373547,0.047876851565759174
4886,244.3,0.001735619354675455,0.04787683979681437
4887,244.35000000000002,0.0016554085122908256,0.04787682142934527
4888,244.4,0.0011276249518537196,0.047876786673296035
4889,244.45000000000002,0.00037186725105797173,0.04787671798471215
4890,244.5,0.0003730887966262952,0.047876590774306074
4891,244.55,0.0009700102193532307,0.04787638342700065
4892,244.60000000000002,0.0013888025206238194,0.047876102049185486
4893,244.65,0.0016576395719902438,0.047875812051814085
4894,244.70000000000002,0.0018203764651085119,0.04787564364432775
4895,244.75,0.0019159670632303912,0.04787573504203475
4896,244.8,0.0019730139993014667,0.04787613510717529
4897,244.85000000000002,0.002010782068414206,0.047876756118668554
4898,244.9,0.002041837870896824,0.04787743144183471
4899,244.95000000000002,0.0020744599380555337,0.04787801838564371
4900,245.0,0.0021143614266774385,0.04787845386572163
4901,245.05,0.002165721091625955,0.047878743434870204
4902,245.10000000000002,0.0022315371169100684,0.047878923669921886
4903,245.15,0.002313102552545143,0.04787903328073674
4904,245.20000000000002,0.0024079108792775905,0.04787910122554667
4905,245.25,0.0025042619507993588,0.04787914570339341
4906,245.3,0.002568664817242715,0.04787917702338651
4907,245.35000000000002,0.0025180364686929794,0.047879200678173084
4908,245.4,0.0021636615256451176,0.04787921951710682
4909,245.45000000000002,0.0011216795377790452,0.047879235031683544
4910,245.5,0.0012307449347442575,0.047879248041760684
4911,245.55,0.005379431617690758,0.04787925903887169
4912,245.60000000000002,0.010311045525290125,0.04787926835131047
4913,245.65,0.012607049394206754,0.047879276222208444
4914,245.70000000000002,0.01003589475059102,0.04787928284678778
4915,245.75,0.005087692189849474,0.04787928839070903
4916,245.8,0.001072108503205698,0.04787929299945225
4917,245.85000000000002,0.0011540232764882512,0.0478792968032039
4918,245.9,0.00211698717808662,0.04787929991932202
4919,245.95000000000002,0.0024272981894323926,0.04787930245346497
4920,246.0,0.002452347032107783,0.047879304500058256
4921,246.05,0.002370619097268026,0.04787930614253179
4922,246.10000000000002,0.0022599252054120444,0.04787930745357683
4923,246.15,0.0021512248247460143,0.04787930849558446
4924,246.20000000000002,0.0020551022523534533,0.04787930932129963
4925,246.25,0.001973758257724869,0.04787930997464765
4926,246.3,0.001906224335733324,0.04787931049170421
4927,246.35000000000002,0.0018505559680878022,0.047879310901712976
4928,246.4,0.0018047098597046363,0.047879311228098256
4929,246.45000000000002,0.001766858581830448,0.04787931148942591
4930,246.5,0.0017354718855980887,0.04787931170027052
4931,246.55,0.0017093072522813319,0.047879311871984236
4932,246.60000000000002,0.0016873703308147331,0.04787931201334304
4933,246.65,0.001668870069779399,0.047879312131095676
4934,246.70000000000002,0.0016531778114142436,0.04787931223040839
4935,246.75,0.0016397930392701055,0.04787931231522282
4936,246.8,0.0016283158389893977,0.04787931238854406
4937,246.85000000000002,0.0016184252097619129,0.047879312452659695
4938,246.9,0.0016098621580151614,0.04787931250931555
4939,246.95000000000002,0.001602416575656461,0.0478793125598489
4940,247.0,0.0015959170629668699,0.047879312605291956
4941,247.05,0.0015902230231542953,0.04787931264644041
4942,247.10000000000002,0.0015852185031913898,0.047879312683925083
4943,247.15,0.0015808073764891383,0.04787931271824169
4944,247.20000000000002,0.0015769095582388918,0.047879312749790105
4945,247.25,0.0015734580178351533,0.04787931277889815
4946,247.3,0.0015703964088645437,0.04787931280583807
4947,247.35000000000002,0.0015676771796953215,0.04787931283083759
4948,247.4,0.0015652600599143824,0.04787931285409402
4949,247.45000000000002,0.0015631108421955812,0.04787931287577644
4950,247.5,0.0015612003976522037,0.04787931289603441
4951,247.55,0.0015595038767802953,0.04787931291499979
4952,247.60000000000002,0.001558000058774648,0.04787931293279053
4953,247.65,0.0015566708202263207,0.04787931294951285
4954,247.70000000000002,0.0015555007005203494,0.04787931296526105
4955,247.75,0.0015544765461420582,0.047879312980118764
4956,247.8,0.0015535872199121791,0.04787931299416228
4957,247.85000000000002,0.001552823364172686,0.047879313007456695
4958,247.9,0.0015521772093016598,0.047879313020060627
4959,247.95000000000002,0.0015516424208629929,0.04787931303202252
4960,248.0,0.00155121398021245,0.04787931304337857
4961,248.05,0.0015508880946922036,0.047879313054160724
4962,248.10000000000002,0.001550662134613534,0.04787931306438717
4963,248.15,0.001550534595194696,0.047879313074063685
4964,248.20000000000002,0.0015505050824907208,0.04787931308318465
4965,248.25,0.0015505743231649263,0.047879313091731386
4966,248.3,0.0015507441988152082,0.04787931309966837
4967,248.35000000000002,0.001551017806402271,0.047879313106943426
4968,248.4,0.001551399547332158,0.047879313113485526
4969,248.45000000000002,0.0015518952488199924,0.04787931311920187
4970,248.5,0.0015525123224991028,0.047879313123974865
4971,248.55,0.0015532599668089736,0.047879313127663636
4972,248.60000000000002,0.001554149421708238,0.047879313130095
4973,248.65,0.0015551942867244627,0.04787931313106825
4974,248.70000000000002,0.001556410916573557,0.047879313130346345
4975,248.75,0.0015578189126797953,0.047879313127657856
4976,248.8,0.0015594417343124025,0.047879313122692994
4977,248.85000000000002,0.0015613074601143904,0.047879313115103204
4978,248.9,0.0015634497401616231,0.047879313104502205
4979,248.95000000000002,0.00156590899121857,0.047879313090461915
4980,249.0,0.001568733904736719,0.04787931307252027
4981,249.05,0.0015719833601067607,0.04787931305017966
4982,249.10000000000002,0.0015757288671720813,0.04787931302291192
4983,249.15,0.0015800577056648288,0.04787931299016813
4984,249.20000000000002,0.0015850769902621116,0.04787931295138374
4985,249.25,0.0015909189762193373,0.04787931290599064
4986,249.3,0.001597748043861716,0.04787931285342343
4987,249.35000000000002,0.0016057699784118025,0.04787931279314067
4988,249.4,0.0016152444225237136,0.047879312724630155
4989,249.45000000000002,0.0016265017656551589,0.047879312647424885
4990,249.5,0.0016399663159487093,0.047879312561116494
4991,249.55,0.0016561884873901654,0.04787931246536254
4992,249.60000000000002,0.0016758901095145584,0.04787931235988772
4993,249.65,0.0017000291315766919,0.04787931224449371
4994,249.70000000000002,0.0017298934611214927,0.04787931211903827
4995,249.75,0.00176723933307232,0.04787931198343015
4996,249.8,0.001814499000588384,0.04787931183759558
4997,249.85000000000002,0.0018750984311219684,0.047879311681443645
4998,249.9,0.0019539530369046968,0.04787931151481936
4999,249.95000000000002,0.002058257184399791,0.04787931133743875
5000,250.0,0.002198767027889454,0.0478793111488185
5001,250.05,0.0023919217758435122,0.047879310948197785
5002,250.10000000000002,0.0026633874262448213,0.04787931073444155
5003,250.15,0.00305392324031497,0.04787931050594334
5004,250.20000000000002,0.0036284826937635693,0.04787931026052193
5005,250.25,0.004486747252270191,0.047879309995306
5006,250.3,0.005754704844346516,0.04787930970662138
5007,250.35000000000002,0.007432939018029024,0.04787930938986639
5008,250.4,0.008439333957202774,0.04787930903938279
5009,250.45000000000002,0.0020640714292979702,0.04787930864832123
5010,250.5,0.03186814217143278,0.04787930820849101
5011,250.55,0.06467601135952614,0.0478793077101976
5012,250.60000000000002,0.021721976942138774,0.04787930714207203
5013,250.65,0.004779166369238143,0.04787930649088737
5014,250.70000000000002,0.008414727069386164,0.04787930574137209
5015,250.75,0.0070300522139319244,0.04787930487603591
5016,250.8,0.005416513575177844,0.047879303875045715
5017,250.85000000000002,0.004246015297540222,0.047879302716181904
5018,250.9,0.0034592502809778136,0.04787930137497143
5019,250.95000000000002,0.0029319002596090906,0.04787929982509126
5020,251.0,0.0025722539452484186,0.04787929803922047
5021,251.05,0.0023214151300139704,0.04787929599052789
5022,251.10000000000002,0.002142488709870074,0.04787929365507223
5023,251.15,0.00201218849206923,0.04787929101535981
5024,251.20000000000002,0.001915547434345683,0.047879288065171076
5025,251.25,0.0018427376355055574,0.0478792848153181
5026,251.3,0.0017871650509787961,0.04787928129891803
5027,251.35000000000002,0.0017443137212320606,0.04787927757232865
5028,251.4,0.0017110316478159448,0.04787927370327227
5029,251.45000000000002,0.0016850804064122214,0.047879269729223704
5030,251.5,0.0016648450266722051,0.0478792655556667
5031,251.55,0.0016491430376125583,0.04787926074590747
5032,251.60000000000002,0.0016370958743343403,0.04787925413953846
5033,251.65,0.0016280399447610534,0.047879243250749826
5034,251.70000000000002,0.0016214629281908568,0.04787922349873243
5035,251.75,0.0016169557371239402,0.047879187603322125
5036,251.8,0.0016141733595924385,0.04787912600406456
5037,251.85000000000002,0.0016127992455187722,0.04787902974125767
5038,251.9,0.0016125083914688948,0.04787889706587463
5039,251.95000000000002,0.0016129239863426218,0.04787874272047654
5040,252.0,0.0016135614528511983,0.04787860400084838
5041,252.05,0.0016137519515153269,0.04787853426299457
5042,252.10000000000002,0.0016125349656603589,0.04787858014510392
5043,252.15,0.0016085068251455122,0.0478787542984858
5044,252.20000000000002,0.0015996101502227305,0.04787902526856187
5045,252.25,0.0015828513000907432,0.04787933408501334
5046,252.3,0.0015539459667389018,0.047879623715057655
5047,252.35000000000002,0.0015069310113524435,0.04787985964733998
5048,252.4,0.0014338675448921396,0.04788003278420761
5049,252.45000000000002,0.0013249278181426067,0.04788015078317787
5050,252.5,0.001169421498632258,0.04788022765498688
5051,252.55,0.000958593793261203,0.04788027694443961
5052,252.60000000000002,0.0006909826745351981,0.04788030897755893
5053,252.65,0.0003800415856299483,0.04788033062845515
5054,252.70000000000002,6.093101741466058e-05,0.04788034608753689
5055,252.75,0.0002101716938331356,0.04788035776521048
5056,252.8,0.0003707240283980265,0.04788036700297901
5057,252.85000000000002,0.00037796945815693684,0.047880374543277815
5058,252.9,0.0002308594135258828,0.047880380809098046
5059,252.95000000000002,2.9490049060071503e-05,0.04788038605863957
5060,253.0,0.0003411490044944666,0.04788039046605851
5061,253.05,0.0006476122968196868,0.047880394161581435
5062,253.10000000000002,0.000912921335457432,0.04788039725051424
5063,253.15,0.0011227882780725515,0.04788039982180962
5064,253.20000000000002,0.0012780203579809992,0.04788040195172167
5065,253.25,0.0013869337972073194,0.047880403705224076
5066,253.3,0.0014599516714804076,0.04788040513646043
5067,253.35000000000002,0.0015067460727018988,0.04788040628876498
5068,253.4,0.0015351639632119056,0.047880407194543846
5069,253.45000000000002,0.0015511084660497969,0.0478804078751914
5070,253.5,0.0015588164082336892,0.04788040834126817
5071,253.55,0.0015612349795378361,0.04788040859324629
5072,253.60000000000002,0.0015603690194471366,0.04788040862317584
5073,253.65,0.0015575585738268859,0.04788040841771975
5074,253.70000000000002,0.0015536851846054333,0.04788040796286085
5075,253.75,0.001549318933027457,0.04788040725043258
5076,253.8,0.0015448205977271394,0.04788040628609179
5077,253.85000000000002,0.0015404114715072347,0.047880405097803155
5078,253.9,0.0015362205469944268,0.0478804037431387
5079,253.95000000000002,0.0015323161405090286,0.04788040231315873
5080,254.0,0.001528726924295147,0.04788040093060267
5081,254.05,0.00152545578888822,0.047880399740794756
5082,254.10000000000002,0.0015224888612741694,0.047880398895272305
5083,254.15,0.0015198012467780538,0.04788039853030521
5084,254.20000000000002,0.00151736054672188,0.047880398744479837
5085,254.25,0.001515128856026257,0.047880399580646625
5086,254.3,0.001513063712788307,0.04788040101694403
5087,254.35000000000002,0.0015111183191669757,0.04788040296943469
5088,254.4,0.0015092412556724044,0.04788040530576946
5089,254.45000000000002,0.0015073758538775267,0.047880407866367485
5090,254.5,0.0015054593663046223,0.04788041048796304
5091,254.55,0.0015034220720189857,0.0478804130244099
5092,254.60000000000002,0.0015011864802982995,0.04788041536115967
5093,254.65,0.0014986668425716148,0.047880417422032515
5094,254.70000000000002,0.0014957692547092833,0.04788041916888525
5095,254.75,0.0014923927263024003,0.047880420596157026
5096,254.8,0.0014884317045830448,0.047880421722666724
5097,254.85000000000002,0.0014837806529803205,0.0478804225828161
5098,254.9,0.0014783413683570601,0.04788042321871412
5099,254.95000000000002,0.0014720337261315034,0.04788042367401554
5100,255.0,0.0014648103930646774,0.04788042398970823
5101,255.05,0.0014566756444699047,0.04788042420165967
5102,255.10000000000002,0.0014477076599668974,0.04788042433956712
5103,255.15,0.0014380824760587964,0.047880424426872396
5104,255.20000000000002,0.001428096172489688,0.04788042448128382
5105,255.25,0.0014181800817034656,0.04788042451560383
5106,255.3,0.0014089023250844332,0.047880424538642725
5107,255.35000000000002,0.0014009485465911432,0.04788042455611466
5108,255.4,0.0013950761692293325,0.04788042457141456
5109,255.45000000000002,0.0013920403611842897,0.04788042458627651
5110,255.5,0.001392495833396597,0.04788042460129346
5111,255.55,0.0013968850219297324,0.047880424616325704
5112,255.60000000000002,0.0014053274651881155,0.047880424630798495
5113,255.65,0.0014175244179164758,0.04788042464393299
5114,255.70000000000002,0.0014326853386507662,0.047880424654912615
5115,255.75,0.0014494695912072007,0.04788042466301155
5116,255.8,0.0014659206232981938,0.04788042466770553
5117,255.85000000000002,0.001479355305286018,0.04788042466876274
5118,255.9,0.0014861621063127696,0.0478804246663516
5119,255.95000000000002,0.0014814623645924348,0.047880424661148474
5120,256.0,0.0014586061421831087,0.04788042465447077
5121,256.05,0.0014085249125392997,0.047880424648435095
5122,256.1,0.0013190835667183922,0.04788042464614071
5123,256.15000000000003,0.0011748242625283073,0.047880424651870986
5124,256.2,0.0009579370752951582,0.04788042467129352
5125,256.25,0.0006518833543539263,0.04788042471161316
5126,256.3,0.00024940456823281784,0.04788042478160523
5127,256.35,0.00023454340660555988,0.04788042489139403
5128,256.40000000000003,0.0007488406981700107,0.04788042505175374
5129,256.45,0.0012025305201314633,0.04788042527261594
5130,256.5,0.0014857456385494376,0.0478804255603103
5131,256.55,0.0015159478733367566,0.04788042591291138
5132,256.6,0.001282631020973414,0.04788042631297546
5133,256.65000000000003,0.0008538893383822608,0.04788042671700565
5134,256.7,0.00033870590657440546,0.04788042704143727
5135,256.75,0.0001630750663705697,0.047880427146141574
5136,256.8,0.0005897356331177147,0.047880426818728825
5137,256.85,0.0009191548046931651,0.04788042576664737
5138,256.90000000000003,0.001155676609268273,0.04788042362866204
5139,256.95,0.0013157703341763428,0.047880420020878424
5140,257.0,0.001418386291544712,0.04788041463094592
5141,257.05,0.0014802544705295308,0.047880407361540644
5142,257.1,0.0015144075518933116,0.04788039849688862
5143,257.15000000000003,0.0015302911507397924,0.047880388829012084
5144,257.2,0.001534443845147636,0.04788037965448772
5145,257.25,0.0015312512334892021,0.04788037257001835
5146,257.3,0.0015235855307940763,0.04788036907533503
5147,257.35,0.001513289341488622,0.047880370108589435
5148,257.40000000000003,0.0015015197879102902,0.047880375716010615
5149,257.45,0.001488984625434193,0.04788038502067198
5150,257.5,0.0014761007135984682,0.04788039650914871
5151,257.55,0.0014630989512832494,0.04788040849478158
5152,257.6,0.0014500932139113703,0.047880419550465056
5153,257.65000000000003,0.0014371254533547288,0.047880428760422374
5154,257.7,0.001424195153259473,0.047880435757810286
5155,257.75,0.0014112785614342524,0.047880440609660464
5156,257.8,0.00139834124966948,0.0478804436423327
5157,257.85,0.0013853463176106099,0.04788044528097217
5158,257.90000000000003,0.0013722597614470122,0.047880445938116196
5159,257.95,0.0013590540264135497,0.04788044595504023
5160,258.0,0.001345710453316574,0.047880445583117735
5161,258.05,0.001332221140859012,0.04788044498885251
5162,258.1,0.0013185906234663048,0.04788044426926354
5163,258.15000000000003,0.0013048376667613155,0.0478804434691721
5164,258.2,0.0012909973785799965,0.04788044259606292
5165,258.25,0.001277123701994431,0.04788044163095111
5166,258.3,0.0012632921910969868,0.04788044053510171
5167,258.35,0.0012496027789288878,0.04788043925305798
5168,258.40000000000003,0.0012361820545622442,0.047880437712448674
5169,258.45,0.0012231844111254603,0.04788043582086395
5170,258.5,0.0012107913530168817,0.047880433459746165
5171,258.55,0.0011992082998856107,0.047880430474813766
5172,258.6,0.001188658422356521,0.047880426662044465
5173,258.65000000000003,0.001179373387941998,0.047880421747518734
5174,258.7,0.0011715813492729637,0.04788041535861512
5175,258.75,0.0011654930004029328,0.047880406982783584
5176,258.8,0.0011612869666895354,0.047880395908651355
5177,258.85,0.0011590960806255363,0.04788038114246014
5178,258.90000000000003,0.0011589961510591216,0.047880361291779375
5179,258.95,0.0011609986210353352,0.04788033441056789
5180,259.0,0.0011650480523321646,0.04788029781244167
5181,259.05,0.0011710247519682805,0.047880247902879924
5182,259.1,0.001178752185562811,0.04788018020895419
5183,259.15000000000003,0.0011880082316527327,0.047880090130968805
5184,259.2,0.001198538923680126,0.047879975818047864
5185,259.25,0.0012100731589415792,0.047879846607474685
5186,259.3,0.001222336926674989,0.04787974430628057
5187,259.35,0.0012350658725814641,0.047879787119894206
5188,259.40000000000003,0.0012480153969933931,0.04788021929708595
5189,259.45,0.0012609678951074324,0.04788126714955414
5190,259.5,0.0012737371196666614,0.04788202643604448
5191,259.55,0.0012861699334980575,0.047877927642920266
5192,259.6,0.0012981459023178102,0.0478652889669355
5193,259.65000000000003,0.0013095752611600319,0.04786375259799262
5194,259.7,0.001320395788908752,0.04789353565194522
5195,259.75,0.001330569070114055,0.0479254814006884
5196,259.8,0.0013400765361179995,0.04793925209681054
5197,259.85,0.001348915579613258,0.047942560817356296
5198,259.90000000000003,0.0013570959428140263,0.047943149089976274
5199,259.95,0.0013646364982254483,0.04794339702793497
5200,260.0,0.001371562476733637,0.047943655723163496
5201,260.05,0.0013779031506388805,0.047943901447318665
5202,260.1,0.0013836899477786006,0.047944103565272386
5203,260.15000000000003,0.0013889549541078459,0.04794425720749028
5204,260.2,0.0013937297532166078,0.04794436963854023
5205,260.25,0.0013980445492215705,0.04794445063182286
5206,260.3,0.0014019275221240541,0.04794450877899805
5207,260.35,0.0014054043701681469,0.04794455066485384
5208,260.40000000000003,0.0014084980006197592,0.04794458105078918
5209,260.45,0.0014112283379312386,0.047944603293371066
5210,260.5,0.0014136122258565109,0.0479446197370033
5211,260.55,0.0014156634074167587,0.04794463201812613
5212,260.6,0.0014173925736842119,0.047944641283817195
5213,260.65000000000003,0.0014188074789312662,0.047944648343709186
5214,260.7,0.0014199131259385591,0.04794465377408947
5215,260.75,0.0014207120309738322,0.04794465798891559
5216,260.8,0.0014212045831184768,0.04794466128836825
5217,260.85,0.001421389516854802,0.0479446638921904
5218,260.90000000000003,0.0014212645197201625,0.047944665962748434
5219,260.95,0.0014208269976081743,0.047944667621101875
5220,261.0,0.0014200750181007351,0.0479446689583131
5221,261.05,0.0014190084456969518,0.047944670043465996
5222,261.1,0.0014176302708198908,0.047944670929411584
5223,261.15000000000003,0.00141594811566947,0.04794467165691543
5224,261.2,0.001413975873526739,0.04794467225768826
5225,261.25,0.0014117354041141182,0.04794467275660672
5226,261.3,0.0014092581674985745,0.04794467317335828
5227,261.35,0.0014065866365308348,0.04794467352367397
5228,261.40000000000003,0.0014037752891618979,0.04794467382024102
5229,261.45,0.0014008909558805903,0.04794467407339836
5230,261.5,0.0013980122948022732,0.04794467429164617
5231,261.55,0.0013952281981680736,0.04794467448203229
5232,261.6,0.0013926350071664943,0.04794467465043842
5233,261.65000000000003,0.0013903325285325903,0.047944674801782515
5234,261.7,0.001388418998036007,0.047944674940171066
5235,261.75,0.001386985303095131,0.0479446750690036
5236,261.8,0.0013861089293365626,0.04794467519104711
5237,261.85,0.001385848198956793,0.047944675308492314
5238,261.90000000000003,0.0013862373905876902,0.047944675422998545
5239,261.95,0.0013872832521849576,0.047944675535734824
5240,262.0,0.001388963242241033,0.047944675647420866
5241,262.05,0.0013912255848581015,0.04794467575837683
5242,262.1,0.0013939909438827162,0.04794467586857418
5243,262.15000000000003,0.0013971552604461106,0.04794467597769901
5244,262.2,0.0014005931013253814,0.04794467608521382
5245,262.25,0.0014041607599511977,0.04794467619042693
5246,262.3,0.0014076983427786145,0.047944676292557116
5247,262.35,0.001411030146403341,0.047944676390798344
5248,262.40000000000003,0.0014139627583498419,0.04794467648437602
5249,262.45,0.0014162804700452052,0.04794467657259014
5250,262.5,0.0014177377582433733,0.047944676654854246
5251,262.55,0.0014180487762686445,0.04794467673072003
5252,262.6,0.0014168740323312575,0.04794467679989009
5253,262.65000000000003,0.0014138047858820737,0.047944676862218615
5254,262.7,0.0014083462682489148,0.04794467691771121
5255,262.75,0.0013999017706421038,0.04794467696650571
5256,262.8,0.0013877611025143726,0.04794467700886041
5257,262.85,0.0013710990466239755,0.047944677045132375
5258,262.90000000000003,0.0013489922413998307,0.04794467707575223
5259,262.95,0.0013204661043632602,0.04794467710120515
5260,263.0,0.00128458603283455,0.047944677122009484
5261,263.05,0.0012406072046728654,0.04794467713869883
5262,263.1,0.0011881915790771845,0.047944677151805795
5263,263.15000000000003,0.0011276849995750257,0.04794467716184853
5264,263.2,0.0010604184972768157,0.04794467716931936
5265,263.25,0.0009889580287752368,0.04794467717467968
5266,263.3,0.0009171886843257554,0.04794467717834992
5267,263.35,0.000850108807952986,0.04794467718070923
5268,263.40000000000003,0.00079325755978203,0.04794467718209154
5269,263.45,0.0007518190867673582,0.04794467718278218
5270,263.5,0.0007296041363025627,0.047944677183019764
5271,263.55,0.0007282222748413702,0.047944677182992744
5272,263.6,0.0007467374777540368,0.04794467718283844
5273,263.65000000000003,0.0007819290979873767,0.047944677182641136
5274,263.7,0.0008290439188630195,0.04794467718243007
5275,263.75,0.0008827558627528576,0.04794467718217464
5276,263.8,0.0009380295871612404,0.04794467718178055
5277,263.85,0.0009906926346058046,0.047944677181086165
5278,263.90000000000003,0.0010376720121018622,0.047944677179853235
5279,263.95,0.0010769655175963122,0.04794467717776549
5280,264.0,0.001107465096122726,0.04794467717442137
5281,264.05,0.001128741667349798,0.047944677169336015
5282,264.1,0.0011408666231604388,0.04794467716193775
5283,264.15000000000003,0.0011443069584685143,0.04794467715157824
5284,264.2,0.0011398984779171174,0.047944677137542545
5285,264.25,0.0011288753109593545,0.04794467711907713
5286,264.3,0.0011129124225006577,0.04794467709541488
5287,264.35,0.0010941228944327495,0.04794467706582182
5288,264.40000000000003,0.0010749514093338567,0.047944677029649274
5289,264.45,0.001057930026091677,0.047944676986395915
5290,264.5,0.0010453149996747378,0.04794467693577131
5291,264.55,0.0010386885243985236,0.04794467687776323
5292,264.6,0.0010386525471606908,0.04794467681269099
5293,264.65000000000003,0.0010447294329307944,0.047944676741237924
5294,264.7,0.0010555119508688022,0.04794467666446142
5295,264.75,0.0010690090086776427,0.047944676583752795
5296,264.8,0.0010830672911670233,0.047944676500762354
5297,264.85,0.0010957439536219504,0.04794467641727143
5298,264.90000000000003,0.0011055522377786183,0.0479446763350216
5299,264.95,0.0011115647078501992,0.0479446762555182
5300,265.0,0.001113405184087213,0.047944676179815564
5301,265.05,0.0011111779015936243,0.0479446761083156
5302,265.1,0.001105376475011125,0.047944676040593784
5303,265.15000000000003,0.0010967983382734153,0.04794467597527462
5304,265.2,0.001086472873466641,0.047944675909965644
5305,265.25,0.0010755988985627753,0.04794467584125103
5306,265.3,0.0010654810763647802,0.04794467576473743
5307,265.35,0.0010574547223390317,0.04794467567512417
5308,265.40000000000003,0.0010527933077130944,0.04794467556628143
5309,265.45,0.00105260108576263,0.04794467543129428
5310,265.5,0.001057702410275482,0.04794467526245565
5311,265.55,0.0010685464485447767,0.04794467505116918
5312,265.6,0.0010851480891519217,0.0479446747877407
5313,265.65000000000003,0.00110708117595692,0.047944674461038644
5314,265.7,0.001133529512109199,0.0479446740580072
5315,265.75,0.0011633877316718202,0.04794467356298501
5316,265.8,0.0011953927985047768,0.047944672956831476
5317,265.85,0.0012282613993148778,0.04794467221579087
5318,265.90000000000003,0.0012608101486337787,0.04794467131003699
5319,265.95,0.0012920427834534239,0.04794467020184027
5320,266.0,0.0013211981475229051,0.047944668843234846
5321,266.05,0.0013477614691331779,0.04794466717310797
5322,266.1,0.0013714471561204922,0.0479446651135933
5323,266.15000000000003,0.0013921635694508646,0.04794466256576983
5324,266.2,0.0014099696690487433,0.04794465940480752
5325,266.25,0.0014250312300099965,0.04794465547517761
5326,266.3,0.0014375816167023993,0.0479446505874788
5327,266.35,0.0014478896361192841,0.04794464452044306
5328,266.40000000000003,0.0014562351351691905,0.047944637035736606
5329,266.45,0.0014628918253437343,0.04794462792116957
5330,266.5,0.0014681162100258092,0.04794461709327191
5331,266.55,0.00147214129118375,0.047944604818122724
5332,266.6,0.001475173784884267,0.04794459215563473
5333,266.65000000000003,0.0014773937549272345,0.04794458179353753
5334,266.7,0.001478955797268306,0.04794457945887363
5335,266.75,0.0014799911257466656,0.04794459583693247
5336,266.8,0.001480610097854241,0.047944647599255805
5337,266.85,0.0014809048698635858,0.047944751743017176
5338,266.90000000000003,0.0014809519842594436,0.04794489715176482
5339,266.95,0.0014808147742237537,0.047944966990865805
5340,267.0,0.0014805455261628503,0.047944628281976986
5341,267.05,0.00148018737806455,0.04794342626732102
5342,267.1,0.0014797759541823848,0.04794153985560752
5343,267.15000000000003,0.0014793407492045836,0.047940602332380906
5344,267.2,0.0014789062809097242,0.04794223258022619
5345,267.25,0.0014784930315281056,0.047945516964853316
5346,267.3,0.0014781181961150162,0.04794827063161208
5347,267.35,0.001477796252173659,0.047949661419691515
5348,267.40000000000003,0.0014775393590095516,0.047950110917691045
5349,267.45,0.0014773575879833925,0.04795017767524474
5350,267.5,0.0014772589758244917,0.04795015280535468
5351,267.55,0.0014772493818672235,0.047950130106815224
5352,267.6,0.0014773321157640087,0.047950123389714744
5353,267.65000000000003,0.0014775072836305187,0.047950125475042286
5354,267.7,0.0014777707758488105,0.047950127361992854
5355,267.75,0.0014781127866019374,0.047950121487370816
5356,267.8,0.0014785157100340915,0.047950099956647896
5357,267.85,0.0014789511962632355,0.04795005083565296
5358,267.90000000000003,0.0014793760659114407,0.047949952591583335
5359,267.95,0.0014797266660356641,0.047949766478870705
5360,268.0,0.0014799110925934889,0.04794942949991398
5361,268.05,0.00147979849141335,0.04794886088062594
5362,268.1,0.0014792043657494095,0.04794802905910769
5363,268.15000000000003,0.0014778704492680896,0.047947249580187506
5364,268.2,0.0014754372407469862,0.04794827675905753
5365,268.25,0.001471406754104957,0.04795686699610089
5366,268.3,0.001465092477823573,0.047976390099736504
5367,268.35,0.0014555531301851119,0.047940245818596024
5368,268.40000000000003,0.0014415069183136636,0.04787610983146011
5369,268.45,0.0014212244189756877,0.048167325060815926
5370,268.5,0.001392402310723882,0.04832209009343075
5371,268.55,0.0013520294214556777,0.04833124316665298
5372,268.6,0.001296274636106775,0.04832853136337235
5373,268.65000000000003,0.0012204578920700373,0.048329057015801
5374,268.7,0.0011192144979018555,0.04833037968106484
5375,268.75,0.0009870257987747064,0.04833145474951408
5376,268.8,0.0008193415934751133,0.04833217105594188
5377,268.85,0.0006144967819057901,0.04833261956515222
5378,268.90000000000003,0.0003764094065892424,0.0483328913982191
5379,268.95,0.00011751402364325375,0.04833304613652466
5380,269.0,0.00013943368531574873,0.048333115540596286
5381,269.05,0.0003626855899584349,0.04833310937218933
5382,269.1,0.0005174848602402026,0.04833301719640553
5383,269.15000000000003,0.0005759195765715036,0.04833280885957983
5384,269.2,0.0005266608020308,0.048332458384425514
5385,269.25,0.0003792998719571166,0.04833214086855754
5386,269.3,0.00016065000279255368,0.048333399646711364
5387,269.35,9.472834374859817e-05,0.048343887411208424
5388,269.40000000000003,0.00035455883319661174,0.04836841042160291
5389,269.45,0.0005952285007477749,0.048269970769419704
5390,269.5,0.0008034679023381864,0.04839173657328285
5391,269.55,0.0009747318756983743,0.048484507038965674
5392,269.6,0.0011103011448836508,0.04846681935037508
5393,269.65000000000003,0.0012145382002776105,0.048461238387920616
5394,269.7,0.001292903057800305,0.04846098610152228
5395,269.75,0.0013507727933926785,0.04846144338455698
5396,269.8,0.0013928713398903363,0.04846180533786759
5397,269.85,0.0014230822430693429,0.048462028170620446
5398,269.90000000000003,0.0014444663046080655,0.04846215963319542
5399,269.95,0.001459369214564175,0.04846223781059551
5400,270.0,0.001469554665179251,0.04846228540880689
5401,270.05,0.001476331412338819,0.04846231520977216
5402,270.1,0.0014806617429026518,0.04846233440087294
5403,270.15000000000003,0.0014832485975668096,0.048462347095346955
5404,270.2,0.0014846030181962188,0.04846235570439617
5405,270.25,0.001485095153629923,0.04846236167826771
5406,270.3,0.0014849922493823612,0.048462365911622465
5407,270.35,0.00148448666490681,0.0484623689698761
5408,270.40000000000003,0.0014837164074337434,0.04846237121854719
5409,270.45,0.0014827801250816694,0.04846237289895914
5410,270.5,0.0014817480328535996,0.0484623741735803
5411,270.55,0.0014806698693150678,0.04846237515378536
5412,270.6,0.0014795806923123278,0.048462375917213814
5413,270.65000000000003,0.0014785051044594617,0.048462376518835164
5414,270.7,0.0014774603382004094,0.04846237699813515
5415,270.75,0.0014764585122007021,0.0484623773838612
5416,270.8,0.0014755082849545915,0.048462377697206474
5417,270.85,0.0014746160690756929,0.04846237795398104
5418,270.90000000000003,0.001473786924641688,0.04846237816610872
5419,270.95,0.0014730252171666508,0.048462378342677345
5420,271.0,0.0014723351022022109,0.048462378490678
5421,271.05,0.001471720881352945,0.048462378615542374
5422,271.1,0.0014711872621549335,0.04846237872152481
5423,271.15000000000003,0.0014707395452766517,0.04846237881198574
5424,271.2,0.0014703837560562998,0.04846237888959938
5425,271.25,0.0014701267327640228,0.04846237895651176
5426,271.3,0.0014699761806307961,0.04846237901445424
5427,271.35,0.001469940698318968,0.04846237906483464
5428,271.40000000000003,0.0014700297816915794,0.04846237910880447
5429,271.45,0.0014702538083297744,0.04846237914731118
5430,271.5,0.0014706240049229267,0.04846237918113852
5431,271.55,0.0014711523981791234,0.04846237921093874
5432,271.6,0.001471851747993512,0.04846237923725667
5433,271.65000000000003,0.0014727354589709328,0.04846237926055032
5434,271.7,0.0014738174625451481,0.04846237928120595
5435,271.75,0.001475112056359465,0.048462379299550364
5436,271.8,0.0014766336795386918,0.04846237931586277
5437,271.85,0.0014783965909344406,0.04846237933037907
5438,271.90000000000003,0.0014804144009796418,0.04846237934330233
5439,271.95,0.0014826993842689657,0.04846237935480742
5440,272.0,0.0014852614666281488,0.04846237936504372
5441,272.05,0.0014881067327879938,0.048462379374140385
5442,272.1,0.0014912352327878223,0.04846237938220806
5443,272.15000000000003,0.0014946377680148085,0.04846237938934291
5444,272.2,0.001498291198497059,0.04846237939562704
5445,272.25,0.0015021516136964857,0.048462379401132315
5446,272.3,0.0015061444240465798,0.04846237940591891
5447,272.35,0.0015101500252306548,0.04846237941003933
5448,272.40000000000003,0.0015139831158087083,0.04846237941353674
5449,272.45,0.0015173629553703013,0.04846237941644819
5450,272.5,0.0015198707754455506,0.048462379418804095
5451,272.55,0.00152088915868354,0.04846237942062775
5452,272.6,0.0015195165181898847,0.048462379421937325
5453,272.65000000000003,0.0015144480755033545,0.04846237942274659
5454,272.7,0.0015038136547444612,0.04846237942306234
5455,272.75,0.0014849638598317268,0.0484623794228873
5456,272.8,0.0014542033372762027,0.04846237942221926
5457,272.85,0.0014064896726177258,0.0484623794210492
5458,272.90000000000003,0.0013351606824705926,0.04846237941936508
5459,272.95,0.0012318380054910556,0.04846237941714631
5460,273.0,0.0010867958894758528,0.048462379414368775
5461,273.05,0.0008902699085246943,0.04846237941099984
5462,273.1,0.0006353167679278907,0.04846237940700076
5463,273.15000000000003,0.00032266028113073306,0.04846237940232395
5464,273.2,3.297827549553409e-05,0.04846237939691299
5465,273.25,0.00039757014136424304,0.048462379390700916
5466,273.3,0.0007182903286905392,0.04846237938360821
5467,273.35,0.0009345308430204612,0.04846237937554445
5468,273.40000000000003,0.0009985530530512434,0.04846237936640037
5469,273.45,0.0008958738052063991,0.04846237935605072
5470,273.5,0.000651952757873241,0.048462379344348494
5471,273.55,0.0003203046909306967,0.04846237933112189
5472,273.6,3.934941578693641e-05,0.048462379316169014
5473,273.65000000000003,0.00037937998144188826,0.04846237929925466
5474,273.7,0.0006717931274346317,0.04846237928010353
5475,273.75,0.0009064526686163207,0.04846237925838899
5476,273.8,0.0010851340007431956,0.048462379233729695
5477,273.85,0.0012155711536121704,0.04846237920567223
5478,273.90000000000003,0.001307277142619894,0.048462379173681285
5479,273.95,0.0013692477559574016,0.04846237913711957
5480,274.0,0.0014090118670978314,0.04846237909522983
5481,274.05,0.0014324511003485812,0.04846237904710423
5482,274.1,0.0014439787647377111,0.04846237899165615
5483,274.15000000000003,0.001446841574294833,0.04846237892757842
5484,274.2,0.001443428029499734,0.048462378853291396
5485,274.25,0.0014355356338942278,0.04846237876688206
5486,274.3,0.001424582191790378,0.04846237866602253
5487,274.35,0.0014117597696091573,0.04846237854786968
5488,274.40000000000003,0.0013981340669765652,0.04846237840893578
5489,274.45,0.0013846932751143046,0.04846237824492334
5490,274.5,0.0013723523600846464,0.04846237805051435
5491,274.55,0.0013619222426277014,0.04846237781909211
5492,274.6,0.0013540578931917947,0.04846237754238196
5493,274.65000000000003,0.0013492029738995477,0.04846237720997869
5494,274.7,0.0013475490701114012,0.048462376808716685
5495,274.75,0.0013490234431804294,0.04846237632183575
5496,274.8,0.001353311192816391,0.048462375727844294
5497,274.85,0.0013599082196833864,0.04846237499899076
5498,274.90000000000003,0.00136819366208747,0.04846237409914492
5499,274.95,0.00137750695244676,0.04846237298087402
5500,275.0,0.001387215823599214,0.04846237158132475
5501,275.05,0.0013967661781808598,0.048462369816386935
5502,275.1,0.0014057105031222517,0.04846236757229868
5503,275.15000000000003,0.0014137164721770028,0.048462364693407006
5504,275.2,0.0014205604420191105,0.04846236096409752
5505,275.25,0.001426111591684403,0.04846235608166777
5506,275.3,0.001430311991966791,0.048462349614996035
5507,275.35,0.0014331566318634924,0.048462340940450745
5508,275.40000000000003,0.0014346759797495001,0.04846232914072175
5509,275.45,0.0014349223933589636,0.04846231284203325
5510,275.5,0.0014339607688940925,0.048462289946912096
5511,275.55,0.0014318632373532924,0.04846225718635825
5512,275.6,0.001428707399615779,0.04846220935361605
5513,275.65000000000003,0.0014245774436690325,0.04846213796727903
5514,275.7,0.0014195674205971912,0.048462028901205864
5515,275.75,0.0014137859072319884,0.04846185815436812
5516,275.8,0.0014073612181496164,0.04846158441954241
5517,275.85,0.0014004462404272654,0.04846113701878235
5518,275.90000000000003,0.0013932218704216844,0.04846040192471125
5519,275.95,0.0013858979736656415,0.04845923752146072
5520,276.0,0.001378710823336239,0.04845770796387441
5521,276.05,0.0013719161582353714,0.04845746095941521
5522,276.1,0.0013657773787693578,0.0484676057032599
5523,276.15000000000003,0.0013605489686430894,0.048511470040941085
5524,276.2,0.0013564559280566182,0.048493419964811976
5525,276.25,0.001353670698666492,0.04831313659119374
5526,276.3,0.0013522895662048129,0.048980251810893216
5527,276.35,0.001352310649308545,0.049177112643794714
5528,276.40000000000003,0.001353615181818494,0.049163570224616246
5529,276.45,0.001355952841372009,0.04915915124377045
5530,276.5,0.0013589304806136523,0.04916100973754257
5531,276.55,0.0013620020128544067,0.04916312201363754
5532,276.6,0.001364455690581946,0.049164527181416375
5533,276.65000000000003,0.001365393889918308,0.04916537109006958
5534,276.7,0.0013637000401357673,0.049165871334931506
5535,276.75,0.0013579877904838391,0.049166172358318716
5536,276.8,0.001346529325067809,0.04916635797281764
5537,276.85,0.001327163773493795,0.049166475530942784
5538,276.90000000000003,0.0012971945075160212,0.0491665519754164
5539,276.95,0.0012532983432930404,0.049166602936184405
5540,277.0,0.0011914937181713718,0.04916663769791345
5541,277.05,0.0011072517089707942,0.04916666191357297
5542,277.1,0.0009958816039550456,0.049166679108900165
5543,277.15000000000003,0.0008533663480117357,0.049166691533807726
5544,277.2,0.0006778196216232415,0.04916670065518163
5545,277.25,0.0004716042078377633,0.049166707448674886
5546,277.3,0.00024379138794116794,0.04916671257532269
5547,277.35,1.2035721206603059e-05,0.049166716490741
5548,277.40000000000003,0.0001976581180042066,0.04916671951397465
5549,277.45,0.00035474992089497786,0.04916672187174712
5550,277.5,0.0004316530129945811,0.04916672372738022
5551,277.55,0.00041250446384461946,0.04916672520002436
5552,277.6,0.00029899241331514035,0.04916672637762941
5553,277.65000000000003,0.00010992314544516462,0.049166727325829426
5554,277.7,0.0001252579789061365,0.04916672809410089
5555,277.75,0.00037541580190908225,0.04916672872009671
5556,277.8,0.0006149852716475437,0.049166729232716255
5557,277.85,0.0008273876286079922,0.04916672965432391
5558,277.90000000000003,0.0010048945678182682,0.04916673000234759
5559,277.95,0.0011464933775389625,0.04916673029046019
5560,278.0,0.0012552745982089015,0.04916673052944639
5561,278.05,0.0013362396199194425,0.049166730727848676
5562,278.1,0.0013948210070963384,0.04916673089245558
5563,278.15000000000003,0.0014360551574776224,0.0491667310286704
5564,278.2,0.001464220875956341,0.04916673114078316
5565,278.25,0.0014827588966061188,0.049166731232182175
5566,278.3,0.0014943351834163692,0.04916673130551463
5567,278.35,0.0015009619010934315,0.04916673136280097
5568,278.40000000000003,0.0015041288014604622,0.04916673140552394
5569,278.45,0.0015049227405952827,0.04916673143468602
5570,278.5,0.001504127268370079,0.04916673145084379
5571,278.55,0.0015023014596393363,0.049166731454126734
5572,278.6,0.0014998403078848555,0.04916673144422811
5573,278.65000000000003,0.0014970199959093043,0.049166731420381304
5574,278.7,0.0014940313259116603,0.049166731381306825
5575,278.75,0.0014910041472171352,0.04916673132513361
5576,278.8,0.0014880250707615904,0.04916673124928312
5577,278.85,0.0014851502421551678,0.04916673115031369
5578,278.90000000000003,0.0014824145095663308,0.04916673102369364
5579,278.95,0.0014798379771039014,0.049166730863506425
5580,279.0,0.0014774306698451503,0.049166730662037014
5581,279.05,0.0014751958387536266,0.049166730409203246
5582,279.1,0.0014731322877960913,0.04916673009177766
5583,279.15000000000003,0.001471235999098598,0.04916672969229308
5584,279.2,0.0014695012547098758,0.0491667291874987
5585,279.25,0.0014679213977420182,0.04916672854616831
5586,279.3,0.0014664893354380797,0.04916672772592103
5587,279.35,0.0014651978577000797,0.049166726668573406
5588,279.40000000000003,0.0014640398236988328,0.049166725293230545
5589,279.45,0.00146300825404671,0.04916672348584965
5590,279.5,0.0014620963549430304,0.0491667210831956
5591,279.55,0.0014612974926286866,0.049166717847707334
5592,279.6,0.0014606051303334936,0.04916671342729478
5593,279.65000000000003,0.0014600127352586466,0.049166707289575985
5594,279.7,0.0014595136593112596,0.049166698611608224
5595,279.75,0.0014591009941283422,0.04916668608996343
5596,279.8,0.001458767397947806,0.049166667603789835
5597,279.85,0.0014585048889777382,0.049166639597494295
5598,279.90000000000003,0.001458304596766322,0.0491665959092726
5599,279.95,0.0014581564595437183,0.04916652546239853
5600,280.0,0.0014580488512467807,0.04916640753118441
5601,280.05,0.001457968116777341,0.04916620164891753
5602,280.1,0.00145789798750373,0.04916582541982448
5603,280.15000000000003,0.0014578188408464136,0.0491651057233145
5604,280.2,0.0014577067572255267,0.04916368371181896
5605,280.25,0.001457532314290453,0.0491609701893097
5606,280.3,0.001457259041202904,0.04915774783702213
5607,280.35,0.0014568414339654887,0.04917552429708848
5608,280.40000000000003,0.0014562224052878815,0.049366457541341745
5609,280.45,0.0014553300081914186,0.048931613092670995
5610,280.5,0.0014540732304351403,0.05035279683809236
5611,280.55,0.0014523366066785043,0.05046775461275178
5612,280.6,0.0014499733378169418,0.05037657048206698
5613,280.65000000000003,0.0014467965457062603,0.050374076475899046
5614,280.7,0.0014425682349363247,0.050378072112105245
5615,280.75,0.0014369854982633323,0.050380441144418586
5616,280.8,0.0014296635205686113,0.05038161783512247
5617,280.85,0.0014201150630331204,0.050382198999272126
5618,280.90000000000003,0.0014077264372079005,0.050382487751803394
5619,280.95,0.0013917306546916291,0.050382623961054175
5620,281.0,0.0013711796819435062,0.050382672408643484
5621,281.05,0.0013449198454102103,0.05038266568520654
5622,281.1,0.0013115777887111458,0.050382629652782174
5623,281.15000000000003,0.0012695693210147635,0.050382612621125325
5624,281.2,0.0012171500745123572,0.050382739394643904
5625,281.25,0.0011525343733617232,0.0503832881377442
5626,281.3,0.0010741146984663092,0.05038455659739832
5627,281.35,0.0009808133935819846,0.050385399227537854
5628,281.40000000000003,0.0008725820069514395,0.0503801805801446
5629,281.45,0.0007510208053240766,0.050369265453205206
5630,281.5,0.0006200141668272039,0.050378544701762264
5631,281.55,0.0004861759513072347,0.050402622673350085
5632,281.6,0.0003588143062455009,0.050413707787887854
5633,281.65000000000003,0.00024913535416596966,0.050415178009147375
5634,281.7,0.00016858911184851875,0.0504148080917474
5635,281.75,0.00012662054065782177,0.050414610716766624
5636,281.8,0.00012847590326189602,0.050414631188960134
5637,281.85,0.0001738702477752709,0.05041472430626301
5638,281.90000000000003,0.0002570636957217533,0.05041481920908353
5639,281.95,0.00036831384671538086,0.05041489543544427
5640,282.0,0.0004961112700688166,0.050414951701920396
5641,282.05,0.0006293907373592011,0.0504149919007455
5642,282.1,0.0007591019160733891,0.050415020322032336
5643,282.15000000000003,0.0008789186796107348,0.05041504041073862
5644,282.2,0.0009852115607132483,0.05041505466402955
5645,282.25,0.001076571651896059,0.05041506481851647
5646,282.3,0.0011531703765899782,0.05041507206141552
5647,282.35,0.0012161501619075879,0.050415077199228005
5648,282.40000000000003,0.001267140811273127,0.05041508077896435
5649,282.45,0.0013079231032822913,0.050415083172280585
5650,282.5,0.0013402215497524993,0.05041508463445407
5651,282.55,0.0013655941081873472,0.05041508534858466
5652,282.6,0.001385386940684785,0.05041508546430683
5653,282.65000000000003,0.0014007286226377575,0.050415085140663736
5654,282.7,0.0014125456579126916,0.05041508460521942
5655,282.75,0.0014215875705318448,0.05041508424594845
5656,282.8,0.0014284545979926884,0.050415084757316535
5657,282.85,0.0014336242161062758,0.0504150873595035
5658,282.90000000000003,0.0014374747304072638,0.050415094074391674
5659,282.95,0.001440305339226442,0.05041510790250141
5660,283.0,0.001442352703491827,0.05041513233984904
5661,283.05,0.0014438043592166104,0.050415168753446024
5662,283.1,0.0014448094207661056,0.050415208779980805
5663,283.15000000000003,0.001445487033909169,0.05041521942537681
5664,283.2,0.0014459329997804772,0.05041512928823334
5665,283.25,0.0014462249337556586,0.050414855003269275
5666,283.3,0.0014464262626429293,0.05041442026247272
5667,283.35,0.0014465893072233486,0.05041408408399814
5668,283.40000000000003,0.0014467576478963786,0.05041418506062439
5669,283.45,0.00144696792992647,0.050414734658387146
5670,283.5,0.0014472512305540924,0.05041538418379172
5671,283.55,0.0014476340823311232,0.05041583283732975
5672,283.6,0.0014481392239132436,0.05041603652809632
5673,283.65000000000003,0.0014487861300769758,0.05041608885996509
5674,283.7,0.0014495913557410597,0.05041608064347343
5675,283.75,0.0014505687131647152,0.05041605976463738
5676,283.8,0.001451729286183701,0.05041604310737245
5677,283.85,0.0014530812693696763,0.05041603360188728
5678,283.90000000000003,0.0014546296021102348,0.05041602983395979
5679,283.95,0.0014563753465793644,0.05041602981166252
5680,284.0,0.0014583147329006744,0.05041603199644739
5681,284.05,0.001460437762561415,0.05041603537885769
5682,284.1,0.0014627262202463534,0.05041603932774087
5683,284.15000000000003,0.0014651508921663138,0.050416043444498425
5684,284.2,0.0014676677231591363,0.050416047468861955
5685,284.25,0.0014702125632557969,0.050416051227895185
5686,284.3,0.0014726940568376996,0.05041605461080868
5687,284.35,0.0014749841178175187,0.05041605755588895
5688,284.40000000000003,0.0014769053254113102,0.05041606004153548
5689,284.45,0.0014782144965698944,0.05041606207788227
5690,284.5,0.0014785817032569445,0.05041606369816457
5691,284.55,0.0014775642173816019,0.050416064950271275
5692,284.6,0.0014745754776972742,0.05041606588922609
5693,284.65000000000003,0.001468850495871856,0.050416066571158914
5694,284.7,0.0014594116181316612,0.050416067049003685
5695,284.75,0.0014450428306512094,0.050416067369839675
5696,284.8,0.001424287406324837,0.05041606757361231
5697,284.85,0.0013954926895229996,0.05041606769288151
5698,284.90000000000003,0.001356935702387916,0.05041606775324754
5699,284.95,0.0013070692472507575,0.05041606777416217
5700,285.0,0.0012449203125221215,0.0504160677699012
5701,285.05,0.0011706358430121622,0.05041606775054767
5702,285.1,0.0010860919766398434,0.050416067722902656
5703,285.15000000000003,0.0009953681996280885,0.05041606769126366
5704,285.2,0.0009047891343866871,0.05041606765807139
5705,285.25,0.000822255621302158,0.050416067624418755
5706,285.3,0.0007558166053073006,0.05041606759043931
5707,285.35,0.0007118358964198638,0.050416067555593164
5708,285.40000000000003,0.0006934433245202702,0.05041606751886678
5709,285.45,0.0006999300617038202,0.05041606747890996
5710,285.5,0.0007272979959851432,0.050416067434117265
5711,285.55,0.000769608173082884,0.050416067382661474
5712,285.6,0.0008204883497849424,0.05041606732250804
5713,285.65000000000003,0.0008742768216687193,0.05041606725138755
5714,285.7,0.0009266062414003051,0.05041606716675428
5715,285.75,0.0009745094630177457,0.050416067065719036
5716,285.8,0.0010162444264337617,0.050416066944963346
5717,285.85,0.0010510184518944395,0.05041606680062818
5718,285.90000000000003,0.0010787236328474185,0.05041606662818048
5719,285.95,0.0010997303295351268,0.05041606642224856
5720,286.0,0.0011147444602905758,0.05041606617642711
5721,286.05,0.0011247143157567772,0.05041606588304121
5722,286.1,0.001130766103788301,0.05041606553287354
5723,286.15000000000003,0.0011341481236753124,0.05041606511483824
5724,286.2,0.001136168136022352,0.0504160646156234
5725,286.25,0.0011381157828653143,0.050416064019290316
5726,286.3,0.0011411708119196146,0.05041606330687257
5727,286.35,0.001146306703922632,0.05041606245602855
5728,286.40000000000003,0.0011542056657394557,0.05041606144084512
5729,286.45,0.0011652024485567464,0.05041606023201727
5730,286.5,0.00117927000680644,0.050416058797738104
5731,286.55,0.0011960507799645007,0.05041605710593714
5732,286.6,0.0012149265383080263,0.050416055128902064
5733,286.65000000000003,0.0012351111364139375,0.05041605285204181
5734,286.7,0.0012557469110255947,0.05041605028952088
5735,286.75,0.001275987370634426,0.05041604751094
5736,286.8,0.0012950546827648244,0.050416044684695065
5737,286.85,0.001312267700582547,0.05041604214398521
5738,286.90000000000003,0.0013270425951648053,0.050416040476974906
5739,286.95,0.001338872363502537,0.05041604062350692
5740,287.0,0.0013472935331662154,0.050416043905141476
5741,287.05,0.001351849052754449,0.05041605178112531
5742,287.1,0.0013520566975264233,0.050416064856121066
5743,287.15000000000003,0.0013473932290680027,0.050416080286947364
5744,287.2,0.0013373064148845073,0.050416086665624534
5745,287.25,0.0013212693498510554,0.050416057208416895
5746,287.3,0.0012988924672426236,0.050415948410525324
5747,287.35,0.0012701044524296632,0.050415721453411354
5748,287.40000000000003,0.0012353984786873664,0.05041539911150335
5749,287.45,0.001196109539778396,0.05041511816655451
5750,287.5,0.0011546427135948336,0.05041507422970766
5751,287.55,0.0011145258979522877,0.05041534733990133
5752,287.6,0.00108014862158225,0.05041580972466808
5753,287.65000000000003,0.0010561142183375069,0.050416250899848365
5754,287.7,0.0010462906353833434,0.05041654859952638
5755,287.75,0.0010528374445047985,0.05041670218403665
5756,287.8,0.00107558638120375,0.05041676733752597
5757,287.85,0.0011120529611107026,0.05041679697856624
5758,287.90000000000003,0.0011580836594713773,0.05041682119230524
5759,287.95,0.001208864108457442,0.05041685043296076
5760,288.0,0.0012599026838930414,0.050416884412642304
5761,288.05,0.001307698706035086,0.050416919178938716
5762,288.1,0.0013500021768969234,0.050416950996647086
5763,288.15000000000003,0.0013857397601840936,0.05041697773908714
5764,288.2,0.0014147540026429777,0.05041699886906774
5765,288.25,0.001437491528913049,0.050417014883660745
5766,288.3,0.0014547263066794246,0.050417026737344356
5767,288.35,0.0014673539418513435,0.05041703544581454
5768,288.40000000000003,0.0014762592885949075,0.0504170418855042
5769,288.45,0.0014822435481469413,0.05041704673082197
5770,288.5,0.0014859929778101328,0.0504170504649019
5771,288.55,0.0014880733862610836,0.050417053418483695
5772,288.6,0.0014889386730460794,0.05041705581219266
5773,288.65000000000003,0.0014889456652548306,0.05041705779188751
5774,288.7,0.0014883706246077814,0.050417059454686136
5775,288.75,0.0014874249441381732,0.050417060866710176
5776,288.8,0.0014862688986024878,0.05041706207456086
5777,288.85,0.0014850230868260078,0.05041706311248545
5778,288.90000000000003,0.0014837776071119,0.050417064006756336
5779,288.95,0.0014825991842236767,0.05041706477829205
5780,289.0,0.0014815365150781677,0.050417065444247414
5781,289.05,0.0014806240789147047,0.05041706601898288
5782,289.1,0.001479884599722614,0.050417066514669207
5783,289.15000000000003,0.0014793302704044831,0.050417066941697855
5784,289.2,0.001478962754932049,0.05041706730896801
5785,289.25,0.00147877187474454,0.050417067624093426
5786,289.3,0.0014787327510464177,0.05041706789358528
5787,289.35,0.0014788010026223074,0.050417068122983334
5788,289.40000000000003,0.0014789053700494153,0.050417068316979535
5789,289.45,0.0014789368259179596,0.05041706847951688
5790,289.5,0.0014787328016615039,0.05041706861387423
5791,289.55,0.001478054570986589,0.050417068722738885
5792,289.6,0.0014765550265809072,0.05041706880826266
5793,289.65000000000003,0.0014737330230915908,0.050417068872109616
5794,289.7,0.0014688691197022245,0.05041706891548975
5795,289.75,0.0014609360232901143,0.05041706893918089
5796,289.8,0.0014484756363073602,0.050417068943542115
5797,289.85,0.0014294342169821387,0.05041706892851004
5798,289.90000000000003,0.001400949711392058,0.050417068893587935
5799,289.95,0.0013590947744962145,0.05041706883781561
5800,290.0,0.0012986026479954972,0.05041706875972647
5801,290.05,0.001212652731159097,0.0504170686572836
5802,290.1,0.0010928837067339385,0.05041706852779883
5803,290.15000000000003,0.000929944340451749,0.050417068367815884
5804,290.2,0.0007150617623646406,0.050417068172967594
5805,290.25,0.00044318731809821503,0.050417067937785554
5806,290.3,0.00011798759409588706,0.0504170676554617
5807,290.35,0.00024213495315621628,0.05041706731753717
5808,290.40000000000003,0.000599824301661274,0.05041706691350902
5809,290.45,0.0009010845056472516,0.05041706643032093
5810,290.5,0.0010878703245046533,0.05041706585171197
5811,290.55,0.0011185832826880366,0.050417065157377615
5812,290.6,0.0009859594726331986,0.050417064321890595
5813,290.65000000000003,0.0007204138222983443,0.050417063313299565
5814,290.7,0.00037641882466547247,0.050417062091336534
5815,290.75,1.1441138454296706e-05,0.05041706060508478
5816,290.8,0.0003302867685567414,0.05041705878999871
5817,290.85,0.0006236326353930441,0.05041705656408884
5818,290.90000000000003,0.000860160099669852,0.05041705382311548
5819,290.95,0.0010423276056491216,0.050417050434637734
5820,291.0,0.001177944114878408,0.05041704623092702
5821,291.05,0.001276346853060709,0.05041704100102624
5822,291.1,0.0013463185731868597,0.050417034483014274
5823,291.15000000000003,0.0013952281710660256,0.05041702635901164
5824,291.2,0.001428864983289528,0.050417016258505
5825,291.25,0.0014515947515895999,0.050417003781349036
5826,291.3,0.0014666234077930357,0.050416988562396355
5827,291.35,0.0014762642558358643,0.05041697041777692
5828,291.40000000000003,0.0014821670594050707,0.050416949639804136
5829,291.45,0.0014854990615073749,0.050416927535454285
5830,291.5,0.001487081529498177,0.050416907287133494
5831,291.55,0.001487489884947501,0.050416894993207555
5832,291.6,0.0014871258474484755,0.050416899857298
5833,291.65000000000003,0.0014862688466861541,0.05041692990382486
5834,291.7,0.0014851124173666866,0.05041697402891859
5835,291.75,0.0014837898665506122,0.05041695552638824
5836,291.8,0.0014823923422948564,0.050416659956306016
5837,291.85,0.0014809815463576394,0.05041574350717195
5838,291.90000000000003,0.001479598681234931,0.05041410137882227
5839,291.95,0.0014782707521212774,0.050412605015712146
5840,292.0,0.0014770150106175272,0.05041298391373953
5841,292.05,0.0014758420919488123,0.050415886137905125
5842,292.1,0.0014747582325424936,0.050419804764612566
5843,292.15000000000003,0.0014737668394326515,0.05042290530906501
5844,292.2,0.0014728696022339473,0.05042465238012159
5845,292.25,0.0014720672819176367,0.05042543710617691
5846,292.3,0.00147136027098197,0.05042575088748062
5847,292.35,0.0014707489916820826,0.0504258835259845
5848,292.40000000000003,0.0014702341792713627,0.05042595718855332
5849,292.45,0.0014698170831333548,0.05042601224070328
5850,292.5,0.0014694996085154565,0.050426058949301036
5851,292.55,0.0014692844140893565,0.050426099028527425
5852,292.6,0.0014691749748155572,0.05042613267803908
5853,292.65000000000003,0.0014691756148803893,0.050426160281389174
5854,292.7,0.0014692915112569825,0.05042618253821885
5855,292.75,0.0014695286642167167,0.050426200288467775
5856,292.8,0.0014698938263215792,0.05042621436064668
5857,292.85,0.001470394375519459,0.05042622549186285
5858,292.90000000000003,0.001471038110155572,0.05042623430052672
5859,292.95,0.0014718329329971608,0.05042624128780511
5860,293.0,0.0014727863763825972,0.05042624685160399
5861,293.05,0.001473904899305792,0.05042625130414684
5862,293.1,0.0014751928568074487,0.05042625488886097
5863,293.15000000000003,0.0014766509982781098,0.05042625779486268
5864,293.2,0.001478274288234644,0.05042626016859324
5865,293.25,0.0014800487519396283,0.05042626212268951
5866,293.3,0.0014819469163692908,0.050426263742382293
5867,293.35,0.0014839212260139788,0.05042626508972411
5868,293.40000000000003,0.0014858945368267393,0.05042626620596454
5869,293.45,0.0014877463934619708,0.050426267112387485
5870,293.5,0.0014892932245128832,0.05042626781010964
5871,293.55,0.0014902597820779955,0.050426268279539214
5872,293.6,0.0014902380273404511,0.050426268480690664
5873,293.65000000000003,0.0014886281462247381,0.050426268356027495
5874,293.7,0.0014845544374770536,0.05042626783797354
5875,293.75,0.0014767465715870346,0.05042626686312947
5876,293.8,0.001463374687301489,0.05042626539416679
5877,293.85,0.0014418263760043464,0.05042626344761323
5878,293.90000000000003,0.0014084180382024894,0.050426261121622164
5879,293.95,0.0013580490625424335,0.05042625861328223
5880,294.0,0.0012838471645321183,0.050426256213083
5881,294.05,0.001176936853933766,0.05042625426780146
5882,294.1,0.0010266142110148244,0.05042625311377369
5883,294.15000000000003,0.0008214370420932278,0.050426252997039345
5884,294.2,0.000551970444675097,0.05042625400742276
5885,294.25,0.0002159043303765785,0.050426256052387146
5886,294.3,0.0001745610294820753,0.05042625888167778
5887,294.35,0.0005853708539362715,0.0504262621527613
5888,294.40000000000003,0.0009587863868761887,0.05042626551164888
5889,294.45,0.0012236970094513968,0.05042626866159451
5890,294.5,0.0013192695865861417,0.05042627140235136
5891,294.55,0.001221451580941451,0.05042627363725611
5892,294.6,0.0009547146122169684,0.05042627535655084
5893,294.65000000000003,0.0005800983895995198,0.05042627660948567
5894,294.7,0.0001686578293276781,0.05042627747597695
5895,294.75,0.00022207839045184884,0.050426278044185445
5896,294.8,0.000558277883754763,0.05042627839604167
5897,294.85,0.0008278925337671528,0.05042627859995145
5898,294.90000000000003,0.0010333012676800816,0.050426278708701054
5899,294.95,0.0011839477761780267,0.05042627876045407
5900,295.0,0.001291252017519134,0.050426278781213196
5901,295.05,0.0013658856918444516,0.05042627878764755
5902,295.1,0.0014166933922377153,0.05042627878971133
5903,295.15000000000003,0.0014505222122667897,0.050426278792784225
5904,295.2,0.0014724538990754062,0.05042627879930168
5905,295.25,0.0014861585461892841,0.050426278809916104
5906,295.3,0.001494239035815866,0.05042627882428149
5907,295.35,0.001498518413894846,0.05042627884157192
5908,295.40000000000003,0.0015002619143640902,0.0504262788607827
5909,295.45,0.0015003411554428427,0.05042627888091423
5910,295.5,0.001499352407711468,0.050426278901058164
5911,295.55,0.0014977004072158732,0.05042627892043277
5912,295.6,0.0014956571633432789,0.05042627893839039
5913,295.65000000000003,0.0014934029798977116,0.050426278954401334
5914,295.7,0.001491054978028105,0.05042627896803036
5915,295.75,0.0014886869014289503,0.05042627897891346
5916,295.8,0.0014863428665347405,0.05042627898673233
5917,295.85,0.0014840469168125522,0.050426278991185326
5918,295.90000000000003,0.0014818096729824373,0.05042627899196638
5919,295.95,0.0014796329747941855,0.05042627898873935
5920,296.0,0.0014775131348311182,0.05042627898111659
5921,296.05,0.0014754432342606134,0.050426278968627704
5922,296.1,0.0014734147583789256,0.05042627895070118
5923,296.15000000000003,0.0014714187781119823,0.050426278926626995
5924,296.2,0.0014694468196415915,0.05042627889552111
5925,296.25,0.0014674915193453144,0.0504262788562828
5926,296.3,0.0014655471293685046,0.05042627880753946
5927,296.35,0.0014636099162491443,0.05042627874757891
5928,296.40000000000003,0.0014616784784185458,0.050426278674259375
5929,296.45,0.0014597539962475615,0.050426278584897455
5930,296.5,0.001457840419426594,0.05042627847612559
5931,296.55,0.001455944590119334,0.05042627834369759
5932,296.6,0.0014540762961497552,0.0504262781822387
5933,296.65000000000003,0.0014522482461308953,0.05042627798491486
5934,296.7,0.0014504759580050129,0.05042627774298713
5935,296.75,0.001448777553668393,0.05042627744521672
5936,296.8,0.001447173455272506,0.05042627707705743
5937,296.85,0.0014456859831240192,0.05042627661955525
5938,296.90000000000003,0.0014443388605897007,0.050426276047835755
5939,296.95,0.0014431566374968553,0.0504262753290151
5940,297.0,0.0014421640496036997,0.05042627441928644
5941,297.05,0.0014413853369177163,0.05042627325984091
5942,297.1,0.0014408435471773685,0.050426271771128905
5943,297.15000000000003,0.0014405598516723048,0.05042626984476058
5944,297.2,0.0014405528979959162,0.05042626733208473
5945,297.25,0.0014408382175787767,0.05042626402819709
5946,297.3,0.0014414276943220932,0.05042625964992936
5947,297.35,0.0014423290840387885,0.05042625380666796
5948,297.40000000000003,0.0014435455520053265,0.050426245964793566
5949,297.45,0.0014450751673291769,0.050426235413042364
5950,297.5,0.0014469102565616212,0.05042622125493573
5951,297.55,0.001449036472868382,0.05042620250498749
5952,297.6,0.0014514313773499614,0.050426178495006004
5953,297.65000000000003,0.0014540622495539568,0.050426150113058586
5954,297.7,0.0014568827355122913,0.05042612310375127
5955,297.75,0.001459827790043743,0.0504261159090696
5956,297.8,0.0014628061556752666,0.05042617499972347
5957,297.85,0.0014656893158053778,0.05042639001794649
5958,297.90000000000003,0.0014682954272676083,0.050426835466505816
5959,297.95,0.0014703661286414502,0.050427173716426535
5960,298.0,0.0014715332773822312,0.05042582020173047
5961,298.05,0.00147127153182498,0.050421568358804104
5962,298.1,0.0014688312290087842,0.05042049164490956
5963,298.15000000000003,0.0014631442714413778,0.05042813496264961
5964,298.2,0.0014526940123708882,0.050435929669430626
5965,298.25,0.001435339235270523,0.05043876927445208
5966,298.3,0.0014080841715272741,0.05043908568928997
5967,298.35,0.0013667951053935399,0.050438931996034
5968,298.40000000000003,0.0013058871278199575,0.05043883637058102
5969,298.45,0.0012180549963180171,0.05043881460261058
5970,298.5,0.0010942180090701265,0.050438816279529876
5971,298.55,0.0009240057969987831,0.05043880728555435
5972,298.6,0.0006973142347030569,0.05043876564305652
5973,298.65000000000003,0.00040759490853826936,0.05043866734216739
5974,298.7,5.73005829535428e-05,0.050438469993656816
5975,298.75,0.000335213799342104,0.0504380842094439
5976,298.8,0.0007303340852969934,0.05043730539929503
5977,298.85,0.0010688269938193822,0.050435626618824406
5978,298.90000000000003,0.0012853262856682803,0.050431675322412536
5979,298.95,0.0013316955442472071,0.05042144527174254
5980,299.0,0.001198292647535578,0.05039429172337166
5981,299.05,0.0009186149384929669,0.050377392624668914
5982,299.1,0.0005538152188559616,0.05196772101079998
5983,299.15000000000003,0.0001682379865635273,0.041689452943663455
5984,299.2,0.00018929810512985262,0.05447069109066208
5985,299.25,0.0004919521894404065,0.0532666877595261
5986,299.3,0.0007317333431765011,0.05330048475096065
5987,299.35,0.0009126508004837896,0.05332780008935723
5988,299.40000000000003,0.0010443664719735227,0.0533378122520301
5989,299.45,0.0011379277046660308,0.053341669082117564
5990,299.5,0.001203499758891559,0.05334331447688943
5991,299.55,0.0012494599944629045,0.05334408617878517
5992,299.6,0.0012822448502771823,0.05334447825856807
5993,299.65000000000003,0.0013065409460340867,0.05334469112752465
5994,299.7,0.0013255943489965552,0.05334481322661479
5995,299.75,0.0013415306717862211,0.053344886529840076
5996,299.8,0.001355642478958056,0.05334493224721728
5997,299.85,0.0013686301398850404,0.053344961705121506
5998,299.90000000000003,0.001380794385833191,0.05334498127154329
5999,299.95,0.0013921834060172445,0.05334499472365548
6000,300.0,0.0014026992231894644,0.05334500444924882
6001,300.05,0.0014121691556210035,0.053345012082015746
6002,300.1,0.0014203888118552671,0.05334501883073891
6003,300.15000000000003,0.0014271432542801443,0.05334502559477862
6004,300.2,0.0014322127060682113,0.053345032852154195
6005,300.25,0.0014353686036340592,0.05334504022474601
6006,300.3,0.0014363651507396504,0.05334504559240283
6007,300.35,0.0014349310569514826,0.05334504377145681
6008,300.40000000000003,0.0014307660175361214,0.053345025355410566
6009,300.45,0.001423546752665517,0.053344977549938145
6010,300.5,0.0014129479019094956,0.05334489006548627
6011,300.55,0.0013986832965045724,0.053344767561958426
6012,300.6,0.0013805722430719868,0.05334464216853514
6013,300.65000000000003,0.0013586321817986773,0.05334456946669261
6014,300.7,0.0013331920284770315,0.053344597621019056
6015,300.75,0.0013050089418111422,0.05334473026274639
6016,300.8,0.0012753565758736752,0.053344921637505066
6017,300.85,0.0012460402836155639,0.05334511017898167
6018,300.90000000000003,0.0012192935868489852,0.05334525503325759
6019,300.95,0.001197530777056196,0.053345346513458125
6020,301.0,0.0011829760552045743,0.05334539497147866
6021,301.05,0.0011772477164897614,0.05334541620939297
6022,301.1,0.00118101769652618,0.053345423222976036
6023,301.15000000000003,0.001193861768411466,0.05334542416062519
6024,301.2,0.0012143554413454505,0.053345423242301356
6025,301.25,0.0012403815099555997,0.0533454222742633
6026,301.3,0.0012695436813101677,0.053345421824971886
6027,301.35,0.0012995610630619713,0.05334542192743941
6028,301.40000000000003,0.0013285510592882192,0.05334542243481232
6029,301.45,0.0013551661006756027,0.05334542317525472
6030,301.5,0.0013786008951029367,0.05334542400655352
6031,301.55,0.0013985140989199063,0.05334542482673282
6032,301.6,0.0014149114879978355,0.053345425568430076
6033,301.65000000000003,0.0014280264866300405,0.0533454261891961
6034,301.7,0.0014382186344793497,0.05334542666233432
6035,301.75,0.0014458976980249684,0.05334542696953397
6036,301.8,0.0014514729064499289,0.05334542709523089
6037,301.85,0.0014553228264664838,0.05334542702223255
6038,301.90000000000003,0.001457780322660128,0.05334542672798776
6039,301.95,0.0014591275348933579,0.053345426180983466
6040,302.0,0.0014595968909442145,0.05334542533667288
6041,302.05,0.0014593753216870767,0.05334542413230941
6042,302.1,0.0014586098166767,0.053345422479892046
6043,302.15000000000003,0.0014574131838537853,0.05334542025609048
6044,302.2,0.0014558693757889115,0.0533454172874761
6045,302.25,0.0014540380639006297,0.05334541332843021
6046,302.3,0.001451958331496211,0.05334540802749815
6047,302.35,0.001449651458272816,0.05334540087525225
6048,302.40000000000003,0.0014471228140992283,0.05334539112192434
6049,302.45,0.001444362890117095,0.05334537764468737
6050,302.5,0.00144134748437121,0.053345358729039165
6051,302.55,0.0014380370360266431,0.05334533170027805
6052,302.6,0.001434375072228573,0.05334529228654716
6053,302.65000000000003,0.0014302856981772982,0.053345233488926044
6054,302.7,0.0014256700269728924,0.05334514352297916
6055,302.75,0.0014204014145920824,0.053345001971900396
6056,302.8,0.001414319342351288,0.05334477244744901
6057,302.85,0.001407221783158448,0.053344388493414906
6058,302.90000000000003,0.001398855913657239,0.053343727383266426
6059,302.95,0.0013889071157359672,0.053342569152974424
6060,303.0,0.0013769863849489915,0.053340586115332676
6061,303.05,0.0013626165854416171,0.05333776365733098
6062,303.1,0.0013452185389209587,0.053337854626543925
6063,303.15000000000003,0.001324098811186943,0.05336710067947383
6064,303.2,0.0012984423824150468,0.053486660696262844
6065,303.25,0.001267315262727745,0.053205908420264424
6066,303.3,0.0012296845690116295,0.05380507780196704
6067,303.35,0.0011844664254274768,0.05461197343478229
6068,303.40000000000003,0.0011306146694420982,0.054575941970625305
6069,303.45,0.001067264386181095,0.05456021990780478
6070,303.5,0.0009939413950222208,0.05456314147370371
6071,303.55,0.000910838624618182,0.05456682486326769
6072,303.6,0.0008191393574225877,0.05456910164179494
6073,303.65000000000003,0.0007213343465321957,0.054570374456657154
6074,303.7,0.0006214398125976391,0.05457108524871412
6075,303.75,0.0005249918099505674,0.0545714926733254
6076,303.8,0.00043869547229966857,0.05457173410479643
6077,303.85,0.0003696717789271647,0.0545718820752848
6078,303.90000000000003,0.00032437492900314215,0.05457197569310648
6079,303.95,0.0003074117295328742,0.054572036674059285
6080,304.0,0.00032060026655456335,0.05457207745832248
6081,304.05,0.0003625790402128261,0.0545721053922867
6082,304.1,0.00042910428436310184,0.05457212494008689
6083,304.15000000000003,0.0005139293207797173,0.054572138887188815
6084,304.2,0.0006099706660302677,0.05457214901445456
6085,304.25,0.0007104186494343852,0.0545721564861482
6086,304.3,0.0008095421744600777,0.05457216207915471
6087,304.35,0.0009030935198554738,0.05457216632168294
6088,304.40000000000003,0.0009883562854896225,0.05457216957910413
6089,304.45,0.0010639528736660594,0.05457217210819435
6090,304.5,0.0011295377208998098,0.054572174092069776
6091,304.55,0.0011854740093364634,0.05457217566309126
6092,304.6,0.0012325517235801439,0.054572176918143915
6093,304.65000000000003,0.001271770682399126,0.05457217792897325
6094,304.7,0.001304189725731954,0.05457217874928375
6095,304.75,0.0013308318800288816,0.054572179419688366
6096,304.8,0.0013526317054650301,0.054572179971188316
6097,304.85,0.0013704117149408595,0.054572180427656054
6098,304.90000000000003,0.0013848772519949445,0.054572180807630745
6099,304.95,0.0013966220597480211,0.05457218112561969
6100,305.0,0.0014061392740128762,0.05457218139305881
6101,305.05,0.0014138345053080338,0.05457218161902472
6102,305.1,0.001420039046255849,0.05457218181076901
6103,305.15000000000003,0.0014250221543092533,0.05457218197412072
6104,305.2,0.001429001934263403,0.054572182113789613
6105,305.25,0.0014321546855161312,0.05457218223360535
6106,305.3,0.0014346227662749567,0.05457218233669384
6107,305.35,0.0014365211185276684,0.05457218242562274
6108,305.40000000000003,0.0014379426323606274,0.05457218250250597
6109,305.45,0.0014389625311750929,0.054572182569093415
6110,305.5,0.001439641945975224,0.05457218262683877
6111,305.55,0.0014400308263523263,0.054572182676952526
6112,305.6,0.0014401703133347728,0.05457218272044567
6113,305.65000000000003,0.0014400946775270404,0.054572182758164695
6114,305.7,0.0014398329063132697,0.054572182790819095
6115,305.75,0.0014394100067250321,0.05457218281900316
6116,305.8,0.0014388480759100267,0.054572182843215175
6117,305.85,0.0014381671788720079,0.054572182863873185
6118,305.90000000000003,0.0014373860629461844,0.05457218288132234
6119,305.95,0.0014365227301378228,0.05457218289585121
6120,306.0,0.0014355948818359288,0.05457218290769466
6121,306.05,0.0014346202452264,0.05457218291704029
6122,306.1,0.0014336167869954072,0.05457218292403783
6123,306.15000000000003,0.0014326028174458671,0.05457218292879588
6124,306.2,0.0014315969868814097,0.05457218293139089
6125,306.25,0.0014306181759293978,0.05457218293186639
6126,306.3,0.0014296852821478602,0.054572182930235115
6127,306.35,0.0014288169065979643,0.05457218292647769
6128,306.40000000000003,0.0014280309456186323,0.05457218292054399
6129,306.45,0.0014273440943987571,0.054572182912352094
6130,306.5,0.0014267712694993762,0.054572182901784574
6131,306.55,0.0014263249565203697,0.05457218288868849
6132,306.6,0.0014260144859609553,0.054572182872870266
6133,306.65000000000003,0.0014258452340737964,0.054572182854089775
6134,306.7,0.0014258177353928259,0.054572182832057954
6135,306.75,0.0014259266786896976,0.05457218280642489
6136,306.8,0.0014261597373889992,0.05457218277677558
6137,306.85,0.0014264961577839963,0.05457218274261464
6138,306.90000000000003,0.0014269049923512982,0.0545721827033556
6139,306.95,0.001427342819058065,0.054572182658302215
6140,307.0,0.0014277507283836962,0.05457218260662958
6141,307.05,0.001428050284467706,0.054572182547356955
6142,307.1,0.0014281380714388536,0.054572182479319394
6143,307.15000000000003,0.0014278783161189815,0.05457218240112795
6144,307.20000000000005,0.0014270929302913058,0.054572182311121105
6145,307.25,0.0014255481387193856,0.05457218220730951
6146,307.3,0.0014229366600636017,0.05457218208729766
6147,307.35,0.0014188542100650645,0.05457218194819637
6148,307.40000000000003,0.0014127689555359087,0.05457218178650432
6149,307.45000000000005,0.0014039825794506808,0.054572181597960887
6150,307.5,0.001391582041291218,0.054572181377363624
6151,307.55,0.0013743823242667419,0.05457218111832441
6152,307.6,0.0013508631035160977,0.054572180812973055
6153,307.65000000000003,0.0013191073487624758,0.05457218045155911
6154,307.70000000000005,0.0012767587553987568,0.05457218002194836
6155,307.75,0.0012210290511886464,0.05457217950896327
6156,307.8,0.0011488063134796928,0.054572178893522734
6157,307.85,0.0010569391006079792,0.05457217815151601
6158,307.90000000000003,0.0009427889845245587,0.054572177252323086
6159,307.95000000000005,0.0008051339086670644,0.054572176156858776
6160,308.0,0.0006454293437723089,0.05457217481499946
6161,308.05,0.0004692520632087589,0.05457217316217814
6162,308.1,0.0002874583790734305,0.054572171114914435
6163,308.15000000000003,0.0001162910453102864,0.05457216856496992
6164,308.20000000000005,2.4368529322507488e-05,0.054572165371835846
6165,308.25,0.00011486884388763882,0.05457216135331697
6166,308.3,0.00014091106160415393,0.05457215627430245
6167,308.35,9.793649084382421e-05,0.05457214983468026
6168,308.40000000000003,7.336531875011472e-06,0.054572141659374955
6169,308.45000000000005,0.00015904445933313303,0.05457213129804402
6170,308.5,0.0003368868039101338,0.054572118251594144
6171,308.55,0.0005212038750126219,0.05457210206251601
6172,308.6,0.0006965469931846684,0.05457208254455801
6173,308.65000000000003,0.0008530679418015941,0.054572060296305666
6174,308.70000000000005,0.0009861373231686006,0.054572037745327054
6175,308.75,0.0010950427431934539,0.054572021038799275
6176,308.8,0.0011815107471751332,0.05457202277969502
6177,308.85,0.0012484749116233845,0.05457206361793918
6178,308.90000000000003,0.0012992256293069058,0.05457216354061257
6179,308.95000000000005,0.0013369107212187687,0.054572296210104725
6180,309.0,0.0013642942170151997,0.054572264350849053
6181,309.05,0.0013836787461077836,0.05457155007685155
6182,309.1,0.0013969184864188174,0.05456962343080844
6183,309.15000000000003,0.0014054742946858342,0.05456734906072331
6184,309.20000000000005,0.0014104824859460575,0.05456758052426677
6185,309.25,0.0014128222392601544,0.05457154546156504
6186,309.3,0.0014131748400079466,0.05457649664391842
6187,309.35,0.00141207253746982,0.05457974067147889
6188,309.40000000000003,0.0014099370863132805,0.05458113096949759
6189,309.45000000000005,0.001407109033458311,0.05458156148273595
6190,309.5,0.0014038691305274594,0.05458166891571725
6191,309.55,0.0014004532610160305,0.05458170676624501
6192,309.6,0.001397062167428836,0.0545817410245229
6193,309.65000000000003,0.0013938671408346274,0.05458177854736702
6194,309.70000000000005,0.0013910127275338915,0.05458181483035405
6195,309.75,0.0013886174160280794,0.054581846187975076
6196,309.8,0.0013867731778949924,0.05458187110995804
6197,309.85,0.0013855446307500217,0.05458188941269716
6198,309.90000000000003,0.0013849684573171359,0.05458190139483178
6199,309.95000000000005,0.001385053548398565,0.05458190730860919
6200,310.0,0.0013857821470800765,0.05458190704171423
6201,310.05,0.0013871120740567573,0.05458189986490946
6202,310.1,0.0013889799318575198,0.054581884115064365
6203,310.15000000000003,0.0013913050403458365,0.05458185666520491
6204,310.20000000000005,0.00139399376305754,0.05458181194621626
6205,310.25,0.0013969438498311548,0.054581740066773826
6206,310.3,0.0014000484423418282,0.054581623076601415
6207,310.35,0.0014031994537487093,0.054581427245307096
6208,310.40000000000003,0.00140629012533128,0.05458108637428637
6209,310.45000000000005,0.0014092166647316664,0.05458046392185967
6210,310.5,0.001411878967741125,0.05457926295771591
6211,310.55,0.0014141805087671717,0.05457680665800143
6212,310.6,0.0014160275494198935,0.054571540565912256
6213,310.65000000000003,0.0014173278597001862,0.05456058157603865
6214,310.70000000000005,0.0014179891740118253,0.05454923978517015
6215,310.75,0.0014179176173852108,0.05469880634750943
6216,310.8,0.001417016336120043,0.055711149222256076
6217,310.85,0.0014151845486496011,0.05299973571470511
6218,310.90000000000003,0.0014123171872997915,0.057734385891615427
6219,310.95000000000005,0.001408305214790587,0.057230404960102156
6220,311.0,0.0014030365497688098,0.05721230705230572
6221,311.05,0.0013963973013125536,0.057229630491502946
6222,311.1,0.001388272678488886,0.0572388009655173
6223,311.15000000000003,0.0013785465149620225,0.05724296497789712
6224,311.20000000000005,0.0013670978796340898,0.05724491695614284
6225,311.25,0.001353792844677677,0.05724588931866421
6226,311.3,0.0013384693389688572,0.05724640424100665
6227,311.35,0.001320913378575494,0.057246692386915675
6228,311.40000000000003,0.001300826102367203,0.05724686160085202
6229,311.45000000000005,0.0012777831459381273,0.05724696522070441
6230,311.5,0.0012511909870992356,0.05724703102235665
6231,311.55,0.0012202487811277037,0.05724707415274737
6232,311.6,0.0011839284380002247,0.057247103216757786
6233,311.65000000000003,0.0011409896935042736,0.05724712328313365
6234,311.70000000000005,0.0010900499939515856,0.05724713743515329
6235,311.75,0.0010297301482988944,0.05724714760266782
6236,311.8,0.0009588940577487469,0.057247155024628536
6237,311.85,0.0008769910398239428,0.05724716051449931
6238,311.90000000000003,0.0007844873501683757,0.057247164616996506
6239,311.95000000000005,0.0006833347910824897,0.05724716770303383
6240,312.0,0.000577369581775818,0.05724717002858424
6241,312.05,0.00047247825441549944,0.05724717177187039
6242,312.1,0.0003763428779151092,0.05724717305726419
6243,312.15000000000003,0.00029763146413072417,0.05724717397078885
6244,312.20000000000005,0.00024466020046353716,0.057247174570199934
6245,312.25,0.00022379103183547256,0.05724717489142407
6246,312.3,0.00023802977153386792,0.05724717495245593
6247,312.35,0.00028631389478186336,0.057247174755335174
6248,312.40000000000003,0.00036376114339018074,0.05724717428654085
6249,312.45000000000005,0.0004627824095106998,0.057247173515886284
6250,312.5,0.0005746474046371395,0.05724717239382448
6251,312.55,0.0006909935362895926,0.057247170846821606
6252,312.6,0.0008049000903693001,0.05724716877023471
6253,312.65000000000003,0.0009113920934528308,0.05724716601776051
6254,312.70000000000005,0.0010074495063763162,0.05724716238605464
6255,312.75,0.0010917028571224073,0.057247157592451824
6256,312.8,0.0011640006638450266,0.05724715124277954
6257,312.85,0.0012249822228349182,0.057247142785041116
6258,312.90000000000003,0.001275726157930718,0.05724713144342864
6259,312.95000000000005,0.0013174958027462917,0.05724711612627025
6260,313.0,0.0013515736987386568,0.0572470953035187
6261,313.05,0.001379165638193621,0.05724706686039837
6262,313.1,0.0014013532337495977,0.05724702797137756
6263,313.15000000000003,0.0014190773824462914,0.05724697514825846
6264,313.20000000000005,0.0014331396976776946,0.0572469049131139
6265,313.25,0.0014442132763528971,0.05724681630151504
6266,313.3,0.0014528574578759736,0.05724671814386053
6267,313.35,0.001459533500080141,0.05724664725087246
6268,313.40000000000003,0.0014646195480689766,0.05724670487622845
6269,313.45000000000005,0.0014684241441781376,0.057247090759077884
6270,313.5,0.0014711980220153617,0.057247939628332925
6271,313.55,0.0014731441900148624,0.05724827921999485
6272,313.6,0.0014744264368569597,0.05724416810139492
6273,313.65000000000003,0.0014751764420786477,0.05723452943685933
6274,313.70000000000005,0.0014754996859635747,0.05723785332181481
6275,313.75,0.0014754803436469995,0.057263333409655844
6276,313.8,0.0014751853302845004,0.057285097647793756
6277,313.85,0.0014746676431767888,0.05729319700326817
6278,313.90000000000003,0.0014739691257097357,0.057294945697264614
6279,313.95000000000005,0.0014731227582272174,0.057295275506776766
6280,314.0,0.001472154562977713,0.05729546873004626
6281,314.05,0.001471085194017398,0.05729566988701555
6282,314.1,0.0014699312683226497,0.05729585143054428
6283,314.15000000000003,0.001468706480912087,0.05729599607106958
6284,314.20000000000005,0.0014674225343731659,0.057296104018430175
6285,314.25,0.0014660899013601955,0.057296182169081535
6286,314.3,0.0014647184273133454,0.05729623811334938
6287,314.35,0.0014633177695543762,0.057296278129898695
6288,314.40000000000003,0.0014618976580432885,0.05729630689685552
6289,314.45000000000005,0.0014604679523676032,0.05729632774538951
6290,314.5,0.0014590384589971855,0.057296343002712774
6291,314.55,0.0014576184624528706,0.0572963542852732
6292,314.6,0.0014562159136348115,0.05729636271745589
6293,314.65000000000003,0.001454836207636488,0.05729636908566547
6294,314.70000000000005,0.0014534804710644672,0.05729637394419233
6295,314.75,0.001452143263587835,0.057296377687234
6296,314.8,0.0014508095777375038,0.05729638059781803
6297,314.85,0.0014494509915723584,0.057296382881139835
6298,314.90000000000003,0.0014480207863395724,0.05729638468740998
6299,314.95000000000005,0.0014464477807552825,0.05729638612763577
6300,315.0,0.0014446285496761988,0.057296387284612886
6301,315.05,0.0014424175834093218,0.05729638822064164
6302,315.1,0.0014396148031699514,0.05729638898300438
6303,315.15000000000003,0.0014359496829748992,0.05729638960787264
6304,315.20000000000005,0.0014310610558473304,0.05729639012313818
6305,315.25,0.0014244715428653586,0.05729639055046405
6306,315.3,0.0014155555186818219,0.05729639090679588
6307,315.35,0.0014034997681860153,0.05729639120547411
6308,315.40000000000003,0.0013872567615274103,0.057296391457071556
6309,315.45000000000005,0.0013654922193477087,0.05729639167001071
6310,315.5,0.0013365320381222552,0.0572963918510449
6311,315.55,0.0012983196536336952,0.05729639200561417
6312,315.6,0.0012484046672553738,0.057296392138119996
6313,315.65000000000003,0.00118399788679538,0.05729639225214274
6314,315.70000000000005,0.0011021461993686525,0.05729639235060439
6315,315.75,0.0010000983685756425,0.057296392435899755
6316,315.8,0.0008759377943228212,0.057296392509997116
6317,315.85,0.0007295272393018291,0.0572963925745179
6318,315.90000000000003,0.0005637111825121365,0.057296392630804466
6319,315.95000000000005,0.0003855303023848491,0.057296392679962976
6320,316.0,0.00020694784467224471,0.057296392722911794
6321,316.05,4.440324251441452e-05,0.05729639276041023
6322,316.1,8.336670591257659e-05,0.05729639279308536
6323,316.15000000000003,0.0001591723327355403,0.05729639282145348
6324,316.20000000000005,0.00017182898267252347,0.057296392845937065
6325,316.25,0.00011944639074179449,0.05729639286687734
6326,316.3,1.0001755780428788e-05,0.057296392884545556
6327,316.35,0.00014108737192485417,0.05729639289915294
6328,316.40000000000003,0.0003152091987941127,0.05729639291085364
6329,316.45000000000005,0.0004947915678867128,0.057296392919752664
6330,316.5,0.0006661367437396394,0.05729639292590831
6331,316.55,0.00082045252356118,0.057296392929332474
6332,316.6,0.0009534726461964277,0.05729639292999168
6333,316.65000000000003,0.0010643539243845581,0.0572963929278069
6334,316.70000000000005,0.0011544346801636047,0.0572963929226495
6335,316.75,0.0012261880843176351,0.057296392914340855
6336,316.8,0.0012824826232171256,0.05729639290264254
6337,316.85,0.001326130980580118,0.05729639288725274
6338,316.90000000000003,0.00135965700698809,0.05729639286779537
6339,316.95000000000005,0.0013852057694816464,0.057296392843809045
6340,317.0,0.0014045366501106093,0.057296392814732436
6341,317.05,0.0014190582743468258,0.05729639277988595
6342,317.1,0.0014298799323325887,0.057296392738447235
6343,317.15000000000003,0.001437865433138019,0.05729639268942978
6344,317.20000000000005,0.0014436825101512736,0.0572963926316382
6345,317.25,0.0014478450826664328,0.05729639256363191
6346,317.3,0.0014507479155805836,0.05729639248366797
6347,317.35,0.0014526942834766794,0.05729639238963264
6348,317.40000000000003,0.0014539176528387463,0.05729639227895232
6349,317.45000000000005,0.0014545984637678836,0.05729639214848766
6350,317.5,0.00145487700250663,0.05729639199438999
6351,317.55,0.00145486320784272,0.057296391811922844
6352,317.6,0.0014546440978412721,0.0572963915952295
6353,317.65000000000003,0.0014542893612201923,0.057296391337035235
6354,317.70000000000005,0.0014538555379981929,0.05729639102825291
6355,317.75,0.0014533891178143564,0.05729639065747192
6356,317.8,0.0014529288092247719,0.0572963902102815
6357,317.85,0.0014525071757964369,0.05729638966837224
6358,317.90000000000003,0.0014521517914763797,0.05729638900832696
6359,317.95000000000005,0.0014518860350573384,0.057296388200005724
6360,318.0,0.0014517296188865856,0.0572963872043388
6361,318.05,0.001451698927906806,0.05729638597032432
6362,318.1,0.0014518072297560255,0.057296384430884556
6363,318.15000000000003,0.0014520648036852812,0.0572963824971336
6364,318.20000000000005,0.0014524790243802509,0.057296380050373755
6365,318.25,0.0014530544257098143,0.05729637693088653
6366,318.3,0.001453792758678056,0.05729637292214069
6367,318.35,0.0014546930470699811,0.05729636772853039
6368,318.40000000000003,0.001455751633583525,0.057296360944051036
6369,318.45000000000005,0.0014569621983714408,0.05729635200861484
6370,318.5,0.001458315720982566,0.057296340148390155
6371,318.55,0.0014598003452314025,0.057296324297846125
6372,318.6,0.0014614010941815347,0.0572963030075099
6373,318.65000000000003,0.001463099368177897,0.0572962743613521
6374,318.70000000000005,0.0014648721417220261,0.057296235982825364
6375,318.75,0.0014666907530968868,0.0572961853499281
6376,318.8,0.0014685191519838766,0.05729612098179828
6377,318.85,0.0014703114322861272,0.05729604581878583
6378,318.90000000000003,0.0014720084266753974,0.05729597551310215
6379,318.95000000000005,0.0014735330724839537,0.05729595549520485
6380,319.0,0.0014747841715162177,0.05729608378010216
6381,319.05,0.0014756280557064161,0.05729648609549714
6382,319.1,0.0014758875342835128,0.05729700890099362
6383,319.15000000000003,0.00147532733870892,0.05729623339288494
6384,319.20000000000005,0.0014736351106462277,0.05729128270355949
6385,319.25,0.0014703968252342521,0.057285077010713115
6386,319.3,0.0014650654704456087,0.057291829534535
6387,319.35,0.0014569219359614261,0.05731112822511386
6388,319.40000000000003,0.0014450276238740362,0.05732564345352828
6389,319.45000000000005,0.0014281696576126472,0.05733120192320901
6390,319.5,0.001404802339860801,0.05733259735992338
6391,319.55,0.0013729935833393667,0.057332935976613784
6392,319.6,0.001330393546807579,0.05733311763482294
6393,319.65000000000003,0.0012742557371449006,0.05733328270189679
6394,319.70000000000005,0.0012015585185702927,0.05733342689792882
6395,319.75,0.0011092944986698721,0.05733354083888564
6396,319.8,0.0009950074817406084,0.05733362427968587
6397,319.85,0.0008576419673438421,0.05733368120836554
6398,319.90000000000003,0.0006986974357439569,0.05733371585455885
6399,319.95000000000005,0.0005235174902174005,0.05733373084087879
6400,320.0,0.0003422955402853801,0.057333726276804206
6401,320.05,0.0001701386335143122,0.05733369882800774
6402,320.1,2.5516205295143703e-05,0.057333640006186
6403,320.15000000000003,7.312340529027237e-05,0.05733353276160097
6404,320.20000000000005,0.00011185223983485765,0.05733334494624896
6405,320.25,8.522976793356245e-05,0.057333017933569326
6406,320.3,2.0616348552476087e-06,0.05733245314372091
6407,320.35,0.0001367166190887235,0.057331537046380526
6408,320.40000000000003,0.00030068497811123725,0.05733048518889928
6409,320.45000000000005,0.00047564880429308305,0.05733211381516729
6410,320.5,0.0006464392299513148,0.05735209601232301
6411,320.55,0.0008026485543413368,0.057408613133986416
6412,320.6,0.0009386294049538988,0.05721399862942609
6413,320.65000000000003,0.0010525400000174878,0.05751354252952496
6414,320.70000000000005,0.0011450903095312258,0.05777414617192068
6415,320.75,0.001218409712497595,0.057742497167972855
6416,320.8,0.0012752102122987694,0.0577322219292065
6417,320.85,0.0013182568679673008,0.05773246781403152
6418,320.90000000000003,0.0013500834574738715,0.057733780992367374
6419,320.95000000000005,0.001372875713434965,0.05773469761778507
6420,321.0,0.0013884558099679074,0.057735237656781346
6421,321.05,0.0013983204722687191,0.057735548770293424
6422,321.1,0.001403701925979631,0.057735730916423054
6423,321.15000000000003,0.001405633107356008,0.05773584054521609
6424,321.20000000000005,0.0014050063396549217,0.05773590854899394
6425,321.25,0.0014026193052872039,0.057735951991707224
6426,321.3,0.0013992049731928876,0.05773598051719074
6427,321.35,0.001395444274294944,0.05773599972551721
6428,321.40000000000003,0.0013919624326020604,0.05773601295971706
6429,321.45000000000005,0.001389312150969771,0.057736022269316956
6430,321.5,0.0013879490484306192,0.057736028942687215
6431,321.55,0.0013882062593450735,0.05773603380876938
6432,321.6,0.0013902753039082047,0.05773603741247438
6433,321.65000000000003,0.0013941988998763663,0.05773604011916138
6434,321.70000000000005,0.001399878528996319,0.05773604217829538
6435,321.75,0.001407096061590983,0.05773604376308474
6436,321.8,0.001415545601975696,0.05773604499566134
6437,321.85,0.0014248698102965855,0.05773604596336954
6438,321.90000000000003,0.001434694658610054,0.05773604672949395
6439,321.95000000000005,0.0014446576950829981,0.05773604734043663
6440,322.0,0.0014544268277638052,0.05773604783058777
6441,322.05,0.0014637087070198851,0.057736048225687155
6442,322.1,0.0014722474532690244,0.05773604854515579
6443,322.15000000000003,0.0014798154981920135,0.05773604880375451
6444,322.20000000000005,0.0014861987079503294,0.05773604901275627
6445,322.25,0.0014911779373369505,0.057736049180794814
6446,322.3,0.0014945089982636298,0.057736049314475284
6447,322.35,0.0014959029877783024,0.05773604941882254
6448,322.40000000000003,0.0014950092476405787,0.05773604949760215
6449,322.45000000000005,0.0014914041082449393,0.05773604955355903
6450,322.5,0.0014845901208040365,0.05773604958858005
6451,322.55,0.0014740126778353976,0.057736049603810444
6452,322.6,0.001459103446424218,0.05773604959972333
6453,322.65000000000003,0.0014393620428897285,0.05773604957615438
6454,322.70000000000005,0.00141448721161407,0.05773604953230572
6455,322.75,0.0013845639009051009,0.05773604946671141
6456,322.8,0.0013503001864481193,0.05773604937717632
6457,322.85,0.001313286545060761,0.057736049260673106
6458,322.90000000000003,0.0012762227618677402,0.05773604911319723
6459,322.95000000000005,0.0012430362477782119,0.05773604892956768
6460,323.0,0.0012188201265471317,0.05773604870315363
6461,323.05,0.0012095726979792381,0.05773604842552172
6462,323.1,0.0012218317126600883,0.05773604808595538
6463,323.15000000000003,0.0012624498941788357,0.05773604767083119
6464,323.20000000000005,0.001338909040143593,0.05773604716276882
6465,323.25,0.001460672440696541,0.057736046539518075
6466,323.3,0.001642073843178839,0.05773604577244249
6467,323.35,0.001906791333121883,0.057736044824475634
6468,323.40000000000003,0.002290704522375248,0.05773604364735119
6469,323.45000000000005,0.0028202112194548137,0.05773604217779235
6470,323.5,0.0033348395067034184,0.057736040332290184
6471,323.55,0.0025677971824747676,0.057736037999862384
6472,323.6,0.0037324031527462185,0.05773603503201122
6473,323.65000000000003,0.01086548481129492,0.057736031228750866
6474,323.70000000000005,0.002423184159367106,0.05773602631917471
6475,323.75,0.0029119963545964312,0.05773601993460734
6476,323.8,0.003305099282195251,0.057736011572026194
6477,323.85,0.002649479583521161,0.057736000545693625
6478,323.90000000000003,0.0019479485727199484,0.05773598592705203
6479,323.95000000000005,0.0012995122381262952,0.057735966480087574
6480,324.0,0.0006699211201005738,0.057735940619311414
6481,324.05,4.684129915886302e-05,0.05773590646820386
6482,324.1,0.0005317229276550967,0.05773586221779829
6483,324.15000000000003,0.0009839683345676236,0.05773580725899013
6484,324.20000000000005,0.0012198490327542284,0.05773574511557056
6485,324.25,0.0011945072183301452,0.05773569005227052
6486,324.3,0.0009439222448777776,0.05773567925384221
6487,324.35,0.0005715388557755181,0.05773578499814336
6488,324.40000000000003,0.0001959462826595006,0.05773608126137884
6489,324.45000000000005,9.971814321333447e-05,0.05773639996527696
6490,324.5,0.000287764685650211,0.05773566296611821
6491,324.55,0.0003856752957821177,0.057731859562837516
6492,324.6,0.0004312313575099532,0.05772678958956334
6493,324.65000000000003,0.00045864865026519285,0.05773031641521865
6494,324.70000000000005,0.00048567404175437894,0.05774446239721467
6495,324.75,0.0005142203790828293,0.05775722351642565
6496,324.8,0.0005397948487869662,0.057763113804301096
6497,324.85,0.000561510066306328,0.0577649106554661
6498,324.90000000000003,0.0005864620230190745,0.05776538818329766
6499,324.95000000000005,0.000627082638182367,0.057765586684775556
6500,325.0,0.0006943442210017159,0.05776574055653919
6501,325.05,0.0007915990542232235,0.057765875192877035
6502,325.1,0.0009127566606038017,0.05776598632550439
6503,325.15000000000003,0.001045237885893478,0.057766073031954246
6504,325.20000000000005,0.0011751625512339263,0.05776613843233973
6505,325.25,0.0012916508024800428,0.05776618694038394
6506,325.3,0.0013886753009844383,0.05776622270295482
6507,325.35,0.0014647328694644846,0.057766249081330344
6508,325.40000000000003,0.001521436044233964,0.05776626862119457
6509,325.45000000000005,0.0015619940247465667,0.05776628318804423
6510,325.5,0.00159006918148573,0.057766294128496154
6511,325.55,0.0016091005735320793,0.05776630240967734
6512,325.6,0.0016219954522960498,0.05776630872664441
6513,325.65000000000003,0.0016310474023725958,0.05776631358095382
6514,325.70000000000005,0.001637963512631988,0.05776631733668898
6515,325.75,0.0016439200269528936,0.05776632025995682
6516,325.8,0.0016495936519366394,0.0577663225466275
6517,325.85,0.0016551280037305407,0.05776632434184019
6518,325.90000000000003,0.001659991066934156,0.057766325753762095
6519,325.95000000000005,0.0016626593989549463,0.05776632686335303
6520,326.0,0.0016600254241021099,0.05776632773132926
6521,326.05,0.0016463619583676893,0.05776632840315256
6522,326.1,0.001611596321574627,0.05776632891261559
6523,326.15000000000003,0.0015385802031367413,0.05776632928441335
6524,326.20000000000005,0.0013991276696911734,0.05776632953596423
6525,326.25,0.0011492322665766141,0.05776632967866659
6526,326.3,0.0007259913567830282,0.057766329718703796
6527,326.35,5.3809655221989566e-05,0.05776632965747871
6528,326.40000000000003,0.0009246686337051509,0.057766329491696654
6529,326.45000000000005,0.0021763353719802727,0.05776632921310848
6530,326.5,0.0034824428937876716,0.05776632880785181
6531,326.55,0.004426935480072319,0.05776632825531998
6532,326.6,0.004601277572514886,0.05776632752638997
6533,326.65000000000003,0.003923609978579951,0.0577663265807656
6534,326.70000000000005,0.002711494798666034,0.057766325363029884
6535,326.75,0.001412954763146824,0.05776632379678037
6536,326.8,0.00032789205244984344,0.05776632177586808
6537,326.85,0.00045092692961645465,0.057766319151074545
6538,326.90000000000003,0.0009566978967572533,0.05776631570961867
6539,326.95000000000005,0.0012624990247857041,0.05776631114300447
6540,327.0,0.0014365989421641088,0.05776630499563109
6541,327.05,0.001529331350874361,0.05776629658084913
6542,327.1,0.0015739249756482499,0.05776628484064241
6543,327.15000000000003,0.0015910421144250159,0.0577662681050076
6544,327.20000000000005,0.001593082446405531,0.05776624366750073
6545,327.25,0.0015873104211383679,0.05776620701261891
6546,327.3,0.0015778959239932595,0.05776615035883033
6547,327.35,0.0015671776172993283,0.057766059799070936
6548,327.40000000000003,0.0015564239666041174,0.05776590942804549
6549,327.45000000000005,0.0015462850832602866,0.05776564864351771
6550,327.5,0.001537058858029748,0.05776517304369544
6551,327.55,0.0015288468822908573,0.05776425330470637
6552,327.6,0.0015216453170371013,0.0577623493581024
6553,327.65000000000003,0.0015153974520349428,0.057758097463567123
6554,327.70000000000005,0.0015100237336906931,0.057747924111202754
6555,327.75,0.001505438569558657,0.05772417029624092
6556,327.8,0.0015015594081908444,0.05771330869539943
6557,327.85,0.0014983113484926644,0.058580379270334874
6558,327.90000000000003,0.0014956292068092022,0.056804818322236855
6559,327.95000000000005,0.0014934581843216923,0.07325549981078562
6560,328.0,0.001491753810655755,0.07159505146811715
6561,328.05,0.001490481562183656,0.07150953359414149
6562,328.1,0.0014896163888780988,0.07154374878064823
6563,328.15000000000003,0.00148914228666635,0.07155978272698775
6564,328.20000000000005,0.0014890519960181414,0.07156628224123962
6565,328.25,0.001489346876039373,0.07156906931043289
6566,328.3,0.001490036986749649,0.0715703605972712
6567,328.35,0.0014911414047275482,0.07157101991152552
6568,328.40000000000003,0.0014926887948707452,0.07157143812386997
6569,328.45000000000005,0.001494718261036606,0.07157184816437068
6570,328.5,0.0014972804982398477,0.07157238916680807
6571,328.55,0.001500439265878899,0.07157286474524889
6572,328.6,0.0015042731907635523,0.07157206870605015
6573,328.65000000000003,0.0015088778828791557,0.07156801640011429
6574,328.70000000000005,0.0015143682930083492,0.07156295878789018
6575,328.75,0.0015208811364851417,0.07156611699435192
6576,328.8,0.0015285770105524813,0.0715779671787125
6577,328.85,0.0015376414711138892,0.07158782839040535
6578,328.90000000000003,0.0015482836764144404,0.07159191331498209
6579,328.95000000000005,0.0015607300127399467,0.07159290327671164
6580,329.0,0.0015752079572124954,0.07159304005270126
6581,329.05,0.0015919115131847131,0.07159307733858301
6582,329.1,0.0016109324190245393,0.07159314289170408
6583,329.15000000000003,0.0016321283114195605,0.07159322398272644
6584,329.20000000000005,0.0016548752573498934,0.07159330071991689
6585,329.25,0.0016776088893613213,0.0715933645255024
6586,329.3,0.0016969810820663678,0.07159341426362727
6587,329.35,0.0017063254452059935,0.0715934518144461
6588,329.40000000000003,0.001692911073101209,0.07159347975831182
6589,329.45000000000005,0.0016331830575862566,0.07159350046173503
6590,329.5,0.0014850386722229283,0.07159351582368391
6591,329.55,0.0011770066859481555,0.07159352727951218
6592,329.6,0.0005985000595493001,0.07159353588329234
6593,329.65000000000003,0.0003916851104347043,0.07159354239890166
6594,329.70000000000005,0.0018970558510451206,0.07159354737738718
6595,329.75,0.003808195428113096,0.07159355121647816
6596,329.8,0.005595525031486167,0.07159355420429754
6597,329.85,0.006420931484959508,0.0715935565507454
6598,329.90000000000003,0.0057965724373842025,0.07159355840977548
6599,329.95000000000005,0.004097164490099745,0.07159355989516443
6600,330.0,0.0021598811876416073,0.07159356109166247
6601,330.05,0.0005802160494641541,0.07159356206291378
6602,330.1,0.0004812954356754021,0.07159356285710398
6603,330.15000000000003,0.0011106372413495413,0.0715935635110084
6604,330.20000000000005,0.0014499707222886586,0.0715935640529192
6605,330.25,0.0016157754497979086,0.07159356450477147
6606,330.3,0.0016848240572796078,0.0715935648836978
6607,330.35,0.0017028041056531649,0.071593565203179
6608,330.40000000000003,0.0016954294879670637,0.07159356547389528
6609,330.45000000000005,0.0016766593671793796,0.07159356570436483
6610,330.5,0.001653837223203169,0.07159356590142729
6611,330.55,0.0016306766628714378,0.07159356607060513
6612,330.6,0.0016089355192596333,0.07159356621638516
6613,330.65000000000003,0.0015893375535216503,0.07159356634243284
6614,330.70000000000005,0.0015720745605205106,0.07159356645175786
6615,330.75,0.001557077495387074,0.07159356654684462
6616,330.8,0.0015441611965482174,0.0715935666297523
6617,330.85,0.0015331001669284766,0.07159356670219613
6618,330.90000000000003,0.00152366690605842,0.07159356676561093
6619,330.95000000000005,0.0015156500554904303,0.07159356682120023
6620,331.0,0.001508861824054433,0.07159356686997824
6621,331.05,0.0015031398785584078,0.07159356691280198
6622,331.1,0.0014983465278285836,0.0715935669503983
6623,331.15000000000003,0.001494366726832696,0.07159356698338341
6624,331.20000000000005,0.0014911057095103868,0.07159356701228277
6625,331.25,0.0014884866643146764,0.07159356703754485
6626,331.3,0.0014864486517491432,0.07159356705955083
6627,331.35,0.0014849448488037768,0.0715935670786272
6628,331.40000000000003,0.00148394114666047,0.07159356709505245
6629,331.45000000000005,0.001483415100474975,0.071593567109063
6630,331.5,0.0014833552192968908,0.07159356712085954
6631,331.55,0.0014837605824016113,0.07159356713061218
6632,331.6,0.001484640770695351,0.07159356713846318
6633,331.65000000000003,0.0014860161055176352,0.07159356714452944
6634,331.70000000000005,0.0014879181896349078,0.07159356714890783
6635,331.75,0.0014903907440641446,0.07159356715167245
6636,331.8,0.0014934907257970493,0.07159356715288277
6637,331.85,0.0014972896896512011,0.07159356715257655
6638,331.90000000000003,0.0015018753121767597,0.07159356715077855
6639,331.95000000000005,0.0015073529091869369,0.07159356714749798
6640,332.0,0.0015138466203542928,0.07159356714272601
6641,332.05,0.0015214996505909116,0.07159356713643933
6642,332.1,0.0015304724536602302,0.07159356712859787
6643,332.15000000000003,0.0015409368505790414,0.07159356711914551
6644,332.20000000000005,0.001553062494037491,0.07159356710800784
6645,332.25,0.0015669892837747498,0.07159356709509052
6646,332.3,0.0015827743424977848,0.07159356708027631
6647,332.35,0.0016002932471728603,0.07159356706342569
6648,332.40000000000003,0.0016190592920261725,0.07159356704437143
6649,332.45000000000005,0.0016378962440485596,0.07159356702291282
6650,332.5,0.0016543503021775835,0.07159356699881535
6651,332.55,0.0016636420295669072,0.07159356697180304
6652,332.6,0.0016568227701852449,0.07159356694155349
6653,332.65000000000003,0.0016176113355321122,0.07159356690768603
6654,332.70000000000005,0.0015172273614793346,0.07159356686975799
6655,332.75,0.0013067834295347424,0.07159356682725238
6656,332.8,0.0009086401854889764,0.07159356677956692
6657,332.85,0.00021437839352823608,0.07159356672600216
6658,332.90000000000003,0.0008886873800944455,0.07159356666575185
6659,332.95000000000005,0.002424546689263119,0.07159356659788746
6660,333.0,0.004160577140607158,0.07159356652135772
6661,333.05,0.005511258553447316,0.07159356643498423
6662,333.1,0.0058107404877232195,0.07159356633747868
6663,333.15000000000003,0.004888226306477274,0.07159356622748068
6664,333.20000000000005,0.003243088447469575,0.07159356610364173
6665,333.25,0.0015618057200584665,0.07159356596476749
6666,333.3,0.00024682019502628383,0.07159356581007807
6667,333.35,0.0006279735949021334,0.07159356563962738
6668,333.40000000000003,0.0011505832874381628,0.07159356545499022
6669,333.45000000000005,0.0014378270403232196,0.07159356526033397
6670,333.5,0.0015825561141671976,0.07159356506407007
6671,333.55,0.0016461884891654343,0.07159356488133237
6672,333.6,0.0016658592843345058,0.07159356473756276
6673,333.65000000000003,0.001662925702460023,0.07159356467346259
6674,333.70000000000005,0.0016492791363065726,0.07159356475133744
6675,333.75,0.0016313618190862543,0.07159356506209058
6676,333.8,0.0016125520522889314,0.07159356573033965
6677,333.85,0.0015945331001359319,0.07159356691123019
6678,333.90000000000003,0.0015780651327174692,0.07159356876518562
6679,333.95000000000005,0.0015634162700516986,0.07159357138478367
6680,334.0,0.0015506015100352013,0.0715935746330832
6681,334.05,0.001539514027434107,0.07159357784697878
6682,334.1,0.0015299963503859519,0.07159357939877556
6683,334.15000000000003,0.0015218780439126296,0.07159357626429586
6684,334.20000000000005,0.001514994828527894,0.07159356408168158
6685,334.25,0.001509197510847711,0.07159353857573562
6686,334.3,0.0015043554286280085,0.07159349902407605
6687,334.35,0.0015003570454263843,0.07159345261587073
6688,334.40000000000003,0.0014971091640960073,0.07159341545610684
6689,334.45000000000005,0.001494535569697781,0.0715934057329221
6690,334.5,0.0014925755409820717,0.07159343153404378
6691,334.55,0.0014911824613393241,0.07159348409915657
6692,334.6,0.0014903226447311776,0.07159354375971837
6693,334.65000000000003,0.0014899744297027413,0.07159359246228186
6694,334.70000000000005,0.001490127561986186,0.07159362152855998
6695,334.75,0.001490782870029693,0.07159363101213162
6696,334.8,0.0014919522299081192,0.07159362490553707
6697,334.85,0.0014936588108752558,0.0715936069171768
6698,334.90000000000003,0.0014959375860460265,0.07159357831520279
6699,334.95000000000005,0.001498836079343601,0.07159353713173407
6700,335.0,0.0015024152934470555,0.07159347760192804
6701,335.05,0.0015067507134581578,0.07159338906884437
6702,335.1,0.0015119331900439262,0.07159325417170943
6703,335.15000000000003,0.0015180693441943435,0.07159304774803496
6704,335.20000000000005,0.0015252808522367902,0.07159274475444691
6705,335.25,0.0015337014756422215,0.07159237472599086
6706,335.3,0.001543469839957076,0.07159227361631276
6707,335.35,0.0015547144684109246,0.07159400836481833
6708,335.40000000000003,0.001567524956871352,0.07160206086917514
6709,335.45000000000005,0.0015818985877184657,0.0716130834768112
6710,335.5,0.0015976436208330774,0.07156488917728661
6711,335.55,0.0016142063510430592,0.07157923094818706
6712,335.6,0.0016303643124096412,0.07173554148947311
6713,335.65000000000003,0.0016436854809510856,0.07176351583702875
6714,335.70000000000005,0.0016495824406018871,0.0717580539301791
6715,335.75,0.001639680178403104,0.07175606991049352
6716,335.8,0.0015990703944902544,0.07175621792731103
6717,335.85,0.0015019187807455625,0.07175671329883171
6718,335.90000000000003,0.0013051344562713628,0.0717571135753238
6719,335.95000000000005,0.0009413330716204787,0.07175738137424663
6720,336.0,0.0003172340931880268,0.07175755261193466
6721,336.05,0.000665446505261012,0.0717576620183763
6722,336.1,0.002037041837848189,0.07175773309192834
6723,336.15000000000003,0.0036244176280227905,0.07175778038756317
6724,336.20000000000005,0.004954093456529941,0.07175781271339815
6725,336.25,0.005428532448712164,0.07175783538541165
6726,336.3,0.004793850071754214,0.07175785160847382
6727,336.35,0.003385813937885661,0.07175786328528665
6728,336.40000000000003,0.0018094187880974852,0.07175787148573151
6729,336.45000000000005,0.0004937670583147016,0.0717578767252004
6730,336.5,0.0004289208938118988,0.0717578791453211
6731,336.55,0.0010069261266703361,0.07175787865879568
6732,336.6,0.00134073534386101,0.07175787510013779
6733,336.65000000000003,0.001520067351847189,0.0717578684048334
6734,336.70000000000005,0.0016081513942254244,0.07175785881235124
6735,336.75,0.0016449198881664509,0.07175784705182572
6736,336.8,0.00165414794861391,0.07175783443374992
6737,336.85,0.001649497555848857,0.07175782276103576
6738,336.90000000000003,0.0016386205742122285,0.07175781401517675
6739,336.95000000000005,0.0016256972802968451,0.07175780987032672
6740,337.0,0.001612937414288519,0.07175781119700458
6741,337.05,0.0016014471856523633,0.07175781776230757
6742,337.1,0.0015917234583249565,0.07175782826459912
6743,337.15000000000003,0.0015839325899271075,0.07175784068603373
6744,337.20000000000005,0.001578065624975721,0.07175785280248033
6745,337.25,0.0015740222715594928,0.07175786264534825
6746,337.3,0.0015716532488827292,0.07175786877520195
6747,337.35,0.0015707773993188074,0.07175787034283598
6748,337.40000000000003,0.0015711822746169132,0.07175786700838084
6749,337.45000000000005,0.0015726123156574582,0.07175785883109655
6750,337.5,0.0015747458775330135,0.07175784624412919
6751,337.55,0.0015771604651370684,0.07175783022008195
6752,337.6,0.001579284309726405,0.07175781273188617
6753,337.65000000000003,0.0015803318419206072,0.07175779759182338
6754,337.70000000000005,0.001579221081370785,0.07175779157314437
6755,337.75,0.0015744733476188405,0.07175780498099511
6756,337.8,0.0015641015555162533,0.07175784861252305
6757,337.85,0.0015455050047434482,0.07175791900909201
6758,337.90000000000003,0.0015154086939832595,0.07175795762081721
6759,337.95000000000005,0.0014699152274326112,0.07175778006914461
6760,338.0,0.0014047735159831844,0.07175705408660997
6761,338.05,0.0013159945505334626,0.07175557469775293
6762,338.1,0.0012009245466282844,0.07175394993212286
6763,338.15000000000003,0.0010597666988992449,0.07175374213695575
6764,338.20000000000005,0.0008972867492782361,0.07175586661387823
6765,338.25,0.0007240896120200091,0.07175922146953552
6766,338.3,0.0005565913604741776,0.07176204461508952
6767,338.35,0.00041485577731197536,0.07176365707422608
6768,338.40000000000003,0.0003178660400237378,0.07176434924093288
6769,338.45000000000005,0.0002763847495176923,0.07176458724316874
6770,338.5,0.0002842127219105099,0.07176466036801755
6771,338.55,0.00030937288232912906,0.07176469030602663
6772,338.6,0.000287169024398926,0.07176471437453605
6773,338.65000000000003,0.00011746232276881803,0.07176473928023921
6774,338.70000000000005,0.00032766904023271706,0.0717647638511912
6775,338.75,0.0011674049035241604,0.07176478626754837
6776,338.8,0.0024156634718879625,0.07176480557924254
6777,338.85,0.0038299479894135435,0.0717648216147335
6778,338.90000000000003,0.0048580307312738255,0.07176483463620885
6779,338.95000000000005,0.004929283760243519,0.07176484507834986
6780,339.0,0.003954538352196764,0.0717648534015124
6781,339.05,0.002411917285494355,0.07176486002412108
6782,339.1,0.000896259722627179,0.07176486529945933
6783,339.15000000000003,0.0002641469947231561,0.0717648695141065
6784,339.20000000000005,0.001022541659929631,0.07176487289534964
6785,339.25,0.0014651944032830445,0.07176487562123297
6786,339.3,0.001698788610968916,0.07176487783038348
6787,339.35,0.0018068838829341052,0.07176487963051854
6788,339.40000000000003,0.0018444980701136952,0.07176488110539504
6789,339.45000000000005,0.0018448200915004488,0.0717648823202905
6790,339.5,0.0018268843408552537,0.0717648833262753
6791,339.55,0.0018012368850603066,0.07176488416347092
6792,339.6,0.001773542208094057,0.07176488486355698
6793,339.65000000000003,0.0017467285205780246,0.07176488545167438
6794,339.70000000000005,0.0017222214915241143,0.0717648859478763
6795,339.75,0.0017006419060103639,0.07176488636824695
6796,339.8,0.001682197217709552,0.07176488672575494
6797,339.85,0.0016669011249028488,0.07176488703090629
6798,339.90000000000003,0.0016546977556058074,0.07176488729225773
6799,339.95000000000005,0.0016455339914568149,0.07176488751681125
6800,340.0,0.0016394049501987787,0.07176488771032447
6801,340.05,0.0016363875396704982,0.07176488787755068
6802,340.1,0.0016366717613534342,0.07176488802243342
6803,340.15000000000003,0.0016405971610725218,0.07176488814825796
6804,340.20000000000005,0.001648701555106356,0.0717648882577684
6805,340.25,0.0016617905732061427,0.07176488835327136
6806,340.3,0.0016810397549523095,0.0717648884367062
6807,340.35,0.0017081463101462782,0.07176488850971542
6808,340.40000000000003,0.001745555621957735,0.07176488857369102
6809,340.45000000000005,0.0017967975137868424,0.07176488862981563
6810,340.5,0.001866973708111234,0.0717648886791011
6811,340.55,0.0019634167564569205,0.0717648887224107
6812,340.6,0.0020964017477805657,0.07176488876048694
6813,340.65000000000003,0.002279209766927064,0.07176488879396607
6814,340.70000000000005,0.0025246483703269484,0.07176488882339854
6815,340.75,0.0028271501370115957,0.07176488884925933
6816,340.8,0.003091530290331368,0.07176488887195817
6817,340.85,0.0028835229684302235,0.0717648888918516
6818,340.90000000000003,0.0007567526245085794,0.07176488890924894
6819,340.95000000000005,0.006034037277846291,0.07176488892441543
6820,341.0,0.014747230704633586,0.07176488893758426
6821,341.05,0.011747400012414774,0.0717648889489556
6822,341.1,0.0024996200157581193,0.07176488895870349
6823,341.15000000000003,0.0020581281206837206,0.07176488896697712
6824,341.20000000000005,0.003104320108792829,0.07176488897390448
6825,341.25,0.0030153941483704234,0.07176488897959346
6826,341.3,0.0027054210567066506,0.07176488898413569
6827,341.35,0.002416908742847236,0.07176488898760522
6828,341.40000000000003,0.0021925175358655895,0.0717648889900609
6829,341.45000000000005,0.002026144736162496,0.07176488899155026
6830,341.5,0.0019038397568779785,0.07176488899210359
6831,341.55,0.0018134006008644727,0.0717648889917423
6832,341.6,0.0017457628859197463,0.07176488899047198
6833,341.65000000000003,0.0016945129221754695,0.07176488898828924
6834,341.70000000000005,0.001655166714027008,0.07176488898517709
6835,341.75,0.001624580814370628,0.07176488898110782
6836,341.8,0.001600531323739251,0.07176488897604388
6837,341.85,0.0015814261046599276,0.07176488896993616
6838,341.90000000000003,0.0015661105893098083,0.07176488896272415
6839,341.95000000000005,0.001553736664143701,0.07176488895434209
6840,342.0,0.0015436735242765462,0.07176488894471367
6841,342.05,0.0015354464538368776,0.07176488893375563
6842,342.1,0.0015286943044412408,0.07176488892138468
6843,342.15000000000003,0.0015231396113752887,0.07176488890751162
6844,342.20000000000005,0.001518567345422777,0.07176488889204909
6845,342.25,0.001514809634935104,0.07176488887491686
6846,342.3,0.0015117346650970075,0.07176488885604206
6847,342.35,0.0015092385354802665,0.07176488883536825
6848,342.40000000000003,0.0015072392385050712,0.071764888812856
6849,342.45000000000005,0.0015056721778263405,0.0717648887884924
6850,342.5,0.0015044868199441586,0.07176488876229938
6851,342.55,0.0015036441922900343,0.07176488873433283
6852,342.6,0.0015031150247455678,0.0717648887046949
6853,342.65000000000003,0.001502878390864369,0.0717648886735343
6854,342.70000000000005,0.0015029207479468755,0.07176488864105647
6855,342.75,0.0015032353069354947,0.07176488860751802
6856,342.8,0.0015038216875868516,0.07176488857323336
6857,342.85,0.0015046858342166356,0.07176488853856855
6858,342.90000000000003,0.0015058401845820786,0.0717648885039401
6859,342.95000000000005,0.0015073041007744046,0.07176488846980278
6860,343.0,0.001509104587946184,0.07176488843664111
6861,343.05,0.001511277345843199,0.07176488840495725
6862,343.1,0.0015138682213185846,0.07176488837525287
6863,343.15000000000003,0.0015169351595946355,0.07176488834801402
6864,343.20000000000005,0.0015205507912079948,0.07176488832369035
6865,343.25,0.001524805844688365,0.0717648883026804
6866,343.3,0.0015298136484425615,0.07176488828531587
6867,343.35,0.0015357160882383443,0.07176488827184405
6868,343.40000000000003,0.0015426915326925998,0.07176488826242296
6869,343.45000000000005,0.001550965448451445,0.07176488825711158
6870,343.5,0.001560824729429196,0.0717648882558681
6871,343.55,0.0015726372057801566,0.07176488825855439
6872,343.6,0.0015868784456131671,0.07176488826494269
6873,343.65000000000003,0.0016041689155547373,0.07176488827472541
6874,343.70000000000005,0.0016253259682290223,0.07176488828752987
6875,343.75,0.0016514371686268646,0.07176488830293055
6876,343.8,0.0016839643791966468,0.07176488832047181
6877,343.85,0.0017248919253082362,0.07176488833967598
6878,343.90000000000003,0.0017769366600185544,0.07176488836006564
6879,343.95000000000005,0.001843840505593484,0.0717648883811701
6880,344.0,0.0019307584543827427,0.07176488840254015
6881,344.05,0.002044708829449816,0.07176488842375285
6882,344.1,0.002194878649123401,0.07176488844441647
6883,344.15000000000003,0.0023919949861447233,0.07176488846417328
6884,344.20000000000005,0.002644098273859067,0.07176488848269529
6885,344.25,0.0029401007835578793,0.07176488849968067
6886,344.3,0.0031941495465621856,0.07176488851484904
6887,344.35,0.0030732518992289126,0.07176488852793017
6888,344.40000000000003,0.001549579700573084,0.07176488853865505
6889,344.45000000000005,0.0036540122049254146,0.07176488854674243
6890,344.5,0.0136326948758008,0.07176488855188692
6891,344.55,0.019207104140352135,0.07176488855374201
6892,344.6,0.011631531808877016,0.07176488855190374
6893,344.65000000000003,0.0022779083213395014,0.07176488854589204
6894,344.70000000000005,0.0020254612393257074,0.07176488853512586
6895,344.75,0.0031560994948390906,0.07176488851889791
6896,344.8,0.003163387308682799,0.07176488849634709
6897,344.85,0.0028935310040009844,0.07176488846641516
6898,344.90000000000003,0.002609638481229959,0.07176488842780819
6899,344.95000000000005,0.002375538627193078,0.07176488837893229
6900,345.0,0.0021963538665817016,0.07176488831782939
6901,345.05,0.0020630183174664444,0.07176488824208596
6902,345.1,0.001965191236172333,0.07176488814871715
6903,345.15000000000003,0.0018944264496801378,0.07176488803402636
6904,345.20000000000005,0.001844523140156279,0.07176488789341429
6905,345.25,0.0018111866224324593,0.07176488772113483
6906,345.3,0.0017916226764866441,0.07176488750998314
6907,345.35,0.0017842254885175122,0.07176488725086966
6908,345.40000000000003,0.0017883845784514494,0.07176488693228064
6909,345.45000000000005,0.001804404728483033,0.07176488653953395
6910,345.5,0.0018335334391010106,0.0717648860538098
6911,345.55,0.001878100520344244,0.0717648854508301
6912,345.6,0.0019417868966087341,0.0717648846990765
6913,345.65000000000003,0.0020300496085758056,0.07176488375738205
6914,345.70000000000005,0.00215072439589001,0.07176488257162947
6915,345.75,0.0023147630699545826,0.07176488107025404
6916,345.8,0.002536800194960458,0.07176487915809714
6917,345.85,0.002834332535282431,0.07176487670802462
6918,345.90000000000003,0.00322128520804412,0.07176487354965869
6919,345.95000000000005,0.003681976968587256,0.07176486945447767
6920,346.0,0.004080809228625882,0.0717648641169642
6921,346.05,0.0038775624918221652,0.07176485713273711
6922,346.1,0.001387775455889047,0.07176484797829806
6923,346.15000000000003,0.007018919339960107,0.07176483600641588
6924,346.20000000000005,0.022198373426177063,0.07176482049375067
6925,346.25,0.02824111092042408,0.07176480082925693
6926,346.3,0.01528747862271302,0.07176477704584498
6927,346.35,0.002365924967100507,0.07176475112732397
6928,346.40000000000003,0.0029267457232533102,0.07176472990192131
6929,346.45000000000005,0.004090346470211499,0.0717647305868956
6930,346.5,0.0039143968636268745,0.0717647882836744
6931,346.55,0.0034538780927195383,0.07176495316125162
6932,346.6,0.0030149353767255117,0.07176522364600257
6933,346.65000000000003,0.0026618871115428127,0.07176529346399435
6934,346.70000000000005,0.002391916750812168,0.07176419384343871
6935,346.75,0.0021880932898768976,0.07176120441381983
6936,346.8,0.0020338927594159705,0.07175923077949364
6937,346.85,0.0019162659564123912,0.07176289500096618
6938,346.90000000000003,0.001825570241271369,0.07176960359798311
6939,346.95000000000005,0.001754835512638131,0.07177397346496678
6940,347.0,0.0016990439782933956,0.07177547884368081
6941,347.05,0.0016545685351809026,0.07177574270034634
6942,347.1,0.0016187664505642055,0.07177573106217616
6943,347.15000000000003,0.0015896934230055508,0.07177572004468857
6944,347.20000000000005,0.0015659039756057648,0.07177573976098718
6945,347.25,0.00154631193918437,0.07177577405208464
6946,347.3,0.0015300923496683484,0.07177580962834768
6947,347.35,0.001516611885714564,0.07177584067689187
6948,347.40000000000003,0.00150537907462019,0.0717758658331815
6949,347.45000000000005,0.0014960083000009746,0.07177588565136081
6950,347.5,0.0014881935383413648,0.0717759013034225
6951,347.55,0.0014816890255003128,0.07177591403889151
6952,347.6,0.001476294913155355,0.07177592500606414
6953,347.65000000000003,0.0014718465567367376,0.07177593521563767
6954,347.70000000000005,0.0014682064728266033,0.07177594553708638
6955,347.75,0.001465258276089196,0.07177595666600102
6956,347.8,0.0014629020941854696,0.0717759690125319
6957,347.85,0.0014610510908859497,0.07177598245537255
6958,347.90000000000003,0.0014596288208477645,0.07177599590022107
6959,347.95000000000005,0.0014585672065993165,0.07177600660765603
6960,348.0,0.0014578049774488563,0.07177600937678999
6961,348.05,0.001457286446884515,0.07177599599393504
6962,348.1,0.0014569605334813361,0.07177595596423696
6963,348.15000000000003,0.0014567799528643478,0.0717758802094423
6964,348.20000000000005,0.0014567005267518082,0.071775768994093
6965,348.25,0.0014566805707699076,0.07177564171729253
6966,348.3,0.001456680336593074,0.07177553937568854
6967,348.35,0.0014566614967634038,0.07177550866507176
6968,348.40000000000003,0.0014565866731815061,0.07177557172328887
6969,348.45000000000005,0.0014564190233909656,0.07177570751842424
6970,348.5,0.0014561219133718993,0.07177586558956013
6971,348.55,0.001455658722423137,0.07177599853141735
6972,348.6,0.0014549928459210648,0.07177608317781824
6973,348.65000000000003,0.0014540879860199234,0.07177611992790034
6974,348.70000000000005,0.0014529088494558784,0.07177612128672992
6975,348.75,0.0014514224056402715,0.07177610207755866
6976,348.8,0.0014495998963621865,0.07177607504102235
6977,348.85,0.0014474198285327543,0.07177604985937835
6978,348.90000000000003,0.0014448722189873882,0.07177603308264846
6979,348.95000000000005,0.0014419643884352224,0.07177602795832208
6980,349.0,0.0014387286095018058,0.07177603441694926
6981,349.05,0.0014352318878503834,0.07177604970078792
6982,349.1,0.0014315880800738496,0.0717760696435818
6983,349.15000000000003,0.0014279724139115736,0.07177609010735059
6984,349.20000000000005,0.0014246382709425692,0.07177610801338404
6985,349.25,0.0014219358347118247,0.0717761217135684
6986,349.3,0.0014203319489440953,0.07177613080154525
6987,349.35,0.0014204303728003703,0.07177613562845267
6988,349.40000000000003,0.0014229917283473665,0.07177613676542334
6989,349.45000000000005,0.0014289530398473532,0.07177613456371493
6990,349.5,0.001439448142509336,0.07177612890200298
6991,349.55,0.001455832677695877,0.07177611920164506
6992,349.6,0.0014797211449709715,0.07177610479109263
6993,349.65000000000003,0.0015130487453531916,0.0717760856289947
6994,349.70000000000005,0.0015581777010816966,0.07177606318932418
6995,349.75,0.0016180766332228337,0.07177604102259481
6996,349.8,0.0016966127902131652,0.07177602437847663
6997,349.85,0.001799010364761728,0.07177601862156746
6998,349.90000000000003,0.0019325403952863004,0.0717760269946099
6999,349.95000000000005,0.0021075013983438647,0.07177604898961297
7000,350.0,0.002338456879845855,0.07177608041169191
7001,350.05,0.0026452726919317052,0.07177611513517204
7002,350.1,0.003051891954160882,0.07177614747858602
7003,350.15000000000003,0.0035750154793010775,0.07177617396056274
7004,350.20000000000005,0.004174541687359595,0.07177619387432504
7005,350.25,0.004569039154501842,0.07177620885350589
7006,350.3,0.003626606510831835,0.07177622177815579
7007,350.35,0.0020905031526564904,0.07177623491280433
7008,350.40000000000003,0.017845247612555733,0.07177624638002145
7009,350.45000000000005,0.034075777235073025,0.07177624372864792
7010,350.5,0.024564040190273816,0.07177619563724973
7011,350.55,0.0060610242071862845,0.07177605162551054
7012,350.6,0.002462996609263114,0.0717757733252541
7013,350.65000000000003,0.004411128969052499,0.07177541046335242
7014,350.70000000000005,0.004257615354501659,0.07177515451020748
7015,350.75,0.003687059218629322,0.07177523239155054
7016,350.8,0.0031538110289678644,0.07177567808635547
7017,350.85,0.0027410577260244245,0.07177628036465902
7018,350.90000000000003,0.0024384718519032175,0.0717767921225946
7019,350.95000000000005,0.002219533717838626,0.07177711044725998
7020,351.0,0.002060529891417964,0.07177726393661026
7021,351.05,0.0019436927167177848,0.07177732140507048
7022,351.1,0.0018564713256305986,0.07177733655907159
7023,351.15000000000003,0.0017901894938623022,0.07177733810181265
7024,351.20000000000005,0.0017388850821424581,0.07177733771054172
7025,351.25,0.0016984527047173318,0.0717773387414047
7026,351.3,0.0016660460207708339,0.07177734139133966
7027,351.35,0.0016396713284631448,0.07177734502432843
7028,351.40000000000003,0.00161791426653197,0.07177734900437459
7029,351.45000000000005,0.0015997567421731516,0.07177735290004937
7030,351.5,0.0015844542449452385,0.0717773564748268
7031,351.55,0.0015714533402863425,0.07177735962796582
7032,351.6,0.0015603358536315328,0.07177736233988534
7033,351.65000000000003,0.0015507808081205617,0.07177736463373065
7034,351.70000000000005,0.0015425382152025365,0.07177736655154833
7035,351.75,0.0015354108245856843,0.0717773681407295
7036,351.8,0.0015292412603822492,0.07177736944692474
7037,351.85,0.0015239028371346619,0.07177737051073069
7038,351.90000000000003,0.0015192929187752564,0.07177737136646292
7039,351.95000000000005,0.0015153280583408387,0.0717773720419653
7040,352.0,0.0015119404040101322,0.07177737255890256
7041,352.05,0.0015090750218592736,0.07177737293317757
7042,352.1,0.0015066878962048742,0.07177737317530888
7043,352.15000000000003,0.0015047444434306099,0.07177737329065377
7044,352.20000000000005,0.0015032184267957467,0.07177737327942858
7045,352.25,0.0015020911961479038,0.07177737313644224
7046,352.3,0.001501351202883436,0.07177737285050237
7047,352.35,0.0015009937606915384,0.07177737240339029
7048,352.40000000000003,0.0015010210390075608,0.07177737176826925
7049,352.45000000000005,0.0015014422906756157,0.07177737090732778
7050,352.5,0.0015022743295377559,0.07177736976835093
7051,352.55,0.0015035422889867818,0.07177736827976298
7052,352.6,0.0015052807104071824,0.0717773663434131
7053,352.65000000000003,0.0015075350326302992,0.07177736382403643
7054,352.70000000000005,0.001510363582372577,0.07177736053363575
7055,352.75,0.0015138402041474186,0.07177735620804791
7056,352.8,0.00151805772085894,0.07177735047121979
7057,352.85,0.0015231324895920398,0.07177734277976705
7058,352.90000000000003,0.0015292104205383383,0.07177733233526945
7059,352.95000000000005,0.0015364749748483122,0.07177731794254755
7060,353.0,0.0015451578713732168,0.07177729777527697
7061,353.05,0.0015555535461528824,0.07177726897840063
7062,353.1,0.001568038874952554,0.07177722697475804
7063,353.15000000000003,0.0015831003712242753,0.07177716421881107
7064,353.20000000000005,0.0016013721433678924,0.07177706788181895
7065,353.25,0.0016236895539080037,0.07177691539796269
7066,353.3,0.0016511661278288214,0.0717766655715265
7067,353.35,0.0016853054065553426,0.07177624015599579
7068,353.40000000000003,0.0017281661442417637,0.07177548449455214
7069,353.45000000000005,0.0017826101919220481,0.07177408262774049
7070,353.5,0.001852680451541499,0.07177138639437351
7071,353.55,0.0019441859949530416,0.07176621314947965
7072,353.6,0.002065619548539757,0.07175806009224145
7073,353.65000000000003,0.002229605892939029,0.07176480116535101
7074,353.70000000000005,0.0024551715419658757,0.07196489253826613
7075,353.75,0.002771151053039087,0.07235612365203901
7076,353.8,0.00322055856855579,0.07164710811331902
7077,353.85,0.00386274268478561,0.07471232502232657
7078,353.90000000000003,0.004755762742472615,0.07443893679936171
7079,353.95000000000005,0.0058370457769412075,0.07440377189197503
7080,354.0,0.006348739750343187,0.07441330702857554
7081,354.05,0.002582450393073748,0.0744209538466325
7082,354.1,0.016349015761576047,0.07442499486422906
7083,354.15000000000003,0.04765779244800842,0.07442705502088764
7084,354.20000000000005,0.03459549679646267,0.0744281366884682
7085,354.25,0.004720871500116867,0.07442872997516556
7086,354.3,0.005422063796642771,0.07442907017819944
7087,354.35,0.006369936393939655,0.07442927347178874
7088,354.40000000000003,0.005396934341995194,0.07442939954265072
7089,354.45000000000005,0.0043717196676140895,0.07442948034572125
7090,354.5,0.003597004164183744,0.07442953367231751
7091,354.55,0.0030502334036236335,0.07442956979167345
7092,354.6,0.002667483767713504,0.07442959482869353
7093,354.65000000000003,0.0023966524174587165,0.07442961254636148
7094,354.70000000000005,0.00220175281832449,0.0744296253193364
7095,354.75,0.0020589126558096197,0.0744296346829334
7096,354.8,0.0019523474148245591,0.07442964165187178
7097,354.85,0.00187151087580081,0.07442964691034565
7098,354.90000000000003,0.001809244919138577,0.0744296509281783
7099,354.95000000000005,0.0017606045576005883,0.07442965403342419
7100,355.0,0.0017221110771095248,0.07442965645867733
7101,355.05,0.0016912721753869248,0.07442965837119248
7102,355.1,0.0016662688922683107,0.07442965989281176
7103,355.15000000000003,0.0016457476873324418,0.07442966111336902
7104,355.20000000000005,0.0016286795799064213,0.07442966209983748
7105,355.25,0.0016142625415764117,0.07442966290266637
7106,355.3,0.001601852009950124,0.07442966356022351
7107,355.35,0.0015909097128484929,0.07442966410194583
7108,355.40000000000003,0.001580964288318347,0.0744296645506054
7109,355.45000000000005,0.0015715792543570656,0.07442966492395219
7110,355.5,0.0015623252080071834,0.07442966523591565
7111,355.55,0.0015527540261339845,0.07442966549749432
7112,355.6,0.001542373517725346,0.07442966571741827
7113,355.65000000000003,0.0015306216221015034,0.07442966590264681
7114,355.70000000000005,0.0015168400454966553,0.07442966605874521
7115,355.75,0.0015002484023134402,0.07442966619016766
7116,355.8,0.0014799217528986958,0.07442966630047512
7117,355.85,0.0014547772261351542,0.07442966639250292
7118,355.90000000000003,0.0014235794664612825,0.07442966646848104
7119,355.95000000000005,0.0013849799878798827,0.07442966653013065
7120,356.0,0.0013376114991719736,0.07442966657873022
7121,356.05,0.0012802628013784034,0.07442966661516226
7122,356.1,0.001212158495633613,0.07442966663993679
7123,356.15000000000003,0.0011333531085558086,0.0744296666532023
7124,356.20000000000005,0.0010452124022954415,0.07442966665473501
7125,356.25,0.0009508906226785556,0.07442966664390935
7126,356.3,0.0008556314394030169,0.0744296666196433
7127,356.35,0.0007666603780795775,0.07442966658031952
7128,356.40000000000003,0.0006924630100559816,0.07442966652366434
7129,356.45000000000005,0.0006414144778262422,0.07442966644658569
7130,356.5,0.0006200252850903711,0.07442966634493915
7131,356.55,0.0006313544478486572,0.07442966621320775
7132,356.6,0.0006742037605639009,0.0744296660440571
7133,356.65000000000003,0.0007434355974866344,0.07442966582770245
7134,356.70000000000005,0.0008312772124230596,0.0744296655510251
7135,356.75,0.0009290801319514347,0.0744296651963023
7136,356.8,0.0010289172045398873,0.07442966473937146
7137,356.85,0.0011246101335655179,0.07442966414694246
7138,356.90000000000003,0.0012120976425601256,0.07442966337260541
7139,356.95000000000005,0.0012892919139192278,0.0744296623508058
7140,357.0,0.0013556579212384617,0.07442966098761228
7141,357.05,0.0014117205522468613,0.07442965914630581
7142,357.1,0.001458626722738247,0.07442965662446414
7143,357.15000000000003,0.0014978157404888649,0.07442965311676766
7144,357.20000000000005,0.0015308023511283672,0.07442964815334191
7145,357.25,0.0015590533906664154,0.07442964099517284
7146,357.3,0.0015839326709020341,0.07442963045256844
7147,357.35,0.0016066912396178374,0.0744296145626646
7148,357.40000000000003,0.0016284857015692522,0.07442959000446067
7149,357.45000000000005,0.0016504126993134895,0.07442955102263882
7150,357.5,0.0016735514342575905,0.07442948745427229
7151,357.55,0.0016990073453314032,0.07442938129629775
7152,357.6,0.0017279473789073038,0.07442920200517611
7153,357.65000000000003,0.001761607441659132,0.07442890807778699
7154,357.70000000000005,0.001801227897460168,0.07442851003041108
7155,357.75,0.0018478153564818209,0.07442852701557258
7156,357.8,0.0019014973366392883,0.07443251095444492
7157,357.85,0.0019599386921523845,0.07445384299728781
7158,357.90000000000003,0.0020146318731361695,0.07445324176753672
7159,357.95000000000005,0.0020425186710195044,0.0743495159430086
7160,358.0,0.001988114669819609,0.07458599969097991
7161,358.05,0.001730015642280131,0.07458455610536466
7162,358.1,0.0010387162745610357,0.07457071433456496
7163,358.15000000000003,0.0003932784639611078,0.07456875657805988
7164,358.20000000000005,0.002598418271199999,0.07456910460765534
7165,358.25,0.004597990939375232,0.07456955184765073
7166,358.3,0.0047175482394700265,0.07456984374741397
7167,358.35,0.0028559717056014624,0.07457001609425398
7168,358.40000000000003,0.0006470523037411257,0.07457011714780067
7169,358.45000000000005,0.0008317217136137222,0.07457017755844551
7170,358.5,0.0015580079331882182,0.07457021466389621
7171,358.55,0.001834974063773074,0.07457023810994359
7172,358.6,0.0018996500657440657,0.07457025333316913
7173,358.65000000000003,0.0018788911650623051,0.07457026346916669
7174,358.70000000000005,0.0018306648004136874,0.07457027037406218
7175,358.75,0.001778898606087666,0.07457027517563698
7176,358.8,0.0017323152487802823,0.07457027857645593
7177,358.85,0.001693267214116096,0.0745702810245347
7178,358.90000000000003,0.0016616296404834538,0.07457028281179494
7179,358.95000000000005,0.0016364477635343836,0.07457028413224594
7180,359.0,0.0016166009190223556,0.0745702851171562
7181,359.05,0.0016010454127242232,0.07457028585678187
7182,359.1,0.001588881627814236,0.074570286414059
7183,359.15000000000003,0.0015793509261877693,0.074570286833394
7184,359.20000000000005,0.0015718067524852029,0.07457028714640246
7185,359.25,0.0015656776972983609,0.07457028737570909
7186,359.3,0.0015604287343129503,0.07457028753749664
7187,359.35,0.001555521963421269,0.07457028764323233
7188,359.40000000000003,0.0015503763198043807,0.07457028770083458
7189,359.45000000000005,0.0015443253503902193,0.07457028771546628
7190,359.5,0.0015365728402072702,0.07457028769005107
7191,359.55,0.0015261478762539215,0.07457028762559606
7192,359.6,0.0015118643171814815,0.0745702875213535
7193,359.65000000000003,0.001492295277582157,0.07457028737485921
7194,359.70000000000005,0.0014657817832312908,0.07457028718184323
7195,359.75,0.0014305061533626386,0.0745702869360201
7196,359.8,0.0013846727800618638,0.07457028662873734
7197,359.85,0.0013268453219605699,0.07457028624845538
7198,359.90000000000003,0.0012564766398573087,0.07457028578000621
7199,359.95000000000005,0.0011746162670213877,0.07457028520356469
7200,360.0,0.00108467251430793,0.07457028449321736
7201,360.05,0.0009929519843521286,0.07457028361498053
7202,360.1,0.0009085690984183703,0.07457028252402563
7203,360.15000000000003,0.0008423530599467615,0.07457028116077619
7204,360.20000000000005,0.0008047127362299889,0.07457027944534425
7205,360.25,0.0008030045081757265,0.07457027726952722
7206,360.3,0.0008394434309958308,0.07457027448512599
7207,360.35,0.0009105529745303001,0.07457027088666608
7208,360.40000000000003,0.0010084476469417209,0.07457026618545032
7209,360.45000000000005,0.0011233319138345772,0.07457025996994981
7210,360.5,0.0012461189464910074,0.0745702516442871
7211,360.55,0.0013702653350659442,0.07457024033088776
7212,360.6,0.0014924787894145066,0.07457022471332672
7213,360.65000000000003,0.0016124030689128848,0.07457020277720218
7214,360.70000000000005,0.0017314148490250394,0.07457017137321546
7215,360.75,0.0018501335558300013,0.07457012546324392
7216,360.8,0.0019627978707680315,0.07457005678884919
7217,360.85,0.0020431831777653967,0.07456995146827862
7218,360.90000000000003,0.002008896353986963,0.07456978558657917
7219,360.95000000000005,0.0016388185727511729,0.07456951707273637
7220,361.0,0.00043770597566089695,0.07456907119287096
7221,361.05,0.0023050566998122865,0.07456831809207733
7222,361.1,0.006287906694735312,0.07456705910592883
7223,361.15000000000003,0.00822146922934059,0.07456516092846442
7224,361.20000000000005,0.005610511175680445,0.07456366375000102
7225,361.25,0.0015637777006006154,0.07457081107002098
7226,361.3,0.001001124028062138,0.07461919765186902
7227,361.35,0.0020720274724865414,0.07465846919651455
7228,361.40000000000003,0.002381586285473602,0.0743471887712747
7229,361.45000000000005,0.0023958742864256992,0.07523737072988661
7230,361.5,0.0023192180328511407,0.07552199981567341
7231,361.55,0.002228360925415188,0.07549744421848523
7232,361.6,0.0021485841916385954,0.07549164150280453
7233,361.65000000000003,0.002085993717011545,0.07549417036824461
7234,361.70000000000005,0.002039862082936175,0.07549664659941747
7235,361.75,0.0020069252098097543,0.07549802664993426
7236,361.8,0.0019824118099040036,0.0754985831206007
7237,361.85,0.00195949467996422,0.07549901609328577
7238,361.90000000000003,0.0019275628719032294,0.07550253323637933
7239,361.95000000000005,0.0018691446068384802,0.07552217873068993
7240,362.0,0.001755184950985392,0.07553484578470783
7241,362.05,0.0015391068721838158,0.07540503296331907
7242,362.1,0.001153067067020665,0.0756577125548895
7243,362.15000000000003,0.0005174262545493009,0.07566625588375765
7244,362.20000000000005,0.00041418204179004026,0.07565016374541575
7245,362.25,0.001556715379818675,0.07564770726045794
7246,362.3,0.0025972716714220945,0.07564803697113068
7247,362.35,0.0030788065282939384,0.0756485179352184
7248,362.40000000000003,0.00274426170597694,0.07564883552388997
7249,362.45000000000005,0.0017882281807262267,0.07564902377294867
7250,362.5,0.0006614617164502804,0.07564913460705158
7251,362.55,0.0002905236770355735,0.0756492012659567
7252,362.6,0.0009522043255361972,0.07564924255265769
7253,362.65000000000003,0.001355696469872618,0.07564926892102328
7254,362.70000000000005,0.0015774693074963974,0.07564928626418288
7255,362.75,0.0016863127906610322,0.0756492979862277
7256,362.8,0.0017302598215451473,0.07564930610826581
7257,362.85,0.0017391393359714143,0.07564931186385826
7258,362.90000000000003,0.0017303130697555443,0.07564931602608047
7259,362.95000000000005,0.0017134686443408375,0.07564931909159676
7260,363.0,0.001693822245317247,0.0756493213869362
7261,363.05,0.001674066368049893,0.07564932313138815
7262,363.1,0.0016555005787033629,0.07564932447514215
7263,363.15000000000003,0.0016386718785091207,0.07564932552293512
7264,363.20000000000005,0.0016237320074568612,0.07564932634903028
7265,363.25,0.0016106345429780953,0.07564932700689503
7266,363.3,0.0015992422447692308,0.07564932753557072
7267,363.35,0.0015893844230677925,0.07564932796393732
7268,363.40000000000003,0.0015808866360412916,0.07564932831361454
7269,363.45000000000005,0.0015735851912607823,0.07564932860096443
7270,363.5,0.0015673334191943233,0.07564932883849745
7271,363.55,0.0015620036032933029,0.07564932903586259
7272,363.6,0.0015574867231259372,0.07564932920056755
7273,363.65000000000003,0.0015536911975213659,0.07564932933849335
7274,363.70000000000005,0.0015505412713390974,0.07564932945427567
7275,363.75,0.0015479753862106937,0.07564932955158697
7276,363.8,0.0015459447082054366,0.07564932963334363
7277,363.85,0.0015444118950564258,0.07564932970186622
7278,363.90000000000003,0.001543350139250683,0.07564932975899315
7279,363.95000000000005,0.001542742502208554,0.07564932980617438
7280,364.0,0.0015425815485255294,0.07564932984453425
7281,364.05,0.0015428692921624148,0.07564932987492179
7282,364.1,0.001543617475757123,0.0756493298979442
7283,364.15000000000003,0.0015448482188271896,0.07564932991398947
7284,364.20000000000005,0.0015465950908316207,0.0756493299232413
7285,364.25,0.0015489046921475982,0.07564932992567742
7286,364.3,0.0015518388624938097,0.07564932992106314
7287,364.35,0.0015554776860490982,0.07564932990893403
7288,364.40000000000003,0.0015599235314421819,0.07564932988856611
7289,364.45000000000005,0.001565306461856133,0.07564932985892751
7290,364.5,0.001571791489343288,0.07564932981861483
7291,364.55,0.0015795883489530668,0.0756493297657667
7292,364.6,0.0015889647652018149,0.07564932969793868
7293,364.65000000000003,0.0016002646273221147,0.07564932961194008
7294,364.70000000000005,0.0016139331638946196,0.07564932950360923
7295,364.75,0.0016305522480144724,0.07564932936749874
7296,364.8,0.0016508905980903773,0.0756493291964512
7297,364.85,0.0016759762525982527,0.0756493289809986
7298,364.90000000000003,0.001707202959094962,0.07564932870851815
7299,364.95000000000005,0.0017464892151691767,0.07564932836203109
7300,365.0,0.0017965207829931963,0.07564932791847097
7301,365.05,0.0018611285590878132,0.07564932734614495
7302,365.1,0.0019458912837407596,0.0756493266009863
7303,365.15000000000003,0.0020591213660854295,0.0756493256208934
7304,365.20000000000005,0.0022135208367653142,0.07564932431709213
7305,365.25,0.0024290395406170178,0.07564932256067233
7306,365.3,0.0027379354612827545,0.0756493201612319
7307,365.35,0.0031938956189896946,0.07564931683230955
7308,365.40000000000003,0.003888380810280342,0.0756493121342102
7309,365.45000000000005,0.004977501556425294,0.07564930537727389
7310,365.5,0.006707766132459354,0.07564929545433888
7311,365.55,0.009301032943726077,0.07564928054362707
7312,365.6,0.011666652298730821,0.07564925757011785
7313,365.65000000000003,0.0029940722238656903,0.075649221212673
7314,365.70000000000005,0.05498739560434014,0.07564916206938191
7315,365.75,0.07599080377824695,0.07564906338981967
7316,365.8,0.00600622671494266,0.07564889617590513
7317,365.85,0.011100557770217621,0.0756486176821999
7318,365.90000000000003,0.009728713601351306,0.07564821401741105
7319,365.95000000000005,0.006955156638943246,0.07564804199620842
7320,366.0,0.005009954846169283,0.07565084394051041
7321,366.05,0.0037809263221570293,0.07566885047810161
7322,366.1,0.003002169647218376,0.0756864225884592
7323,366.15000000000003,0.0024952543459309962,0.0755511671791421
7324,366.20000000000005,0.0021547960024559656,0.07580082612868502
7325,366.25,0.0019191643617872906,0.07581815582584707
7326,366.3,0.0017515892623120562,0.07580095804957586
7327,366.35,0.0016295067755636844,0.07579811220383158
7328,366.40000000000003,0.0015386594302023969,0.07579838307839892
7329,366.45000000000005,0.0014697831207028098,0.0757988606334724
7330,366.5,0.001416700952577299,0.07579917978892813
7331,366.55,0.0013751965303493757,0.07579936832171508
7332,366.6,0.0013423298266173787,0.07579947834624087
7333,366.65000000000003,0.0013160110177394067,0.07579954372879176
7334,366.70000000000005,0.001294728599275128,0.0757995836431232
7335,366.75,0.001277372057467216,0.07579960871182732
7336,366.8,0.0012631138379490927,0.07579962488902854
7337,366.85,0.0012513293024484097,0.07579963558915699
7338,366.90000000000003,0.0012415415081747096,0.07579964282200598
7339,366.95000000000005,0.0012333825071529064,0.07579964780189574
7340,367.0,0.0012265658281697476,0.07579965128087061
7341,367.05,0.0012208666487845913,0.07579965373526953
7342,367.1,0.0012161073338852336,0.07579965547276235
7343,367.15000000000003,0.0012121467711530087,0.07579965669522433
7344,367.20000000000005,0.0012088724278061292,0.0757996575364751
7345,367.25,0.001206194381753514,0.07579965808534792
7346,367.3,0.0012040408021135578,0.07579965839997932
7347,367.35,0.0012023545058351846,0.07579965851669326
7348,367.40000000000003,0.0012010903222219138,0.07579965845543181
7349,367.45000000000005,0.0012002130708131482,0.07579965822287181
7350,367.5,0.0011996960102335199,0.07579965781386826
7351,367.55,0.0011995196529202225,0.0757996572115447
7352,367.6,0.0011996708675176878,0.07579965638611046
7353,367.65000000000003,0.0012001422102056972,0.0757996552922786
7354,367.70000000000005,0.0012009314403001086,0.07579965386495346
7355,367.75,0.0012020411855115135,0.07579965201253466
7356,367.8,0.0012034787291400023,0.0757996496067999
7357,367.85,0.0012052558957230692,0.07579964646763981
7358,367.90000000000003,0.0012073890134377647,0.07579964233987595
7359,367.95000000000005,0.0012098989307966683,0.07579963685756165
7360,368.0,0.0012128110615247062,0.07579962948813398
7361,368.05,0.0012161554241072584,0.07579961944331555
7362,368.1,0.001219966630319908,0.0757996055339267
7363,368.15000000000003,0.0012242837581058696,0.07579958592766706
7364,368.20000000000005,0.001229150016094039,0.07579955773447855
7365,368.25,0.0012346120661264769,0.07579951627667718
7366,368.3,0.0012407188117279668,0.07579945376470744
7367,368.35,0.0012475193782623198,0.07579935681564746
7368,368.40000000000003,0.0012550598971835748,0.07579920164360768
7369,368.45000000000005,0.0012633785545318637,0.07579894442155588
7370,368.5,0.0012724981668477346,0.07579850141015637
7371,368.55,0.0012824153081901833,0.07579770753213702
7372,368.6,0.0012930847524805938,0.07579623391924528
7373,368.65000000000003,0.0013043977832875031,0.07579346739842993
7374,368.70000000000005,0.0013161529166092038,0.07578872257234276
7375,368.75,0.0013280181097622065,0.07578543158435919
7376,368.8,0.0013394852165215779,0.07582565717167479
7377,368.85,0.001349821387524421,0.07608256493921442
7378,368.90000000000003,0.0013580300159863595,0.07544847065983866
7379,368.95000000000005,0.0013628479301963077,0.07754717957521316
7380,369.0,0.001362827702993225,0.0781703511513799
7381,369.05,0.0013565828761500577,0.07806322578740121
7382,369.1,0.0013432989803745766,0.0780578197958752
7383,369.15000000000003,0.0013236052242738756,0.07806509218728724
7384,369.20000000000005,0.001300806936316415,0.07806985582504535
7385,369.25,0.0012822375670622338,0.07807235817854992
7386,369.3,0.0012801075483106722,0.07807365756807315
7387,369.35,0.0013108895754361926,0.0780743540434774
7388,369.40000000000003,0.0013923448474905695,0.07807474243476109
7389,369.45000000000005,0.0015379092994146388,0.07807496683784224
7390,369.5,0.0017485094914912315,0.07807509952427424
7391,369.55,0.001999782427753945,0.07807517770635114
7392,369.6,0.0022150155888668783,0.07807522056080937
7393,369.65000000000003,0.002197400336452877,0.07807523707305783
7394,369.70000000000005,0.001470906654408202,0.07807522930027533
7395,369.75,0.000992512851732911,0.07807519286980291
7396,369.8,0.006744716197581436,0.07807511516450387
7397,369.85,0.015680816195323525,0.07807497133255065
7398,369.90000000000003,0.021547979845534852,0.07807472184127233
7399,369.95000000000005,0.017663065617531636,0.0780743419904162
7400,370.0,0.009072511552100978,0.07807407594267997
7401,370.05,0.0028064825812226966,0.07807597815907484
7402,370.1,0.00021289547988634488,0.07809013987355125
7403,370.15000000000003,0.0013224354672518284,0.07811643285304089
7404,370.20000000000005,0.0015495863815224323,0.07798694718452119
7405,370.25,0.0014173163701900456,0.07820094129602392
7406,370.3,0.0011816287868644051,0.07825106113338486
7407,370.35,0.0009779554496379828,0.07823125887886087
7408,370.40000000000003,0.0008736232040063126,0.07822715730971969
7409,370.45000000000005,0.0008816468895718697,0.07822724904620398
7410,370.5,0.0009740592784407036,0.0782277361711619
7411,370.55,0.0011052292814104645,0.07822807949666737
7412,370.6,0.0012347801553133767,0.0782282845917319
7413,370.65000000000003,0.0013389640491863438,0.07822840444620796
7414,370.70000000000005,0.0014101743533997632,0.07822847557064633
7415,370.75,0.0014509861869461522,0.07822851891098538
7416,370.8,0.0014682502925902152,0.07822854609730912
7417,370.85,0.00146935814709686,0.07822856363906068
7418,370.90000000000003,0.0014605546148450757,0.0782285752592321
7419,370.95000000000005,0.001446507722670892,0.07822858314306352
7420,371.0,0.0014304583662006437,0.07822858860770501
7421,371.05,0.0014145530801876912,0.07822859246767136
7422,371.1,0.0014001781017125756,0.0782285952389274
7423,371.15000000000003,0.0013882331421907262,0.07822859725568579
7424,371.20000000000005,0.0013793380310313718,0.07822859873891139
7425,371.25,0.0013739854356803762,0.07822859983747052
7426,371.3,0.0013726576301774374,0.07822860065339667
7427,371.35,0.0013759248314355198,0.07822860125776174
7428,371.40000000000003,0.0013845416207629213,0.0782286017008489
7429,371.45000000000005,0.0013995586175029335,0.07822860201882459
7430,371.5,0.0014224703453486365,0.07822860223822087
7431,371.55,0.00145542901678953,0.07822860237902736
7432,371.6,0.001501571182276568,0.07822860245693092
7433,371.65000000000003,0.001565536594619159,0.07822860248500078
7434,371.70000000000005,0.001654319851403508,0.07822860247505849
7435,371.75,0.0017787135647218243,0.07822860243887303
7436,371.8,0.0019558366860366826,0.07822860238926518
7437,371.85,0.0022137225432033955,0.07822860234114809
7438,371.90000000000003,0.002599949509320961,0.07822860231246574
7439,371.95000000000005,0.0031984144234935593,0.07822860232486693
7440,372.0,0.004162470706520045,0.07822860240375039
7441,372.05,0.0057774878656899715,0.0782286025770432
7442,372.1,0.00854167754838221,0.0782286028716085
7443,372.15000000000003,0.012904982663065386,0.07822860330554275
7444,372.20000000000005,0.015044345259199602,0.07822860387394667
7445,372.25,0.023392697023883618,0.078228604525131
7446,372.3,0.1240530878912479,0.07822860512452678
7447,372.35,0.019811757881546276,0.07822860540593396
7448,372.40000000000003,0.014967179172733608,0.07822860491643405
7449,372.45000000000005,0.012411920494330549,0.07822860297441676
7450,372.5,0.008107211730680741,0.07822859868021266
7451,372.55,0.00540371111996512,0.07822859103898601
7452,372.6,0.003822792806381101,0.07822857925614707
7453,372.65000000000003,0.0028761588281182374,0.07822856321370121
7454,372.70000000000005,0.0022860174637710077,0.0782285440067596
7455,372.75,0.0019030855374441694,0.07822852424686674
7456,372.8,0.0016455650020515476,0.07822850775962427
7457,372.85,0.001466973473488691,0.07822849850121505
7458,372.90000000000003,0.0013398609832007903,0.07822849900975835
7459,372.95000000000005,0.0012474214696204338,0.07822850916808173
7460,373.0,0.0011790270531233692,0.07822852600835711
7461,373.05,0.0011277640232035095,0.07822854464009386
7462,373.1,0.0010890255237929179,0.07822855963400224
7463,373.15000000000003,0.0010596819133477861,0.07822856594711808
7464,373.20000000000005,0.001037577816913505,0.07822855879222498
7465,373.25,0.0010212200505740044,0.0782285322823033
7466,373.3,0.0010095807161982935,0.07822847678379291
7467,373.35,0.0010019722121785634,0.07822837471832636
7468,373.40000000000003,0.0009979690376690227,0.07822819518378303
7469,373.45000000000005,0.0009973618163734116,0.07822789553910457
7470,373.5,0.0010001354587199788,0.07822748945540771
7471,373.55,0.0010064677673061405,0.07822753975926826
7472,373.6,0.0010167482542152223,0.07823184418188064
7473,373.65000000000003,0.0010316203456395372,0.07825383347832118
7474,373.70000000000005,0.0010520543449091834,0.0782451548045271
7475,373.75,0.0010794646273357509,0.0781589498196751
7476,373.8,0.0011158943527983928,0.07838374246026972
7477,373.85,0.0011643077365948251,0.07837784087945564
7478,373.90000000000003,0.0012290597461417356,0.07836494347683805
7479,373.95000000000005,0.001316668088463729,0.07836316767611609
7480,374.0,0.0014371172113856704,0.07836357832706323
7481,374.05,0.0016061307111507046,0.07836416145719068
7482,374.1,0.0018492690820947203,0.07836463477412722
7483,374.15000000000003,0.002209588244917938,0.07836487431773612
7484,374.20000000000005,0.0027624440468641217,0.0783646498871352
7485,374.25,0.0036447238138991823,0.07836385323961396
7486,374.3,0.005111045375929549,0.07836300332383288
7487,374.35,0.007617478937506308,0.07836305409727679
7488,374.40000000000003,0.011708376753864137,0.07836414632310273
7489,374.45000000000005,0.015288998990019967,0.07836539933743006
7490,374.5,0.009013955913341407,0.07836615508436554
7491,374.55,0.11788685031963737,0.07836646134963869
7492,374.6,0.03628540951485743,0.0783666175207208
7493,374.65000000000003,0.015423334333685371,0.07836678638545133
7494,374.70000000000005,0.015044906495312496,0.07836678798526035
7495,374.75,0.010507818698077938,0.07836591980138219
7496,374.8,0.00752632306720567,0.07836342648829309
7497,374.85,0.0057814552088632076,0.07836058141674276
7498,374.90000000000003,0.00474391416397067,0.07836118881105249
7499,374.95000000000005,0.004102331220107048,0.07836604090927438
7500,375.0,0.00368921288837911,0.07837112043081633
7501,375.05,0.0034133138152621246,0.07837381024295872
7502,375.1,0.0032231538142694733,0.07837463082789187
7503,375.15000000000003,0.003088544231132005,0.07837471793129654
7504,375.20000000000005,0.0029911202800819324,0.07837465530787326
7505,375.25,0.0029193337888521443,0.07837461042410146
7506,375.3,0.0028657085598547227,0.0783746000036449
7507,375.35,0.0028252823742826384,0.07837460969503024
7508,375.40000000000003,0.0027946935185877743,0.078374626847239
7509,375.45000000000005,0.002771629530897375,0.07837464466717632
7510,375.5,0.0027544862712403748,0.07837466035602711
7511,375.55,0.0027421530661336274,0.078374673156316
7512,375.6,0.002733875952213136,0.07837468318764153
7513,375.65000000000003,0.002729171162565139,0.07837469087223285
7514,375.70000000000005,0.002727772583073118,0.0783746966843979
7515,375.75,0.0027296039095125336,0.07837470105565482
7516,375.8,0.002734770809015636,0.0783747043478387
7517,375.85,0.00274357179248412,0.07837470685270673
7518,375.90000000000003,0.0027565295934651774,0.0783747087999448
7519,375.95000000000005,0.002774448374262706,0.07837471036643037
7520,376.0,0.002798506938814172,0.07837471168453362
7521,376.05,0.002830405685530359,0.07837471284919315
7522,376.1,0.0028725976392540422,0.07837471392418266
7523,376.15000000000003,0.0029286559327489007,0.07837471494794476
7524,376.20000000000005,0.003003870038588454,0.07837471593923738
7525,376.25,0.003106237886142169,0.07837471690253693
7526,376.3,0.003248165956659745,0.07837471783302183
7527,376.35,0.0034494795606968007,0.07837471872088352
7528,376.40000000000003,0.003742943644599755,0.07837471955475608
7529,376.45000000000005,0.004184751825107825,0.07837472032415528
7530,376.5,0.004875049315150158,0.0783747210209606
7531,376.55,0.005998284077052634,0.07837472164005507
7532,376.6,0.007895515487388649,0.07837472217933276
7533,376.65000000000003,0.011119457895952912,0.07837472263928653
7534,376.70000000000005,0.01572094014454535,0.07837472302238901
7535,376.75,0.012967130286969561,0.07837472333242959
7536,376.8,0.055519874303595444,0.07837472357392924
7537,376.85,0.10236093359470753,0.07837472375170972
7538,376.90000000000003,6.854036236686818e-05,0.07837472387065059
7539,376.95000000000005,0.015069182339245936,0.07837472393562325
7540,377.0,0.010876243660040686,0.07837472395160054
7541,377.05,0.007069607292778268,0.07837472392387328
7542,377.1,0.0047769294381741385,0.07837472385834678
7543,377.15000000000003,0.0034310001099519985,0.07837472376182775
7544,377.20000000000005,0.0026154588670773624,0.07837472364225197
7545,377.25,0.002100770692607528,0.0783747235087642
7546,377.3,0.001763155157739813,0.07837472337160128
7547,377.35,0.001534036695098427,0.07837472324175028
7548,377.40000000000003,0.0013739676785922926,0.07837472313036488
7549,377.45000000000005,0.0012593808051049999,0.07837472304800543
7550,377.5,0.001175695664617224,0.07837472300377371
7551,377.55,0.0011136068758827312,0.07837472300447047
7552,377.6,0.0010670130790769383,0.07837472305391874
7553,377.65000000000003,0.001031821821980928,0.0783747231525539
7554,377.70000000000005,0.0010052384582339886,0.07837472329736915
7555,377.75,0.000985331567979292,0.07837472348224489
7556,377.8,0.0009707615123236035,0.07837472369859512
7557,377.85,0.000960608368194727,0.07837472393624625
7558,377.90000000000003,0.000954262556052818,0.07837472418442072
7559,377.95000000000005,0.0009513567588333434,0.07837472443266724
7560,378.0,0.0009517267349813349,0.07837472467164937
7561,378.05,0.0009553942676468094,0.07837472489370745
7562,378.1,0.0009625694057025084,0.07837472509315659
7563,378.15000000000003,0.0009736723670950784,0.07837472526634777
7564,378.20000000000005,0.0009893787799375733,0.07837472541153588
7565,378.25,0.0010106961509637918,0.078374725528595
7566,378.3,0.0010390857058086185,0.0783747256186693
7567,378.35,0.0010766539069647875,0.07837472568379898
7568,378.40000000000003,0.0011264553988226858,0.07837472572656545
7569,378.45000000000005,0.0011929802864259918,0.07837472574977974
7570,378.5,0.0012829562529153614,0.07837472575623992
7571,378.55,0.001406706090508121,0.07837472574854426
7572,378.6,0.0015805186167710183,0.07837472572896334
7573,378.65000000000003,0.001830934061722948,0.07837472569936059
7574,378.70000000000005,0.0022027711967281326,0.07837472566114466
7575,378.75,0.0027746687393579283,0.07837472561525058
7576,378.8,0.003689749922666124,0.07837472556213172
7577,378.85,0.005214048428185748,0.07837472550175074
7578,378.90000000000003,0.007818563420148394,0.07837472543357128
7579,378.95000000000005,0.012009581984514267,0.07837472535653901
7580,379.0,0.015049241512437458,0.07837472526903354
7581,379.05,0.014601396439513182,0.07837472516880824
7582,379.1,0.12172098518537634,0.07837472505289557
7583,379.15000000000003,0.02909679563666936,0.07837472491746894
7584,379.20000000000005,0.015254473094819865,0.07837472475766716
7585,379.25,0.013910250243092191,0.07837472456735803
7586,379.3,0.009479665062540466,0.07837472433883788
7587,379.35,0.0066211123537854195,0.07837472406245828
7588,379.40000000000003,0.004947827705128102,0.07837472372616162
7589,379.45000000000005,0.003949711439301855,0.0783747233149354
7590,379.5,0.003330403395819689,0.07837472281018248
7591,379.55,0.002930406627919699,0.07837472218905941
7592,379.6,0.0026625750042054215,0.07837472142386696
7593,379.65000000000003,0.0024775771332694947,0.07837472048170398
7594,379.70000000000005,0.0023463932085509803,0.07837471932475933
7595,379.75,0.0022513196561510197,0.07837471791197002
7596,379.8,0.002181196667423669,0.07837471620329091
7597,379.85,0.002128784278526416,0.07837471416870438
7598,379.90000000000003,0.0020892687430950725,0.07837471180530155
7599,379.95000000000005,0.0020593846294297657,0.07837470916711436
7600,380.0,0.002036883909312868,0.078374706412678
7601,380.05,0.0020202070573995924,0.07837470387073607
7602,380.1,0.002008275559183641,0.07837470210469125
7603,380.15000000000003,0.0020003598447150164,0.07837470189734813
7604,380.20000000000005,0.001995995922751615,0.07837470393442039
7605,380.25,0.0019949351173762114,0.078374707692807
7606,380.3,0.0019971180726404856,0.0783747087368456
7607,380.35,0.002002668648198077,0.07837469401843092
7608,380.40000000000003,0.002011906698605603,0.07837463797220334
7609,380.45000000000005,0.002025381854108238,0.07837451035778746
7610,380.5,0.002043934062569185,0.07837431201263093
7611,380.55,0.0020687917463767798,0.07837412611128158
7612,380.6,0.0021017264192107594,0.07837410497607236
7613,380.65000000000003,0.0021452960200380434,0.0783743377805996
7614,380.70000000000005,0.002203232764487556,0.07837474124389762
7615,380.75,0.0022810741501792637,0.07837514038617041
7616,380.8,0.0023872163418206084,0.07837542305825886
7617,380.85,0.002534725876338747,0.07837558064409426
7618,380.90000000000003,0.0027445604610268313,0.07837565438602459
7619,380.95000000000005,0.003051500846740221,0.07837568535784972
7620,381.0,0.003515466404328484,0.07837569855548258
7621,381.05,0.004243715259683849,0.07837570563032252
7622,381.1,0.005434386457596432,0.07837571096000269
7623,381.15000000000003,0.007452537746373957,0.07837571580067118
7624,381.20000000000005,0.010866785712637371,0.0783757203299902
7625,381.25,0.015467808826996651,0.07837572446363797
7626,381.3,0.009739112210221586,0.07837572811821858
7627,381.35,0.07117133838717428,0.07837573126574135
7628,381.40000000000003,0.08834786888886652,0.07837573392495481
7629,381.45000000000005,0.005075218366451751,0.07837573614163955
7630,381.5,0.01511774040007381,0.0783757379727549
7631,381.55,0.010646202875030944,0.07837573947659296
7632,381.6,0.007024399577747395,0.07837574070761748
7633,381.65000000000003,0.004866446056092234,0.07837574171425112
7634,381.70000000000005,0.003597148732444846,0.07837574253830697
7635,381.75,0.0028246907534296138,0.07837574321524926
7636,381.8,0.0023349990806195977,0.07837574377477423
7637,381.85,0.0020124726141000776,0.07837574424149729
7638,381.90000000000003,0.0017928223972052044,0.0783757446355998
7639,381.95000000000005,0.001638909313483918,0.07837574497342151
7640,382.0,0.001528454931101043,0.07837574526797372
7641,382.05,0.001447625321744243,0.07837574552939332
7642,382.1,0.0013875627219082326,0.07837574576535608
7643,382.15000000000003,0.0013424429485148059,0.07837574598145089
7644,382.20000000000005,0.0013083503766930786,0.0783757461815288
7645,382.25,0.0012826063919513277,0.07837574636803242
7646,382.3,0.0012633578537393638,0.07837574654229035
7647,382.35,0.001249319493280314,0.07837574670479915
7648,382.40000000000003,0.0012396104286613694,0.07837574685545684
7649,382.45000000000005,0.0012336502991429476,0.07837574699377606
7650,382.5,0.0012310948786287165,0.07837574711904728
7651,382.55,0.0012317995311160487,0.07837574723047194
7652,382.6,0.001235804240147736,0.07837574732726339
7653,382.65000000000003,0.0012433377226956511,0.07837574740869853
7654,382.70000000000005,0.0012548413066686937,0.07837574747416809
7655,382.75,0.0012710165848647131,0.07837574752318487
7656,382.8,0.001292905186705791,0.07837574755539266
7657,382.85,0.0013220155043410654,0.07837574757056646
7658,382.90000000000003,0.0013605218280627006,0.07837574756861383
7659,382.95000000000005,0.001411579646835758,0.07837574754959084
7660,383.0,0.0014798336605015825,0.07837574751373999
7661,383.05,0.0015722558420968832,0.07837574746155464
7662,383.1,0.0016995673886333335,0.07837574739389605
7663,383.15000000000003,0.0018787291303959163,0.07837574731216386
7664,383.20000000000005,0.0021374564194761555,0.07837574721854965
7665,383.25,0.002522701362236354,0.07837574711639379
7666,383.3,0.003117114458663086,0.07837574701066967
7667,383.35,0.0040715254039370135,0.0783757469086265
7668,383.40000000000003,0.005666261947205465,0.07837574682061443
7669,383.45000000000005,0.008391277852200648,0.07837574676109182
7670,383.5,0.012703125117996176,0.07837574674976755
7671,383.55,0.015017433265747154,0.07837574681275902
7672,383.6,0.021387129450637136,0.07837574698342402
7673,383.65000000000003,0.1235021395779271,0.07837574730225963
7674,383.70000000000005,0.02174617135417938,0.07837574781468153
7675,383.75,0.015024173971506856,0.07837574856474351
7676,383.8,0.012751718412066666,0.07837574958169655
7677,383.85,0.008433883321751075,0.07837575085502359
7678,383.90000000000003,0.005702548928414365,0.07837575229272438
7679,383.95000000000005,0.004104106691875562,0.0783757536586232
7680,384.0,0.003147628885411496,0.07837575449018166
7681,384.05,0.0025520340157628375,0.07837575401306765
7682,384.1,0.002166085498220655,0.07837575109642976
7683,384.15000000000003,0.0019069214111302058,0.07837574433100536
7684,384.20000000000005,0.0017274774937394237,0.07837573234008847
7685,384.25,0.0015999767618697844,0.0783757144011243
7686,384.3,0.001507423214647142,0.07837569129860461
7687,384.35,0.0014390748399843985,0.07837566604029951
7688,384.40000000000003,0.001387946915871545,0.0783756438161725
7689,384.45000000000005,0.0013493866753247247,0.07837563070870995
7690,384.5,0.0013202333583597135,0.07837563138893434
7691,384.55,0.0012983091126546192,0.07837564696320617
7692,384.6,0.0012821030443946788,0.07837567435962185
7693,384.65000000000003,0.001270571681094827,0.07837570769875424
7694,384.70000000000005,0.0012630119848190764,0.0783757407330354
7695,384.75,0.0012589813999118577,0.07837576889520179
7696,384.8,0.0012582500613296673,0.07837579009099065
7697,384.85,0.0012607767969147932,0.07837580433870613
7698,384.90000000000003,0.0012667048905300642,0.07837581288420203
7699,384.95000000000005,0.0012763769065514707,0.07837581736328188
7700,385.0,0.00129037104006412,0.07837581927167593
7701,385.05,0.0013095652241006438,0.07837581974413489
7702,385.1,0.0013352405729538629,0.0783758195351017
7703,385.15000000000003,0.0013692442039836658,0.07837581909158424
7704,385.20000000000005,0.0014142457656870736,0.0783758186469839
7705,385.25,0.0014741471820684685,0.07837581830217773
7706,385.3,0.0015547511191179456,0.07837581808406689
7707,385.35,0.0016648805376940745,0.0783758179831846
7708,385.40000000000003,0.0018183112365503823,0.07837581797565632
7709,385.45000000000005,0.0020372210934396628,0.07837581803480269
7710,385.5,0.0023585686377152405,0.07837581813650309
7711,385.55,0.0028463059999508135,0.0783758182610665
7712,385.6,0.0036153860352627115,0.07837581839330705
7713,385.65000000000003,0.004878631494779122,0.07837581852181703
7714,385.70000000000005,0.0070257318672574814,0.07837581863792309
7715,385.75,0.010631317883462232,0.07837581873457553
7716,385.8,0.015113987986107512,0.0783758188052523
7717,385.85,0.005420159048900504,0.07837581884289807
7718,385.90000000000003,0.0871296038310895,0.07837581883887061
7719,385.95000000000005,0.07244829982596265,0.07837581878187334
7720,386.0,0.00940524773250662,0.07837581865688083
7721,386.05,0.015416767210922944,0.07837581844407321
7722,386.1,0.010823551987491442,0.07837581811788014
7723,386.15000000000003,0.007395143751251619,0.07837581764625083
7724,386.20000000000005,0.00536739587137315,0.07837581699038391
7725,386.25,0.004171275055111966,0.07837581610512642
7726,386.3,0.003439932835746715,0.07837581494027096
7727,386.35,0.0029741502014372727,0.07837581344280795
7728,386.40000000000003,0.0026660979581933546,0.07837581155987516
7729,386.45000000000005,0.0024555552175868425,0.07837580924159777
7730,386.5,0.0023075773733448914,0.07837580644224909
7731,386.55,0.0022011143963214658,0.07837580311723932
7732,386.6,0.002123045797564428,0.07837579921259194
7733,386.65000000000003,0.002064942765019855,0.07837579464286899
7734,386.70000000000005,0.002021247382286265,0.07837578925308637
7735,386.75,0.0019882142476888654,0.07837578275959826
7736,386.8,0.0019632766242496857,0.0783757746630848
7737,386.85,0.0019446569130609358,0.07837576412166881
7738,386.90000000000003,0.0019311222971413904,0.0783757497602834
7739,386.95000000000005,0.001921829474571898,0.07837572936810941
7740,387.0,0.0019162260644759429,0.07837569938871533
7741,387.05,0.0019139897461760604,0.07837565401598012
7742,387.1,0.001914994216559393,0.07837558352623915
7743,387.15000000000003,0.0019192961606772664,0.07837547109883956
7744,387.20000000000005,0.0019271410767566725,0.07837528657167882
7745,387.25,0.0019389889162437287,0.07837497384979943
7746,387.3,0.0019555638520914295,0.07837442513550366
7747,387.35,0.001977936911842789,0.07837342937245563
7748,387.40000000000003,0.0020076569129860193,0.07837158493316278
7749,387.45000000000005,0.002046956150945147,0.07836828470158454
7750,387.5,0.00209907633516674,0.07836396239992893
7751,387.55,0.0021687944833262297,0.07837170704887937
7752,387.6,0.002263292069648665,0.0784800014255688
7753,387.65000000000003,0.0023936328713946536,0.0786127456608225
7754,387.70000000000005,0.002577357452049012,0.07798066288863859
7755,387.75,0.002843198775648385,0.08005027539562103
7756,387.8,0.0032399642438334744,0.08001637314459814
7757,387.85,0.003853809026246443,0.07997259177898847
7758,387.90000000000003,0.004842320814017289,0.07997536380279174
7759,387.95000000000005,0.006498349559882128,0.07998075465094213
7760,388.0,0.009327784836450203,0.07998396259193209
7761,388.05,0.013734752982534713,0.07998566503899807
7762,388.1,0.015312461494687664,0.07998657335414676
7763,388.15000000000003,0.02724695304968488,0.07998707472078327
7764,388.20000000000005,0.12232983216393543,0.07998736275448777
7765,388.25,0.015984250217996834,0.07998753481591199
7766,388.3,0.015131438187023885,0.07998764135408147
7767,388.35,0.012238709362488196,0.07998770947797178
7768,388.40000000000003,0.0080186885892445,0.07998775429782522
7769,388.45000000000005,0.005386967066912882,0.07998778453297675
7770,388.5,0.0038468589188116456,0.07998780537857024
7771,388.55,0.002922945810020082,0.07998782002182235
7772,388.6,0.0023459788372832803,0.07998783047079708
7773,388.65000000000003,0.001971110722273984,0.07998783802158353
7774,388.70000000000005,0.00171880590181697,0.07998784352928669
7775,388.75,0.0015437683774588117,0.07998784756940998
7776,388.8,0.0014191947249794863,0.07998785053630642
7777,388.85,0.0013286453765425162,0.07998785270456746
7778,388.90000000000003,0.0012617079846200454,0.0799878542680425
7779,388.95000000000005,0.0012115997981407929,0.07998785536504037
7780,389.0,0.0011737957145737206,0.07998785609476775
7781,389.05,0.0011452181031036072,0.0799878565280557
7782,389.1,0.001123744862977207,0.07998785671422097
7783,389.15000000000003,0.0011079036842512658,0.07998785668515779
7784,389.20000000000005,0.0010966787883129239,0.07998785645730586
7785,389.25,0.001089387946405303,0.07998785603177491
7786,389.3,0.0010856052077471141,0.07998785539269863
7787,389.35,0.0010851150298596805,0.07998785450365024
7788,389.40000000000003,0.0010878898081064458,0.07998785330173513
7789,389.45000000000005,0.0010940870347480405,0.07998785168876578
7790,389.5,0.0011040656183647574,0.07998784951870198
7791,389.55,0.0011184240812860424,0.07998784658042825
7792,389.6,0.0011380672058366149,0.07998784257536387
7793,389.65000000000003,0.0011643132268734618,0.07998783709109507
7794,389.70000000000005,0.0011990624676504026,0.07998782957775878
7795,389.75,0.0012450632257366833,0.07998781934920135
7796,389.8,0.0013063370747506255,0.07998780567051826
7797,389.85,0.0013888740183199042,0.07998778809276545
7798,389.90000000000003,0.0015017993198101615,0.07998776743186316
7799,389.95000000000005,0.00165939266246339,0.07998774830734948
7800,390.0,0.0018847016879087282,0.07998774507803845
7801,390.05,0.00221624283862659,0.07998779352637583
7802,390.1,0.0027208629598926303,0.07998796430060726
7803,390.15000000000003,0.0035190495606761516,0.07998833281595115
7804,390.20000000000005,0.004834151205063587,0.07998872628924662
7805,390.25,0.0070729749780615745,0.07998805423685078
7806,390.3,0.010808382616461004,0.07998476031328026
7807,390.35,0.015137335233589093,0.07998197663780338
7808,390.40000000000003,0.0021728992500568696,0.07998625260812074
7809,390.45000000000005,0.09704206662266278,0.07999335397429959
7810,390.5,0.061547685523461376,0.07999678933600797
7811,390.55,0.011918697876280344,0.07999737121121261
7812,390.6,0.015747132788385812,0.0799972104634418
7813,390.65000000000003,0.011131624487754978,0.07999706257464721
7814,390.70000000000005,0.007831297147571055,0.07999701298149921
7815,390.75,0.005886470221200338,0.07999701729029456
7816,390.8,0.0047367840978666835,0.07999703946204724
7817,390.85,0.004031595562190233,0.07999706263294266
7818,390.90000000000003,0.003581075842286988,0.07999708058888425
7819,390.95000000000005,0.0032822956771012325,0.07999709139125386
7820,391.0,0.00307760464084143,0.07999709415342358
7821,391.05,0.0029334494841330924,0.07999708740340444
7822,391.1,0.002829561750130107,0.07999706783819503
7823,391.15000000000003,0.0027532763595141336,0.07999702856808233
7824,391.20000000000005,0.0026964390953217194,0.0799969557143167
7825,391.25,0.0026536628915855764,0.079996821223047
7826,391.3,0.0026213117523762965,0.07999656769625846
7827,391.35,0.002596890897311606,0.07999608040638044
7828,391.40000000000003,0.0025786712763081194,0.07999517629726932
7829,391.45000000000005,0.0025654536752870607,0.07999403657712124
7830,391.5,0.00255641869762091,0.07999819435400855
7831,391.55,0.002551031525118533,0.08005453227136956
7832,391.6,0.002548983279643341,0.08009696778239772
7833,391.65000000000003,0.0025501585253028926,0.07989568109567927
7834,391.70000000000005,0.002554623392962547,0.08026234342355615
7835,391.75,0.0025626323651054793,0.08017507583567586
7836,391.8,0.0025746548383513285,0.0801646900454287
7837,391.85,0.002591425930795759,0.08016569322081887
7838,391.90000000000003,0.0026140304603719878,0.08016684804675611
7839,391.95000000000005,0.00264403580916098,0.08016748613554404
7840,392.0,0.0026837005758216445,0.08016781662508703
7841,392.05,0.0027363052960035694,0.0801679916837546
7842,392.1,0.0028066863647450975,0.08016808830192176
7843,392.15000000000003,0.0029021191392470252,0.0801681439758387
7844,392.20000000000005,0.0030338208973022585,0.08016817737783068
7845,392.25,0.0032195921376977393,0.08016819816098959
7846,392.3,0.0034886226240687717,0.08016821151915568
7847,392.35,0.003890553775209487,0.08016822035613125
7848,392.40000000000003,0.0045131182609218536,0.08016822635396244
7849,392.45000000000005,0.005516945869345237,0.0801682305189241
7850,392.5,0.007200492600746904,0.08016823347085271
7851,392.55,0.01007643719284375,0.08016823560176317
7852,392.6,0.014521608690479491,0.08016823716557876
7853,392.65000000000003,0.015729545026118282,0.0801682383303756
7854,392.70000000000005,0.02966980747338891,0.08016823920961987
7855,392.75,0.12081447450837648,0.08016823988128936
7856,392.8,0.013308279707250141,0.0801682403998545
7857,392.85,0.015517121464451084,0.08016824080393091
7858,392.90000000000003,0.01239391592016054,0.08016824112125759
7859,392.95000000000005,0.008218608742012525,0.08016824137199785
7860,393.0,0.005629148974117488,0.080168241570955
7861,393.05,0.004113623279356061,0.08016824172908489
7862,393.1,0.0032034323611551847,0.08016824185454068
7863,393.15000000000003,0.00263432382278328,0.08016824195339624
7864,393.20000000000005,0.002264135319575859,0.0801682420301588
7865,393.25,0.002014729356509674,0.08016824208812373
7866,393.3,0.00184155412077201,0.08016824212962481
7867,393.35,0.0017182165178864163,0.08016824215620105
7868,393.40000000000003,0.0016285117918626029,0.08016824216870337
7869,393.45000000000005,0.0015621668208176487,0.08016824216734773
7870,393.5,0.001512484156068219,0.0801682421517292
7871,393.55,0.0014749925537083431,0.08016824212078441
7872,393.6,0.0014466493439330777,0.08016824207271013
7873,393.65000000000003,0.0014253557194573174,0.0801682420048284
7874,393.70000000000005,0.0014096552904789596,0.08016824191337382
7875,393.75,0.0013985434507706653,0.08016824179318677
7876,393.8,0.001391346049335719,0.08016824163728108
7877,393.85,0.0013876431939594982,0.08016824143621562
7878,393.90000000000003,0.0013872241108492114,0.08016824117720513
7879,393.95000000000005,0.0013900651993820998,0.0801682408428273
7880,394.0,0.001396327605404222,0.08016824040913997
7881,394.05,0.0014063739127331294,0.08016823984290111
7882,394.1,0.0014208067316147563,0.08016823909739
7883,394.15000000000003,0.0014405358233363756,0.08016823810604233
7884,394.20000000000005,0.0014668859519770042,0.08016823677257393
7885,394.25,0.001501766506750286,0.08016823495535372
7886,394.3,0.001547938949684253,0.08016823244216295
7887,394.35,0.001609444696965457,0.08016822890848145
7888,394.40000000000003,0.0016923046914718357,0.08016822384680088
7889,394.45000000000005,0.0018056940690505763,0.08016821644359397
7890,394.5,0.0019639757153452025,0.08016820535879446
7891,394.55,0.0021903412197829403,0.08016818831798758
7892,394.6,0.002523565772451646,0.08016816133297996
7893,394.65000000000003,0.003030979309726345,0.08016811716192111
7894,394.70000000000005,0.0038339989764972215,0.08016804217548272
7895,394.75,0.005157757234819262,0.08016790987325766
7896,394.8,0.007412006090458486,0.08016766782470189
7897,394.85,0.011169448987920657,0.08016721622013051
7898,394.90000000000003,0.015471951384507951,0.08016641623866191
7899,394.95000000000005,0.0019473997221376377,0.0801655532355228
7900,395.0,0.0982451621094492,0.08016987859297331
7901,395.05,0.05954290919685868,0.08021775040647038
7902,395.1,0.012597702300153337,0.08024766331876787
7903,395.15000000000003,0.01610673276682882,0.08004577234170286
7904,395.20000000000005,0.011488148837186244,0.08043007878982063
7905,395.25,0.008206900882375748,0.08035501201771882
7906,395.3,0.0062745212475797596,0.0803427147066761
7907,395.35,0.005131849562174127,0.08034315819094856
7908,395.40000000000003,0.00443062911960442,0.08034420018315738
7909,395.45000000000005,0.003982430973024063,0.08034481892533345
7910,395.5,0.0036850621441228406,0.08034514837232687
7911,395.55,0.0034812607122662663,0.08034532532177142
7912,395.6,0.0033376846291123543,0.08034542375458875
7913,395.65000000000003,0.003234184434220597,0.08034548074005343
7914,395.70000000000005,0.003158164500918021,0.08034551502317194
7915,395.75,0.0031015124877770564,0.08034553638533204
7916,395.8,0.0030588673159469065,0.08034555012157797
7917,395.85,0.0030266095174598167,0.08034555920475192
7918,395.90000000000003,0.0030022550285679433,0.08034556536206744
7919,395.95000000000005,0.0029840818318225123,0.08034556962910355
7920,396.0,0.0029708953301062035,0.08034557264479465
7921,396.05,0.002961879094320796,0.08034557481372816
7922,396.1,0.002956500085323107,0.08034557639820653
7923,396.15000000000003,0.002954450280700289,0.08034557757196306
7924,396.20000000000005,0.0029556143057574585,0.0803455784523291
7925,396.25,0.0029600575786927594,0.08034557911996315
7926,396.3,0.0029680330136784574,0.08034557963121856
7927,396.35,0.002980007384234299,0.08034558002605523
7928,396.40000000000003,0.0029967117745532228,0.08034558033319318
7929,396.45000000000005,0.003019224969579784,0.08034558057353297
7930,396.5,0.0030491053644512976,0.08034558076245572
7931,396.55,0.003088598057801644,0.0803455809114004
7932,396.6,0.003140962982088627,0.08034558102894707
7933,396.65000000000003,0.003211004420082196,0.08034558112158752
7934,396.70000000000005,0.003305946399944024,0.08034558119426603
7935,396.75,0.0034369217415822053,0.08034558125076553
7936,396.8,0.0036215873876358317,0.08034558129399288
7937,396.85,0.0038888802772175718,0.08034558132618216
7938,396.90000000000003,0.004287979759827584,0.08034558134904364
7939,396.95000000000005,0.004905744647831392,0.08034558136387773
7940,397.0,0.005901122845249466,0.08034558137165293
7941,397.05,0.0075694917356387776,0.08034558137306719
7942,397.1,0.01041994437545993,0.0803455813685892
7943,397.15000000000003,0.014845566701996401,0.0803455813584875
7944,397.20000000000005,0.016268267812775312,0.08034558134284958
7945,397.25,0.02753226352459715,0.08034558132158828
7946,397.3,0.12098056366038062,0.08034558129444205
7947,397.35,0.014026713474274715,0.08034558126096632
7948,397.40000000000003,0.016065840432996966,0.08034558122051412
7949,397.45000000000005,0.013065349248824134,0.08034558117220837
7950,397.5,0.008863566058682677,0.0803455811148974
7951,397.55,0.006250018157339269,0.08034558104709792
7952,397.6,0.004720550123964419,0.08034558096691731
7953,397.65000000000003,0.0038025769286615563,0.08034558087194424
7954,397.70000000000005,0.0032290024251474514,0.08034558075910973
7955,397.75,0.002856144727032775,0.08034558062449135
7956,397.8,0.002605076416803363,0.08034558046305301
7957,397.85,0.002430825226086959,0.08034558026828834
7958,397.90000000000003,0.0023067659877813243,0.08034558003172942
7959,397.95000000000005,0.0022165608556358692,0.08034557974226562
7960,398.0,0.002149857501396564,0.08034557938518436
7961,398.05,0.0020999096412432743,0.08034557894081515
7962,398.1,0.0020622148641083644,0.0803455783825797
7963,398.15000000000003,0.0020337098889983045,0.08034557767415715
7964,398.20000000000005,0.0020122817275339566,0.08034557676531727
7965,398.25,0.001996463753777547,0.08034557558568159
7966,398.3,0.001985243505767876,0.08034557403528089
7967,398.35,0.0019779403119399974,0.08034557196999838
7968,398.40000000000003,0.0019741283331160676,0.08034556917875883
7969,398.45000000000005,0.001973590794067302,0.08034556534716282
7970,398.5,0.0019762974337738967,0.0803455599984255
7971,398.55,0.0019824013992106337,0.0803455523956804
7972,398.6,0.0019922550710968425,0.08034554137756114
7973,398.65000000000003,0.0020064474497256146,0.08034552507734553
7974,398.70000000000005,0.002025869511478864,0.08034550043942511
7975,398.75,0.0020518193563246467,0.08034546239354654
7976,398.8,0.0020861675625066982,0.08034540251209366
7977,398.85,0.002131617705860532,0.08034530719329684
7978,398.90000000000003,0.0021921226723483037,0.08034515709076569
7979,398.95000000000005,0.0022735643377970196,0.08034493845173944
7980,399.0,0.0023848929420423417,0.08034472019400545
7981,399.05,0.002540095918230991,0.08034503968649112
7982,399.1,0.0027617159716419168,0.08034839319771736
7983,399.15000000000003,0.003087364828414965,0.08036033426209092
7984,399.20000000000005,0.003582209017908707,0.0803541216656255
7985,399.25,0.004363528779792035,0.08030182941202808
7986,399.3,0.005648603240811692,0.08042725096668746
7987,399.35,0.007834553519703823,0.08045344831380984
7988,399.40000000000003,0.011496853123862266,0.08044419753920132
7989,399.45000000000005,0.015929690078180948,0.0804408167640173
7990,399.5,0.004937376001058997,0.08043977284468748
7991,399.55,0.09062630555411864,0.0804386606173132
7992,399.6,0.06704044852083074,0.08043668431636321
7993,399.65000000000003,0.011356974457774954,0.08043417002247373
7994,399.70000000000005,0.016390763029027866,0.08043861946317904
7995,399.75,0.011777561396119476,0.08049605445435679
7996,399.8,0.008401359096727358,0.08058930292438037
7997,399.85,0.0064081968066534425,0.08010504405195036
7998,399.90000000000003,0.005231538311945379,0.08129127389132286
7999,399.95000000000005,0.004511164138269196,0.08134220933733761
8000,400.0,0.004051773634120329,0.08131545068087831
8001,400.05,0.0037475940534133032,0.08136222497064403
8002,400.1,0.003539485435014343,0.08124794557475228
8003,400.15000000000003,0.0033930884766939285,0.0814107508786988
8004,400.20000000000005,0.0032876817233874,0.08166411615116828
8005,400.25,0.003210335834087549,0.08164952525701505
8006,400.3,0.0031527369160367033,0.0816435677990253
8007,400.35,0.0031093981921199295,0.08164585973090685
8008,400.40000000000003,0.0030766194109926983,0.08164783593120446
8009,400.45000000000005,0.003051863062678544,0.08164867485781356
8010,400.5,0.003033370707652271,0.08164896641376804
8011,400.55,0.0030199221051770042,0.08164908468354568
8012,400.6,0.003010682049040844,0.08164915750616701
8013,400.65000000000003,0.0030051030388161836,0.08164921509119606
8014,400.70000000000005,0.003002865149701291,0.08164926225323862
8015,400.75,0.003003842350659129,0.08164929986546318
8016,400.8,0.003008089545295017,0.08164932904952045
8017,400.85,0.003015848195030095,0.08164935130164579
8018,400.90000000000003,0.003027571448848695,0.08164936812451856
8019,400.95000000000005,0.0030439729919992465,0.08164938081526864
8020,401.0,0.003066108156326325,0.08164939040786585
8021,401.05,0.003095502383635517,0.08164939769196705
8022,401.1,0.0031343528805064516,0.08164940325716456
8023,401.15000000000003,0.0031858478625751184,0.08164940753893042
8024,401.20000000000005,0.00325468108306713,0.08164941085769735
8025,401.25,0.003347901133759059,0.0816494134493965
8026,401.3,0.003476353540373275,0.0816494154883242
8027,401.35,0.0036572086602503482,0.0816494171038952
8028,401.40000000000003,0.0039185489768020195,0.08164941839277876
8029,401.45000000000005,0.004307996079933802,0.08164941942766445
8030,401.5,0.004909468436305542,0.08164942026358311
8031,401.55,0.005876257862029558,0.08164942094248569
8032,401.6,0.00749334150637475,0.08164942149656775
8033,401.65000000000003,0.010257145372696072,0.08164942195069741
8034,401.70000000000005,0.014609588036437063,0.08164942232420003
8035,401.75,0.016694672313484208,0.08164942263217581
8036,401.8,0.021839621970995194,0.08164942288647907
8037,401.85,0.12192692569504889,0.08164942309645222
8038,401.90000000000003,0.018069686676689234,0.08164942326947194
8039,401.95000000000005,0.016622618663966065,0.08164942341137015
8040,402.0,0.014098932579946407,0.08164942352673916
8041,402.05,0.009809600426790344,0.08164942361917517
8042,402.1,0.0071121680662288795,0.08164942369145466
8043,402.15000000000003,0.00553397099521017,0.08164942374566232
8044,402.20000000000005,0.004588847320250185,0.08164942378329144
8045,402.25,0.003999742459406464,0.08164942380530882
8046,402.3,0.0036176386775509076,0.08164942381219097
8047,402.35,0.00336083774355533,0.08164942380394538
8048,402.40000000000003,0.003182895699245874,0.08164942378009823
8049,402.45000000000005,0.003056377150316669,0.08164942373967186
8050,402.5,0.0029644809580037447,0.0816494236811232
8051,402.55,0.0028965800461340564,0.08164942360226421
8052,402.6,0.0028457595226568733,0.08164942350013471
8053,402.65000000000003,0.002807410097367051,0.08164942337083705
8054,402.70000000000005,0.002778398556160922,0.08164942320930509
8055,402.75,0.00275656461698021,0.08164942300899077
8056,402.8,0.0027404084563259867,0.08164942276144815
8057,402.85,0.002728893219152232,0.08164942245574994
8058,402.90000000000003,0.0027213192182587442,0.08164942207771395
8059,402.95000000000005,0.002717244615232015,0.08164942160881153
8060,403.0,0.002716437869489345,0.08164942102466569
8061,403.05,0.0027188536571785714,0.08164942029292618
8062,403.1,0.002724628227264792,0.08164941937025082
8063,403.15000000000003,0.0027340934312444394,0.0816494181979546
8064,403.20000000000005,0.0027478117474452808,0.08164941669563701
8065,403.25,0.0027666382706672925,0.08164941475174374
8066,403.3,0.00279182079378484,0.08164941220932664
8067,403.35,0.002825157238616016,0.08164940884419658
8068,403.40000000000003,0.0028692433789239496,0.08164940433077277
8069,403.45000000000005,0.002927867863687105,0.08164939818755294
8070,403.5,0.0030066553975367635,0.08164938968809421
8071,403.55,0.0031141415360999057,0.08164937771200834
8072,403.6,0.0032636233833306487,0.08164936048867025
8073,403.65000000000003,0.0034764539643184805,0.0816493351429144
8074,403.70000000000005,0.003788117793329149,0.08164929686252335
8075,403.75,0.004259835078817499,0.0816492373154998
8076,403.8,0.005001344524887936,0.08164914151650028
8077,403.85,0.006215531482014057,0.08164898134131228
8078,403.90000000000003,0.008275548312529264,0.08164870145071805
8079,403.95000000000005,0.011753314524140102,0.08164818723959559
8080,404.0,0.016330774973390756,0.08164718889294362
8081,404.05,0.009414033906264737,0.0816451410096913
8082,404.1,0.07549454923024934,0.08164080335952516
8083,404.15000000000003,0.08224277532208836,0.08163253235308292
8084,404.20000000000005,0.007586499089131363,0.08163336398522264
8085,404.25,0.016187716984091275,0.08185083720518917
8086,404.3,0.01166026120760048,0.08223302436084472
8087,404.35,0.008101250917229958,0.08313472117058553
8088,404.40000000000003,0.005986558492236639,0.0842043497415351
8089,404.45000000000005,0.004741629885930241,0.0839622599636519
8090,404.5,0.003982839874662638,0.08396185824596995
8091,404.55,0.003501070531252454,0.0839721832605219
8092,404.6,0.00318332019987165,0.08397743853156396
8093,404.65000000000003,0.00296665979075333,0.08397986286121703
8094,404.70000000000005,0.0028146825030936715,0.08398102336688111
8095,404.75,0.002705518852326243,0.08398161246565897
8096,404.8,0.002625571693044634,0.08398192931937301
8097,404.85,0.0025661250363172646,0.0839821088077359
8098,404.90000000000003,0.002521442169125054,0.08398221515766342
8099,404.95000000000005,0.002487662846642295,0.08398228063645753
8100,405.0,0.002462144262410751,0.0839823222684441
8101,405.05,0.002443056771193865,0.08398234943495257
8102,405.1,0.00242913059851126,0.08398236750535093
8103,405.15000000000003,0.002419494959092282,0.08398237965305176
8104,405.20000000000005,0.0024135757670855286,0.08398238780176417
8105,405.25,0.0024110321772414975,0.08398239313640393
8106,405.3,0.0024117205287292826,0.08398239638695265
8107,405.35,0.002415679529216514,0.08398239798898316
8108,405.40000000000003,0.0024231342241071985,0.08398239817412011
8109,405.45000000000005,0.002434519404096673,0.08398239701833786
8110,405.5,0.002450526370466507,0.08398239446276978
8111,405.55,0.002472181211979157,0.08398239031450816
8112,405.6,0.002500969091499743,0.08398238423122255
8113,405.65000000000003,0.0025390293972163804,0.08398237569259688
8114,405.70000000000005,0.002589464438927355,0.08398236396512852
8115,405.75,0.0026568362656371742,0.0839823480798461
8116,405.8,0.002747985230795737,0.08398232687875334
8117,405.85,0.002873416932595599,0.08398229927826491
8118,405.90000000000003,0.0030497276481357195,0.08398226512247867
8119,405.95000000000005,0.0033039944942546318,0.08398222751005885
8120,406.0,0.003682010759487454,0.08398219849063379
8121,406.05,0.004264250320016565,0.08398221129236531
8122,406.1,0.005197376928140465,0.08398233985533657
8123,406.15000000000003,0.006754073944618441,0.08398269972594541
8124,406.20000000000005,0.00941469927814543,0.08398328871028246
8125,406.25,0.013667194149043774,0.08398332123513015
8126,406.3,0.016414302266162473,0.08398051724250265
8127,406.35,0.01620856170899071,0.08397490569917856
8128,406.40000000000003,0.1216912064817081,0.08397556108427287
8129,406.45000000000005,0.024245084079083344,0.08398586410030599
8130,406.5,0.016558758726724392,0.08399467035142674
8131,406.55,0.01474748830198564,0.08399770465294762
8132,406.6,0.010360762004634289,0.08399803777165148
8133,406.65000000000003,0.007558778195325125,0.08399787582389118
8134,406.70000000000005,0.005919247955996617,0.08399778561063874
8135,406.75,0.004939967161351623,0.08399778787395613
8136,406.8,0.004331378759007102,0.083997829930204
8137,406.85,0.0039377152590307956,0.0839978791605921
8138,406.90000000000003,0.0036737736730071933,0.08399792267794029
8139,406.95000000000005,0.0034912523449720637,0.0839979573386594
8140,407.0,0.003361695832255562,0.08399798370028932
8141,407.05,0.003267721377883209,0.08399800333881521
8142,407.1,0.0031983580242726695,0.0839980178478592
8143,407.15000000000003,0.0031464805587669126,0.08399802854325782
8144,407.20000000000005,0.0031073469293558427,0.08399803642897662
8145,407.25,0.0030777375550855874,0.08399804224389897
8146,407.3,0.0030554342540741134,0.08399804652268796
8147,407.35,0.0030388971173011038,0.08399804964929576
8148,407.40000000000003,0.0030270604749718785,0.08399805189851967
8149,407.45000000000005,0.0030192029219948888,0.08399805346658212
8150,407.5,0.003014865202929074,0.08399805449307352
8151,407.55,0.00301380065027127,0.08399805507650203
8152,407.6,0.003015949497139913,0.08399805528530666
8153,407.65000000000003,0.003021432755148959,0.08399805516566597
8154,407.70000000000005,0.0030305646509947238,0.08399805474708515
8155,407.75,0.0030438856746386584,0.08399805404645426
8156,407.8,0.0030622218501147815,0.08399805307104224
8157,407.85,0.0030867808070038734,0.08399805182068748
8158,407.90000000000003,0.0031193030081623826,0.0839980502893023
8159,407.95000000000005,0.0031622995220063877,0.08399804846548646
8160,408.0,0.0032194305676267448,0.0839980463317276
8161,408.05,0.0032961205521536974,0.08399804386104533
8162,408.1,0.0034005832484414974,0.08399804100898346
8163,408.15000000000003,0.0035455820452824183,0.08399803769751334
8164,408.20000000000005,0.0037515536275436133,0.08399803378563779
8165,408.25,0.0040523502210386515,0.08399802901976819
8166,408.3,0.004506174313616641,0.08399802295666152
8167,408.35,0.005217008857774234,0.08399801485585294
8168,408.40000000000003,0.0063767127193634305,0.08399800355290302
8169,408.45000000000005,0.008339504094165258,0.0839979873570797
8170,408.5,0.011668249453973482,0.08399796407290365
8171,408.55,0.01628517615753315,0.08399793131434255
8172,408.6,0.012024850143033523,0.08399788731512929
8173,408.65000000000003,0.06328534746795614,0.08399783233596714
8174,408.70000000000005,0.09440949948315466,0.08399777041108836
8175,408.75,0.003511347923855499,0.08399771058404079
8176,408.8,0.015719669050516867,0.08399766633410256
8177,408.85,0.011348269982759429,0.08399765228830634
8178,408.90000000000003,0.007639677216825978,0.08399767890693226
8179,408.95000000000005,0.0054205239410538225,0.08399774773907824
8180,409.0,0.004116611976463571,0.08399785020805123
8181,409.05,0.0033247061123928877,0.0839979708347404
8182,409.1,0.002823719759098746,0.08399809291468009
8183,409.15000000000003,0.002494363145229409,0.08399820345786807
8184,409.20000000000005,0.0022704170243172347,0.08399829538836913
8185,409.25,0.002113702666131636,0.08399836706481284
8186,409.3,0.0020013607112873027,0.08399842041108212
8187,409.35,0.0019192202804898784,0.08399845894611903
8188,409.40000000000003,0.001858221118275225,0.08399848638749004
8189,409.45000000000005,0.0018124132335011513,0.08399850593051707
8190,409.5,0.0017778003131284357,0.0839985200224944
8191,409.55,0.0017516503292568288,0.08399853040592004
8192,409.6,0.0017320735702295543,0.08399853826443755
8193,409.65000000000003,0.0017177587276594514,0.0839985443799143
8194,409.70000000000005,0.00170780544514813,0.08399854926287971
8195,409.75,0.0017016178349786007,0.08399855324809229
8196,409.8,0.0016988382389020536,0.08399855655948747
8197,409.85,0.0016993092294134977,0.08399855935216846
8198,409.90000000000003,0.0017030573258422848,0.08399856173856346
8199,409.95000000000005,0.001710295718255106,0.08399856380417108
8200,410.0,0.001721446448091553,0.08399856561664377
8201,410.05,0.001737185759211968,0.08399856723073611
8202,410.1,0.0017585205146006292,0.08399856869076135
8203,410.15000000000003,0.0017869097944777275,0.08399857003167154
8204,410.20000000000005,0.001824455906409924,0.08399857127957981
8205,410.25,0.0018742064054668927,0.0839985724522171
8206,410.3,0.001940639742828315,0.08399857355967882
8207,410.35,0.002030464497668717,0.08399857460559716
8208,410.40000000000003,0.0021539716955038626,0.08399857558867052
8209,410.45000000000005,0.002327396039750795,0.0839985765044481
8210,410.5,0.0025771827352849925,0.08399857734711672
8211,410.55,0.0029479779826775744,0.0839985781110934
8212,410.6,0.00351809690662737,0.08399857879225281
8213,410.65000000000003,0.004430045154280215,0.0839985793887052
8214,410.70000000000005,0.005948725255394782,0.0839985799011152
8215,410.75,0.008543692006560829,0.08399858033263695
8216,410.8,0.012725448275773193,0.08399858068854782
8217,410.85,0.015823838742634905,0.083998580975723
8218,410.90000000000003,0.01327707719105451,0.08399858120204545
8219,410.95000000000005,0.12069219948285467,0.08399858137583179
8220,411.0,0.029008759452085874,0.08399858150535139
8221,411.05,0.016036508706908825,0.08399858159844932
8222,411.1,0.01477839651495045,0.08399858166228556
8223,411.15000000000003,0.010336757615795632,0.08399858170317911
8224,411.20000000000005,0.007466198693733351,0.08399858172655059
8225,411.25,0.005785909923947108,0.08399858173692402
8226,411.3,0.00478390375642816,0.08399858173798141
8227,411.35,0.004162373969758527,0.0839985817326476
8228,411.40000000000003,0.003761051633878815,0.0839985817231825
8229,411.45000000000005,0.0034923927649339347,0.08399858171128162
8230,411.5,0.0033068559935312773,0.08399858169817516
8231,411.55,0.0031753063433843935,0.08399858168471437
8232,411.6,0.0030799743997478994,0.08399858167144461
8233,411.65000000000003,0.003009661123113004,0.08399858165867038
8234,411.70000000000005,0.0029571021787057035,0.08399858164651237
8235,411.75,0.0029174679945523888,0.08399858163494917
8236,411.8,0.002887482326735083,0.08399858162384446
8237,411.85,0.002864889285070008,0.08399858161298482
8238,411.90000000000003,0.0028481231625332682,0.08399858160208896
8239,411.95000000000005,0.0028361001036897537,0.08399858159082911
8240,412.0,0.0028280854231201324,0.08399858157884257
8241,412.05,0.002823609720483712,0.08399858156573747
8242,412.1,0.00282241810222302,0.0839985815511068
8243,412.15000000000003,0.0028244435935560353,0.08399858153453302
8244,412.20000000000005,0.0028298002721049037,0.08399858151559687
8245,412.25,0.002838794993298821,0.08399858149389201
8246,412.3,0.0028519596430524423,0.08399858146902692
8247,412.35,0.0028701093887936193,0.08399858144064809
8248,412.40000000000003,0.0028944373076469072,0.08399858140844982
8249,412.45000000000005,0.0029266634306302363,0.08399858137219332
8250,412.5,0.002969269053280605,0.08399858133172497
8251,412.55,0.0030258695862509463,0.08399858128699618
8252,412.6,0.003101819908070115,0.08399858123808103
8253,412.65000000000003,0.0032052225228895357,0.08399858118520281
8254,412.70000000000005,0.003348656871596843,0.08399858112873577
8255,412.75,0.003552244775191139,0.08399858106923186
8256,412.8,0.003849279226631452,0.08399858100741299
8257,412.85,0.0042969316266417866,0.08399858094417986
8258,412.90000000000003,0.004997222133305855,0.08399858088059241
8259,412.95000000000005,0.006138245890759407,0.08399858081785551
8260,413.0,0.008067665508466512,0.08399858075728113
8261,413.05,0.011344171200404452,0.08399858070025293
8262,413.1,0.015961929040379963,0.08399858064817312
8263,413.15000000000003,0.012519969015229926,0.0839985806024053
8264,413.20000000000005,0.059314608319443594,0.08399858056422063
8265,413.25,0.09871966322931418,0.08399858053473361
8266,413.3,0.0016679035505031221,0.08399858051484646
8267,413.35,0.015323199008870077,0.08399858050520682
8268,413.40000000000003,0.011028741949651703,0.08399858050616785
8269,413.45000000000005,0.007266973664075821,0.08399858051776828
8270,413.5,0.005009469304058631,0.08399858053972753
8271,413.55,0.0036838493081128424,0.08399858057145795
8272,413.6,0.0028797820777526346,0.08399858061208929
8273,413.65000000000003,0.0023717610558666854,0.08399858066050905
8274,413.70000000000005,0.0020381701544228458,0.08399858071541585
8275,413.75,0.001811575053914111,0.08399858077537556
8276,413.8,0.0016531443685904145,0.08399858083888025
8277,413.85,0.0015396551686596071,0.08399858090441185
8278,413.90000000000003,0.0014567264478513478,0.08399858097048947
8279,413.95000000000005,0.0013951722315258006,0.08399858103572502
8280,414.0,0.0013489648906476292,0.0839985810988538
8281,414.05,0.0013140587700088038,0.08399858115876507
8282,414.1,0.0012876896556004392,0.08399858121451632
8283,414.15000000000003,0.0012679463364707697,0.08399858126533874
8284,414.20000000000005,0.0012535028254819652,0.08399858131063566
8285,414.25,0.0012434485351842954,0.08399858134996929
8286,414.3,0.0012371803014231192,0.08399858138304532
8287,414.35,0.0012343351815903379,0.08399858140968632
8288,414.40000000000003,0.0012347518196811655,0.08399858142981274
8289,414.45000000000005,0.001238453729476859,0.08399858144341424
8290,414.5,0.0012456517123406177,0.08399858145052377
8291,414.55,0.0012567658084783728,0.08399858145119232
8292,414.6,0.001272470459755723,0.08399858144546443
8293,414.65000000000003,0.0012937707500304812,0.08399858143335247
8294,414.70000000000005,0.0013221238087956692,0.08399858141482028
8295,414.75,0.0013596295700226625,0.08399858138975515
8296,414.8,0.0014093324244624653,0.08399858135795166
8297,414.85,0.0014757062802381224,0.08399858131908874
8298,414.90000000000003,0.001565452794480309,0.0839985812727059
8299,414.95000000000005,0.00168885190442674,0.08399858121817994
8300,415.0,0.0018621197216110213,0.08399858115469631
8301,415.05,0.0021116688508681213,0.08399858108121397
8302,415.1,0.002482085665122199,0.08399858099642674
8303,415.15000000000003,0.003051570365620744,0.08399858089871233
8304,415.20000000000005,0.003962398908176285,0.08399858078606866
8305,415.25,0.005479009795773189,0.08399858065604127
8306,415.3,0.008070128575076075,0.08399858050562149
8307,415.35,0.012246132035695306,0.0839985803311282
8308,415.40000000000003,0.015352701654350891,0.08399858012805317
8309,415.45000000000005,0.013593787478377337,0.08399857989086258
8310,415.5,0.12099552150645233,0.08399857961275534
8311,415.55,0.02968430967744459,0.08399857928533393
8312,415.6,0.015561187692520418,0.08399857889820432
8313,415.65000000000003,0.014339148358218175,0.08399857843844684
8314,415.70000000000005,0.00989803639545965,0.08399857788993023
8315,415.75,0.007025221544027291,0.08399857723242847
8316,415.8,0.005343367923399733,0.08399857644045228
8317,415.85,0.004340443750218583,0.08399857548172264
8318,415.90000000000003,0.003718380938823328,0.08399857431514719
8319,415.95000000000005,0.0033167423217987766,0.0839985728881356
8320,416.0,0.0030478907110113827,0.08399857113301365
8321,416.05,0.0028622337621812197,0.08399856896222249
8322,416.1,0.0027306080731175,0.08399856626187586
8323,416.15000000000003,0.0026352279418756217,0.08399856288310352
8324,416.20000000000005,0.0025648847504114434,0.08399855863044639
8325,416.25,0.0025123084161077012,0.08399855324643467
8326,416.3,0.0024726658872119105,0.08399854639135028
8327,416.35,0.002442678839640552,0.08399853761748206
8328,416.40000000000003,0.00242009021242034,0.0839985263381344
8329,416.45000000000005,0.0024033337612456482,0.08399851179456427
8330,416.5,0.0023913255792130023,0.08399849303129528
8331,416.55,0.0023833313506766442,0.08399846890679481
8332,416.6,0.0023788824630376283,0.08399843820303436
8333,416.65000000000003,0.002377725279156616,0.08399839997301811
8334,416.70000000000005,0.0023797946578904224,0.0839983544105091
8335,416.75,0.0023852072689049906,0.08399830476202808
8336,416.8,0.002394273600659581,0.08399826101906356
8337,416.85,0.0024075306464191905,0.08399824558749105
8338,416.90000000000003,0.002425800822039955,0.08399829684061154
8339,416.95000000000005,0.002450287633404149,0.08399844969747504
8340,417.0,0.0024827263702724926,0.08399863012018
8341,417.05,0.0025256210934081346,0.08399837247906408
8342,417.1,0.0025826219366258505,0.08399657647881108
8343,417.15000000000003,0.0026591380694649547,0.08399265657202665
8344,417.20000000000005,0.002763359261897718,0.08398987928268858
8345,417.25,0.00290800959588021,0.0839941027223187
8346,417.3,0.0031134588633939158,0.08400432408104999
8347,417.35,0.0034134409019126984,0.08401343222389004
8348,417.40000000000003,0.0038659403620694903,0.08401824088145461
8349,417.45000000000005,0.004574525836569782,0.08402006226482697
8350,417.5,0.0057302611393316525,0.08402065579998327
8351,417.55,0.007685975136746034,0.08402088516609013
8352,417.6,0.011003621435231505,0.08402102725431058
8353,417.65000000000003,0.015620485554003916,0.08402114411934672
8354,417.70000000000005,0.011531932423093964,0.08402124330021034
8355,417.75,0.06306094283933635,0.08402132451644835
8356,417.8,0.09590286527282803,0.0840213887693191
8357,417.85,0.0025365196750196514,0.08402143847193216
8358,417.90000000000003,0.015035795184684574,0.08402147645338207
8359,417.95000000000005,0.0106801205679262,0.08402150533408395
8360,418.0,0.006961013409811507,0.08402152729043467
8361,418.05,0.004734244299456216,0.08402154403043223
8362,418.1,0.003426027584564841,0.08402155685424198
8363,418.15000000000003,0.0026317203387403606,0.0840215667359553
8364,418.20000000000005,0.0021293545659851216,0.08402157440006212
8365,418.25,0.0017991760501168794,0.08402158038434873
8366,418.3,0.0015747230896720873,0.08402158508856057
8367,418.35,0.001417686977792066,0.08402158881087608
8368,418.40000000000003,0.00130513620959227,0.08402159177480668
8369,418.45000000000005,0.0012228584580640512,0.08402159414885996
8370,418.5,0.001161768916001738,0.08402159606088432
8371,418.55,0.0011159026880562222,0.08402159760853484
8372,418.6,0.0010812542734449624,0.08402159886692788
8373,418.65000000000003,0.0010550859795447262,0.08402159989424178
8374,418.70000000000005,0.0010355047034133736,0.08402160073584995
8375,418.75,0.0010211973028802855,0.08402160142733302
8376,418.8,0.0010112627464593541,0.08402160199668726
8377,418.85,0.0010051054338116906,0.08402160246588061
8378,418.90000000000003,0.0010023689052326202,0.08402160285189879
8379,418.95000000000005,0.001002897914079418,0.08402160316734031
8380,419.0,0.0010067223398605722,0.0840216034205974
8381,419.05,0.001014060263201545,0.08402160361561598
8382,419.1,0.0010253407104023776,0.08402160375124212
8383,419.15000000000003,0.0010412498851401443,0.08402160382011699
8384,419.20000000000005,0.0010628089595776005,0.08402160380715787
8385,419.25,0.001091497842828535,0.08402160368771329
8386,419.3,0.0011294496817041333,0.08402160342560765
8387,419.35,0.0011797586232241565,0.08402160297150227
8388,419.40000000000003,0.0012469751568285337,0.08402160226228965
8389,419.45000000000005,0.0013379221860945363,0.0840216012225431
8390,419.5,0.0014630775305894336,0.084021599769348
8391,419.55,0.0016389910939785843,0.08402159782191568
8392,419.6,0.001892658952923011,0.08402159531701604
8393,419.65000000000003,0.0022697261216683183,0.08402159223014108
8394,419.70000000000005,0.0028503826373094945,0.08402158860037356
8395,419.75,0.0037807279642092877,0.08402158455409665
8396,419.8,0.005332318474721606,0.08402158032012791
8397,419.85,0.00798357643040031,0.084021576227425
8398,419.90000000000003,0.012222865686052544,0.08402157267833568
8399,419.95000000000005,0.014997047002707473,0.08402157009596824
8400,420.0,0.01722154209356421,0.08402156885309127
8401,420.05,0.12281978225255615,0.08402156919875241
8402,420.1,0.02612156680087335,0.08402157120319
8403,420.15000000000003,0.01514824355593495,0.08402157473840913
8404,420.20000000000005,0.013412849542095843,0.08402157950118748
8405,420.25,0.009025652941924192,0.08402158507154629
8406,420.3,0.006218036885198517,0.08402159098901774
8407,420.35,0.004574763460014938,0.08402159682569049
8408,420.40000000000003,0.0035933188164316192,0.08402160223948255
8409,420.45000000000005,0.002983485845193703,0.08402160700009872
8410,420.5,0.002589090453939886,0.08402161098927079
8411,420.55,0.0023247075730789936,0.08402161418279505
8412,420.6,0.0021419150048949103,0.08402161662371126
8413,420.65000000000003,0.0020121904658626584,0.08402161839462101
8414,420.70000000000005,0.0019181131174902607,0.08402161959425226
8415,420.75,0.0018486897682987323,0.08402162032051044
8416,420.8,0.0017967820114860675,0.08402162066006166
8417,420.85,0.0017576399622464337,0.08402162068342481
8418,420.90000000000003,0.0017280395371364026,0.08402162044407119
8419,420.95000000000005,0.0017057602487277755,0.08402161998030121
8420,421.0,0.0016892614573009597,0.08402161931899071
8421,421.05,0.0016774780251628243,0.08402161848089473
8422,421.1,0.001669690237538172,0.08402161748762689
8423,421.15000000000003,0.0016654417442903814,0.08402161637098675
8424,421.20000000000005,0.0016644902073171264,0.08402161518563421
8425,421.25,0.0016667819959290443,0.08402161402628283
8426,421.3,0.0016724466748179838,0.0840216130499234
8427,421.35,0.0016818103755203903,0.08402161250117345
8428,421.40000000000003,0.0016954302679959821,0.08402161273212325
8429,421.45000000000005,0.00171415601569323,0.08402161419283694
8430,421.5,0.001739229249329334,0.08402161733773478
8431,421.55,0.001772440197303246,0.08402162234010449
8432,421.6,0.0018163742313237392,0.08402162843858073
8433,421.65000000000003,0.001874805020548942,0.0840216327165681
8434,421.70000000000005,0.0019533345784534797,0.0840216283311429
8435,421.75,0.0020604625695109105,0.08402160304451864
8436,421.8,0.002209427003566042,0.08402154065630729
8437,421.85,0.0024214796615391614,0.08402142953033725
8438,421.90000000000003,0.002731924405321258,0.08402127962922248
8439,421.95000000000005,0.0032016457146015658,0.08402113753278805
8440,422.0,0.003939735770401147,0.08402107604593503
8441,422.05,0.00514781973141301,0.08402114891829779
8442,422.1,0.00719679895265685,0.08402134609676279
8443,422.15000000000003,0.010657006866325657,0.08402159910508747
8444,422.20000000000005,0.01523512577810189,0.08402183134174457
8445,422.25,0.0086036891785973,0.0840220003470938
8446,422.3,0.07529280332460023,0.08402210251715624
8447,422.35,0.08458160538882332,0.08402215486527777
8448,422.40000000000003,0.00608470340283883,0.08402217740710177
8449,422.45000000000005,0.015039762645377626,0.08402218503636788
8450,422.5,0.010531215208374651,0.08402218650291603
8451,422.55,0.006959133519864846,0.08402218611381203
8452,422.6,0.004834801672856662,0.08402218563220525
8453,422.65000000000003,0.0035843396873845574,0.08402218558735325
8454,422.70000000000005,0.0028224255113728134,0.0840221860026987
8455,422.75,0.002338845189568143,0.08402218674396328
8456,422.8,0.0020200087948355,0.08402218766239843
8457,422.85,0.0018026759594010069,0.08402218864145927
8458,422.90000000000003,0.0016502712475132836,0.08402218960356907
8459,422.95000000000005,0.0015408307930333941,0.08402219050335695
8460,423.0,0.0014607028821644096,0.084022191318317
8461,423.05,0.0014011390600784835,0.08402219204072342
8462,423.1,0.001356382868377251,0.08402219267166372
8463,423.15000000000003,0.001322561915229227,0.08402219321700394
8464,423.20000000000005,0.001297025974889666,0.08402219368483214
8465,423.25,0.0012779410736561958,0.08402219408390307
8466,423.3,0.0012640352671498263,0.08402219442277317
8467,423.35,0.0012544372513668615,0.08402219470933758
8468,423.40000000000003,0.0012485738433088685,0.0840221949506406
8469,423.45000000000005,0.0012461064989643062,0.08402219515282225
8470,423.5,0.0012468954170981325,0.08402219532115258
8471,423.55,0.001250985080924543,0.0840221954601067
8472,423.6,0.0012586088354209028,0.08402219557345511
8473,423.65000000000003,0.001270213256070044,0.08402219566436944
8474,423.70000000000005,0.001286506406374786,0.08402219573551016
8475,423.75,0.001308538439417082,0.08402219578913407
8476,423.8,0.0013378295556268913,0.08402219582717972
8477,423.85,0.0013765710643423214,0.08402219585136624
8478,423.90000000000003,0.00142794381767991,0.08402219586330044
8479,423.95000000000005,0.0014966314967172272,0.08402219586458044
8480,424.0,0.001589667847249199,0.08402219585693678
8481,424.05,0.0017178751316060917,0.08402219584237952
8482,424.1,0.001898385274292109,0.0840221958233878
8483,424.15000000000003,0.0021592140703635644,0.08402219580312695
8484,424.20000000000005,0.0025478617239967573,0.08402219578572079
8485,424.25,0.0031480153638221357,0.08402219577652707
8486,424.3,0.00411250941170746,0.08402219578244362
8487,424.35,0.005725418179330388,0.08402219581215478
8488,424.40000000000003,0.008481688166806486,0.08402219587621451
8489,424.45000000000005,0.01282428995011333,0.08402219598679066
8490,424.5,0.014938385289132385,0.08402219615671896
8491,424.55,0.023248260441505908,0.08402219639737382
8492,424.6,0.12359833276074768,0.08402219671459378
8493,424.65000000000003,0.020143037544431596,0.08402219710162499
8494,424.70000000000005,0.014880093316721398,0.08402219752791727
8495,424.75,0.012404265484059204,0.08402219792267439
8496,424.8,0.008113502039001234,0.08402219815309482
8497,424.85,0.005411867868357031,0.08402219799957189
8498,424.90000000000003,0.003830982238267737,0.08402219713482252
8499,424.95000000000005,0.0028843327308642713,0.08402219512100803
8500,425.0,0.0022943660650054727,0.08402219144692163
8501,425.05,0.0019117672543167371,0.0840221856308763
8502,425.1,0.0016546777318591,0.08402217740434598
8503,425.15000000000003,0.0014765672716700368,0.08402216695589297
8504,425.20000000000005,0.0013499530928744508,0.08402215515452932
8505,425.25,0.001258007407609599,0.08402214361380045
8506,425.3,0.0011900878985141694,0.08402213445974699
8507,425.35,0.0011392709532088473,0.0840221297785817
8508,425.40000000000003,0.0011009424661821783,0.08402213091823744
8509,425.45000000000005,0.0010719668934375554,0.08402213797032534
8510,425.5,0.001050183345127299,0.0840221497159257
8511,425.55,0.001034092730168343,0.0840221640712678
8512,425.6,0.001022660126771944,0.08402217879324003
8513,425.65000000000003,0.0010151890201046945,0.08402219210370912
8514,425.70000000000005,0.0010112421791976074,0.0840222030081219
8515,425.75,0.0010105944728251658,0.08402221128913162
8516,425.8,0.001013209371281941,0.08402221729896123
8517,425.85,0.001019235186139205,0.0840222217005401
8518,425.90000000000003,0.0010290204268956944,0.08402222525580308
8519,425.95000000000005,0.0010431508293837993,0.08402222869159308
8520,426.0,0.0010625144126698337,0.08402223262609422
8521,426.05,0.0010884063380823962,0.08402223751794659
8522,426.1,0.0011226939356989223,0.08402224359863276
8523,426.15000000000003,0.0011680767858950006,0.08402225075987915
8524,426.20000000000005,0.0012285023711919136,0.08402225839091318
8525,426.25,0.0013098446683613037,0.08402226519127193
8526,426.3,0.0014210416157788431,0.08402226899477734
8527,426.35,0.0015760604235011122,0.08402226656031163
8528,426.40000000000003,0.0017974088416081273,0.0840222530972351
8529,426.45000000000005,0.002122635099911038,0.08402222139210888
8530,426.5,0.002616784398686557,0.08402216198935542
8531,426.55,0.003396893390445353,0.0840220694584576
8532,426.6,0.004679733630742781,0.08402195925599769
8533,426.65000000000003,0.006861389614032511,0.08402188193081746
8534,426.70000000000005,0.010515855476547762,0.08402189947021856
8535,426.75,0.014943008742617878,0.08402202410314709
8536,426.8,0.004038248461163694,0.08402219549623743
8537,426.85,0.09119528175970222,0.08402233612426084
8538,426.90000000000003,0.06835371126616475,0.08402241105702722
8539,426.95000000000005,0.010261958116871802,0.08402243044644396
8540,427.0,0.015390798045157502,0.08402242005589759
8541,427.05,0.010787292921422088,0.08402240009163492
8542,427.1,0.007409685714295723,0.0840223801930046
8543,427.15000000000003,0.005414779960942554,0.08402236173803565
8544,427.20000000000005,0.004236996979826461,0.08402234046565484
8545,427.25,0.003515955815391171,0.08402230763158466
8546,427.3,0.0030561712677789022,0.0840222512772513
8547,427.35,0.00275175612970847,0.08402216111460324
8548,427.40000000000003,0.002543505467154225,0.08402203984662514
8549,427.45000000000005,0.0023970233282932583,0.08402191649673328
8550,427.5,0.0022915672799531,0.084021845273222
8551,427.55,0.00221419576622714,0.0840218756955865
8552,427.6,0.0021565877124822028,0.08402201181563103
8553,427.65000000000003,0.0021132521567620104,0.08402220412102042
8554,427.70000000000005,0.0020804865334326794,0.08402238590673791
8555,427.75,0.0020557522633897207,0.0840225148456982
8556,427.8,0.0020372907454328814,0.08402258435192686
8557,427.85,0.0020238823230363935,0.08402260955439388
8558,427.90000000000003,0.0020146930782507784,0.08402260992542977
8559,427.95000000000005,0.002009177556429048,0.08402260015255035
8560,428.0,0.002007018781856637,0.08402258853759974
8561,428.05,0.0020080948289071918,0.08402257864938391
8562,428.1,0.0020124662576448938,0.08402257135821822
8563,428.15000000000003,0.0020203823344092948,0.08402256624498022
8564,428.20000000000005,0.002032307062842332,0.0840225623403388
8565,428.25,0.00204896940446171,0.08402255842824267
8566,428.3,0.0020714465088615794,0.08402255314968012
8567,428.35,0.002101295515340284,0.08402254508823798
8568,428.40000000000003,0.002140760580426155,0.084022532969593
8569,428.45000000000005,0.002193100982338472,0.08402251604819043
8570,428.5,0.0022631206587162547,0.08402249464814664
8571,428.55,0.0023580436914716956,0.08402247066161904
8572,428.6,0.0024890035578443628,0.0840224476551626
8573,428.65000000000003,0.0026736588738993116,0.08402243025018856
8574,428.70000000000005,0.0029409500654855193,0.08402242276014728
8575,428.75,0.003340063265390519,0.08402242758591863
8576,428.8,0.003957869838297846,0.0840224442018344
8577,428.85,0.004953338327268392,0.08402246933374292
8578,428.90000000000003,0.0066218639671300475,0.08402249822649796
8579,428.95000000000005,0.009472433641577441,0.08402252627525815
8580,429.0,0.013896974459898206,0.08402255022518614
8581,429.05,0.015308948561284407,0.08402256857069446
8582,429.1,0.028538217195544016,0.08402258128289072
8583,429.15000000000003,0.12188054340230113,0.0840225892320369
8584,429.20000000000005,0.014946675670482043,0.08402259362903465
8585,429.25,0.015107895382103949,0.08402259564517173
8586,429.3,0.012107274352343616,0.0840225962263521
8587,429.35,0.007907748438449432,0.0840225960479899
8588,429.40000000000003,0.005295532131566639,0.08402259554572425
8589,429.45000000000005,0.0037667788282043056,0.08402259497349339
8590,429.5,0.002849207474085863,0.08402259446168311
8591,429.55,0.00227587537826543,0.08402259406395371
8592,429.6,0.0019031747964757043,0.08402259379051852
8593,429.65000000000003,0.0016522155504434706,0.08402259362977406
8594,429.70000000000005,0.0014780451756207598,0.08402259356126661
8595,429.75,0.0013540497037809417,0.08402259356286287
8596,429.8,0.0012638980413632102,0.08402259361427669
8597,429.85,0.0011972422272282944,0.08402259369849412
8598,429.90000000000003,0.001147339038891774,0.08402259380203737
8599,429.95000000000005,0.001109688423506795,0.0840225939146875
8600,430.0,0.0010812291190371046,0.08402259402896854
8601,430.05,0.0010598500613102284,0.08402259413960672
8602,430.1,0.0010440866436090795,0.08402259424301674
8603,430.15000000000003,0.001032928692600026,0.08402259433687023
8604,430.20000000000005,0.0010256982826024653,0.08402259441974512
8605,430.25,0.0010219730058122732,0.08402259449085268
8606,430.3,0.001021540503809592,0.08402259454982162
8607,430.35,0.0010243763318439315,0.08402259459654707
8608,430.40000000000003,0.0010306414430711556,0.08402259463106522
8609,430.45000000000005,0.001040698877266896,0.08402259465347177
8610,430.5,0.0010551524350145415,0.08402259466385235
8611,430.55,0.0010749139974224188,0.0840225946622408
8612,430.6,0.001101311728577364,0.08402259464857438
8613,430.65000000000003,0.0011362602910718316,0.08402259462266957
8614,430.70000000000005,0.0011825292875578591,0.0840225945841955
8615,430.75,0.0012441728264925413,0.08402259453264997
8616,430.8,0.0013272320124506239,0.08402259446733709
8617,430.85,0.001440914809081149,0.08402259438734273
8618,430.90000000000003,0.0015996391481664022,0.08402259429151078
8619,430.95000000000005,0.0018266920399122389,0.08402259417840369
8620,431.0,0.0021610201155323927,0.08402259404627768
8621,431.05,0.002670272439161616,0.0840225938930326
8622,431.1,0.0034764760431919514,0.0840225937161642
8623,431.15000000000003,0.004805915458897458,0.0840225935127097
8624,431.20000000000005,0.007070150087780138,0.08402259327917694
8625,431.25,0.010841042082477378,0.08402259301147323
8626,431.3,0.015119968260388677,0.08402259270481076
8627,431.35,0.0011990024935412758,0.08402259235360694
8628,431.40000000000003,0.09958980948419713,0.08402259195138069
8629,431.45000000000005,0.05875777049636731,0.08402259149061936
8630,431.5,0.012460793176366974,0.08402259096265659
8631,431.55,0.015765950263292423,0.08402259035753205
8632,431.6,0.011149165112755145,0.08402258966385877
8633,431.65000000000003,0.007881989188486864,0.08402258886869854
8634,431.70000000000005,0.005958451411418696,0.08402258795746351
8635,431.75,0.0048207105192252285,0.0840225869138484
8636,431.8,0.004122271764653706,0.08402258571981062
8637,431.85,0.0036757031939362657,0.0840225843555937
8638,431.90000000000003,0.0033793294971643548,0.08402258279974721
8639,431.95000000000005,0.0031761602858995314,0.08402258102901079
8640,432.0,0.003033000746282966,0.08402257901775734
8641,432.05,0.002929784358707388,0.0840225767363326
8642,432.1,0.0028539640129555018,0.08402257414693327
8643,432.15000000000003,0.0027974567812387757,0.08402257119457048
8644,432.20000000000005,0.002754920035934608,0.0840225677886145
8645,432.25,0.00272274627997498,0.08402256376750944
8646,432.3,0.0026984594960734404,0.08402255883524463
8647,432.35,0.0026803432986453567,0.08402255245437351
8648,432.40000000000003,0.002667207234638473,0.08402254368056139
8649,432.45000000000005,0.002658238127536137,0.0840225309370718
8650,432.5,0.00265290570897418,0.08402251177113725
8651,432.55,0.0026509045554566923,0.08402248273005135
8652,432.6,0.0026521219874460593,0.08402243964975518
8653,432.65000000000003,0.0026566264859864143,0.08402237880053837
8654,432.70000000000005,0.00266467471460113,0.08402229927669766
8655,432.75,0.0026767383020917753,0.08402220640824477
8656,432.8,0.00269355488952377,0.08402211465667554
8657,432.85,0.0027162124103133787,0.08402204714047014
8658,432.90000000000003,0.002746282379163911,0.08402202943817363
8659,432.95000000000005,0.002786029189511502,0.08402207894683843
8660,433.0,0.002838741867140429,0.084022195741252
8661,433.05,0.0029092697165345387,0.08402236149658274
8662,433.1,0.0030049084049003656,0.08402254752594379
8663,433.15000000000003,0.0031369082562607868,0.08402272632078499
8664,433.20000000000005,0.0033231254341162925,0.08402287963806382
8665,433.25,0.0035928469080264668,0.08402300029956515
8666,433.3,0.003995890108382357,0.0840230894306086
8667,433.35,0.0046203166157832085,0.08402315236998713
8668,433.40000000000003,0.0056273775130482985,0.08402319543481584
8669,433.45000000000005,0.0073166210090319025,0.0840232241548025
8670,433.5,0.01020174844723992,0.08402324266874822
8671,433.55,0.014651817599518892,0.08402325375626951
8672,433.6,0.0157665921569832,0.08402325910249084
8673,433.65000000000003,0.0302552169741953,0.08402325958004739
8674,433.70000000000005,0.12040167678114802,0.0840232554684321
8675,433.75,0.012789789622683992,0.08402324660657479
8676,433.8,0.015559464572078213,0.08402323251820837
8677,433.85,0.012396688968024861,0.08402321259595881
8678,433.90000000000003,0.008233590572991943,0.0840231865218788
8679,433.95000000000005,0.0056539447631855574,0.08402315530146845
8680,434.0,0.0041439374180068465,0.08402312367357435
8681,434.05,0.0032367801591329814,0.08402310517583246
8682,434.1,0.002669393660162308,0.0840231307642111
8683,434.15000000000003,0.002300224903192323,0.08402325523830058
8684,434.20000000000005,0.002051448471788666,0.08402352456330758
8685,434.25,0.0018786769952259374,0.08402378572839637
8686,434.3,0.0017556074108319474,0.08402323656784537
8687,434.35,0.0016660862097707307,0.0840206053850631
8688,434.40000000000003,0.0015998705282801243,0.08401740708221284
8689,434.45000000000005,0.0015502813939915225,0.0840194681870672
8690,434.5,0.0015128591977334035,0.08402686119818192
8691,434.55,0.0014845688080870995,0.08403287112150153
8692,434.6,0.0014633164363911776,0.08403527352274288
8693,434.65000000000003,0.0014476491257679757,0.0840357933115106
8694,434.70000000000005,0.0014365646875962312,0.08403582003050254
8695,434.75,0.0014293907325993612,0.08403580945332814
8696,434.8,0.0014257087093675635,0.08403583175377213
8697,434.85,0.0014253089253798035,0.08403587312319828
8698,434.90000000000003,0.0014281687210106777,0.0840359174784718
8699,434.95000000000005,0.0014344501412138582,0.08403595713182278
8700,435.0,0.001444516721053468,0.08403598987237289
8701,435.05,0.001458972179738946,0.08403601590378755
8702,435.1,0.00147872768165981,0.08403603621965781
8703,435.15000000000003,0.0015051098833330791,0.08403605192475662
8704,435.20000000000005,0.0015400308548828964,0.08403606400727458
8705,435.25,0.0015862560088882839,0.08403607329101538
8706,435.3,0.0016478327860970168,0.08403608044525844
8707,435.35,0.001730791620743036,0.08403608600511807
8708,435.40000000000003,0.001844323104681868,0.08403609038891571
8709,435.45000000000005,0.0020028161914555694,0.08403609391230074
8710,435.5,0.0022295081371160002,0.08403609680220044
8711,435.55,0.0025632574747207785,0.08403609921272927
8712,435.6,0.0030715528563170042,0.08403610124295421
8713,435.65000000000003,0.003876125663853234,0.08403610295470759
8714,435.70000000000005,0.005202741230338348,0.08403610438817308
8715,435.75,0.007462328506303852,0.08403610557355756
8716,435.8,0.011228480794088497,0.0840361065383278
8717,435.85,0.015529187245192784,0.08403610731050998
8718,435.90000000000003,0.001844262203692827,0.08403610791919888
8719,435.95000000000005,0.09870530457077271,0.0840361083935143
8720,436.0,0.05899795106824087,0.08403610876107777
8721,436.05,0.01276949070460114,0.08403610904666009
8722,436.1,0.016171561142260923,0.08403610927131779
8723,436.15000000000003,0.011547548330646277,0.08403610945208126
8724,436.20000000000005,0.008270633059484743,0.08403610960208689
8725,436.25,0.006341544708791567,0.08403610973100219
8726,436.3,0.005200830529470925,0.08403610984560783
8727,436.35,0.004500753324862762,0.08403610995040849
8728,436.40000000000003,0.004053240126796199,0.0840361100482026
8729,436.45000000000005,0.0037562963435477685,0.08403611014057402
8730,436.5,0.003552768220158507,0.08403611022828088
8731,436.55,0.003409373848481465,0.08403611031155936
8732,436.6,0.0033059982518189347,0.08403611039033745
8733,436.65000000000003,0.0032300662382059348,0.0840361104643857
8734,436.70000000000005,0.003173477970936677,0.0840361105334142
8735,436.75,0.003130880261087451,0.0840361105971303
8736,436.8,0.003098658767773689,0.08403611065527332
8737,436.85,0.00307433285860478,0.08403611070762164
8738,436.90000000000003,0.0030561828860168885,0.08403611075399531
8739,436.95000000000005,0.0030430159505877674,0.08403611079424766
8740,437.0,0.003034016896536726,0.08403611082825514
8741,437.05,0.003028653699002298,0.08403611085589964
8742,437.1,0.0030266192088738595,0.08403611087705576
8743,437.15000000000003,0.0030277988769256223,0.08403611089157188
8744,437.20000000000005,0.003032258983251771,0.08403611089925667
8745,437.25,0.0030402534293701034,0.08403611089985792
8746,437.3,0.003052250209950388,0.08403611089304884
8747,437.35,0.003068982010848828,0.08403611087840271
8748,437.40000000000003,0.003091529812570889,0.08403611085537487
8749,437.45000000000005,0.0031214551256174643,0.08403611082327295
8750,437.5,0.003161007600006242,0.08403611078123076
8751,437.55,0.0032134539991685316,0.08403611072816664
8752,437.6,0.003283609136631331,0.08403611066274227
8753,437.65000000000003,0.0033787137357579535,0.08403611058330414
8754,437.70000000000005,0.003509927890974985,0.08403611048781598
8755,437.75,0.003694954570797584,0.0840361103737713
8756,437.8,0.003962811115716994,0.08403611023808041
8757,437.85,0.004362822347608931,0.08403611007693439
8758,437.90000000000003,0.004982118440498097,0.08403610988561955
8759,437.95000000000005,0.005980158371163012,0.08403610965828441
8760,438.0,0.007653213400275211,0.08403610938763882
8761,438.05,0.01051119814820177,0.08403610906455485
8762,438.1,0.01494078644835821,0.08403610867754334
8763,438.15000000000003,0.016287219329448464,0.08403610821206221
8764,438.20000000000005,0.028028591888079303,0.08403610764958179
8765,438.25,0.12067847483970351,0.08403610696633515
8766,438.3,0.013596870393855875,0.08403610613160811
8767,438.35,0.016083915409447352,0.08403610510539458
8768,438.40000000000003,0.013049019186047965,0.08403610383513618
8769,438.45000000000005,0.008857803076373995,0.08403610225116509
8770,438.5,0.0062527050659361184,0.08403610026022652
8771,438.55,0.0047279647047689735,0.08403609773620194
8772,438.6,0.0038125776571938464,0.0840360945066297
8773,438.65000000000003,0.00324046330992914,0.08403609033289
8774,438.70000000000005,0.002868464842128861,0.08403608488065566
8775,438.75,0.002617922810062215,0.08403607767520628
8776,438.8,0.0024440057178693113,0.0840360680328498
8777,438.85,0.002320165246844655,0.0840360549540786
8778,438.90000000000003,0.0022301071564279217,0.08403603695454702
8779,438.95000000000005,0.0021635047648481632,0.0840360117938253
8780,439.0,0.0021136273629955185,0.08403597603445104
8781,439.05,0.0020759822633766027,0.0840359243187527
8782,439.1,0.0020475123944351916,0.0840358481820003
8783,439.15000000000003,0.0020261087974864263,0.0840357341379781
8784,439.20000000000005,0.00201030747846246,0.08403556077314095
8785,439.25,0.0019990976762142496,0.08403529513405988
8786,439.3,0.001991799769082705,0.08403489173451995
8787,439.35,0.0019879884812360926,0.08403431068437925
8788,439.40000000000003,0.0019874472015947026,0.0840336228664275
8789,439.45000000000005,0.001990145464388586,0.08403344537432168
8790,439.5,0.001996235823503296,0.08403631530163987
8791,439.55,0.002006069606221754,0.08404809339893721
8792,439.6,0.002020234160823471,0.08405890037864269
8793,439.65000000000003,0.0020396179805071426,0.08398860922439277
8794,439.70000000000005,0.002065515472948504,0.08402140738523797
8795,439.75,0.002099791701755174,0.0842883539316452
8796,439.8,0.0021451418972789006,0.08437193552960515
8797,439.85,0.0022055060749152106,0.08437376172736051
8798,439.90000000000003,0.0022867457928041524,0.08437229140900857
8799,439.95000000000005,0.0023977783333421574,0.08437303849147582
8800,440.0,0.002552535997312912,0.08437416015127983
8801,440.05,0.0027734660573687023,0.08437502879365806
8802,440.1,0.003098008861477071,0.08437560724427291
8803,440.15000000000003,0.0035910115918711735,0.08437597670614068
8804,440.20000000000005,0.004369141437930215,0.08437621181974565
8805,440.25,0.005648502840207712,0.0843763631682785
8806,440.3,0.007824263380517034,0.08437646231989882
8807,440.35,0.011471755783775944,0.0843765285604041
8808,440.40000000000003,0.01591878020013899,0.08437657369630949
8809,440.45000000000005,0.00527545371096741,0.08437660504309637
8810,440.5,0.08951657320391004,0.08437662720821501
8811,440.55,0.06825178383173125,0.08437664314602437
8812,440.6,0.01105798360763711,0.08437665478564722
8813,440.65000000000003,0.016341184859401163,0.08437666340930501
8814,440.70000000000005,0.01173239528400672,0.08437666988386053
8815,440.75,0.008342495730572962,0.0843766748048738
8816,440.8,0.006340308092219042,0.08437667858775826
8817,440.85,0.00515857544919382,0.08437668152641725
8818,440.90000000000003,0.004435343614571133,0.08437668383157017
8819,440.95000000000005,0.003974289989197303,0.08437668565618915
8820,441.0,0.003669105533332747,0.0843766871126259
8821,441.05,0.0034603682248886044,0.08437668828430353
8822,441.1,0.003313565915417376,0.08437668923380054
8823,441.15000000000003,0.003207891285832176,0.08437669000851163
8824,441.20000000000005,0.0031303650179056197,0.08437669064465794
8825,441.25,0.003072643167164491,0.08437669117015587
8826,441.3,0.003029220361589356,0.08437669160669262
8827,441.35,0.002996384566188501,0.08437669197124387
8828,441.40000000000003,0.0029715906699994328,0.08437669227719223
8829,441.45000000000005,0.002953075287127794,0.08437669253516013
8830,441.5,0.0029396149782495284,0.08437669275362937
8831,441.55,0.0029303725429924107,0.08437669293941463
8832,441.6,0.002924799369943017,0.08437669309802495
8833,441.65000000000003,0.002922575129549719,0.08437669323393303
8834,441.70000000000005,0.002923574018616869,0.08437669335079347
8835,441.75,0.002927851813212664,0.08437669345160406
8836,441.8,0.002935651589730367,0.08437669353883694
8837,441.85,0.002947429055875151,0.0843766936145389
8838,441.90000000000003,0.0029639017434152765,0.08437669368040969
8839,441.95000000000005,0.0029861306779214924,0.0843766937378709
8840,442.0,0.003015649744793013,0.08437669378811229
8841,442.05,0.003054668815639118,0.0843766938321343
8842,442.1,0.003106395438460386,0.08437669387078171
8843,442.15000000000003,0.003175553533985228,0.0843766939047671
8844,442.20000000000005,0.003269240006867841,0.08437669393469817
8845,442.25,0.0033983800831607386,0.08437669396108986
8846,442.3,0.003580280049169715,0.08437669398438163
8847,442.35,0.0038432628805691684,0.08437669400495043
8848,442.40000000000003,0.0042353926277343456,0.08437669402311741
8849,442.45000000000005,0.004841433480241346,0.08437669403915929
8850,442.5,0.005816337453809751,0.08437669405331173
8851,442.55,0.007448267685492476,0.0843766940657792
8852,442.6,0.010238281206658706,0.08437669407673505
8853,442.65000000000003,0.014619450964771179,0.0843766940863288
8854,442.70000000000005,0.016554573408619058,0.0843766940946891
8855,442.75,0.02340678641064159,0.0843766941019249
8856,442.8,0.12206830612135142,0.08437669410812694
8857,442.85,0.016937232963710358,0.0843766941133729
8858,442.90000000000003,0.0164299784172867,0.08437669411772783
8859,442.95000000000005,0.013743678513077942,0.08437669412124309
8860,443.0,0.009471213812166207,0.08437669412395911
8861,443.05,0.0067951384490754895,0.08437669412590647
8862,443.1,0.005229912684349088,0.0843766941271066
8863,443.15000000000003,0.004292157855963792,0.08437669412757054
8864,443.20000000000005,0.003707316995142195,0.08437669412730135
8865,443.25,0.0033277724150317816,0.08437669412629156
8866,443.3,0.00307256813803117,0.08437669412452552
8867,443.35,0.002895659344565651,0.08437669412197876
8868,443.40000000000003,0.0027698322465249657,0.08437669411861579
8869,443.45000000000005,0.002678413218577945,0.08437669411439
8870,443.5,0.0026108511753070904,0.08437669410924534
8871,443.55,0.002560278040589338,0.08437669410311043
8872,443.6,0.0025221142903648327,0.08437669409590266
8873,443.65000000000003,0.0024932462288869283,0.0843766940875223
8874,443.70000000000005,0.0024715267878963124,0.08437669407785191
8875,443.75,0.0024554654156806106,0.084376694066754
8876,443.8,0.0024440320536335165,0.08437669405406849
8877,443.85,0.0024365322861218857,0.08437669403960844
8878,443.90000000000003,0.0024325286749092303,0.08437669402315515
8879,443.95000000000005,0.00243179369839822,0.08437669400445555
8880,444.0,0.002434286086790322,0.08437669398321328
8881,444.05,0.002440146589766161,0.08437669395908233
8882,444.1,0.0024497124795612945,0.0843766939316596
8883,444.15000000000003,0.002463553189705109,0.08437669390047198
8884,444.20000000000005,0.00248253317194117,0.08437669386496459
8885,444.25,0.0025079132722420306,0.08437669382448468
8886,444.3,0.0025415101717179583,0.08437669377826158
8887,444.35,0.00258594733258381,0.08437669372538457
8888,444.40000000000003,0.0026450553428972057,0.08437669366477127
8889,444.45000000000005,0.0027245241433669323,0.08437669359513404
8890,444.5,0.002832993672009643,0.08437669351493456
8891,444.55,0.00298393321415927,0.08437669342232386
8892,444.6,0.003198989240649743,0.08437669331507994
8893,444.65000000000003,0.003514163678506403,0.08437669319051228
8894,444.70000000000005,0.003991619009687428,0.08437669304535357
8895,444.75,0.004742847025322412,0.08437669287561629
8896,444.8,0.005973928591782289,0.08437669267641204
8897,444.85,0.008062732366057496,0.08437669244171399
8898,444.90000000000003,0.011577975083221679,0.08437669216405573
8899,444.95000000000005,0.016093905643922466,0.08437669183413073
8900,445.0,0.00812309390346544,0.08437669144027345
8901,445.05,0.0794404096411894,0.08437669096776793
8902,445.1,0.07818850917916591,0.08437669039792407
8903,445.15000000000003,0.00846401467828737,0.08437668970684309
8904,445.20000000000005,0.016120706272970645,0.08437668886373297
8905,445.25,0.011595121906810231,0.08437668782861225
8906,445.3,0.008094916704636296,0.08437668654913534
8907,445.35,0.0060162633157143115,0.08437668495616088
8908,445.40000000000003,0.0047908875738152485,0.08437668295751222
8909,445.45000000000005,0.004042861299423707,0.08437668042908511
8910,445.5,0.0035672626193481148,0.08437667720203056
8911,445.55,0.0032532073031546283,0.08437667304407544
8912,445.6,0.00303885122596083,0.08437666763194117
8913,445.65000000000003,0.002888364275123457,0.08437666051013124
8914,445.70000000000005,0.0027801961337017038,0.08437665102855899
8915,445.75,0.0027009332971943373,0.08437663824698448
8916,445.8,0.0026419692780977415,0.08437662078694064
8917,445.85,0.0025976347944650035,0.08437659660014325
8918,445.90000000000003,0.002564112341479517,0.0843765626043726
8919,445.95000000000005,0.002538786909180986,0.08437651411253967
8920,446.0,0.002519847347363153,0.0843764439545076
8921,446.05,0.0025060364352255697,0.08437634120077056
8922,446.1,0.002496492052324902,0.08437618959141614
8923,446.15000000000003,0.002490646170140592,0.08437596669313713
8924,446.20000000000005,0.0024881622068942074,0.08437564831450436
8925,446.25,0.002488899492806013,0.08437523488321114
8926,446.3,0.0024928987863973764,0.0843748547141477
8927,446.35,0.0025003864470876003,0.08437509197004892
8928,446.40000000000003,0.0025117979509536505,0.08437769231306935
8929,446.45000000000005,0.002527824684577734,0.08438490280147759
8930,446.5,0.002549492171471824,0.08438572983290302
8931,446.55,0.0025782842146050804,0.08434159417506339
8932,446.6,0.002616337775693314,0.08435269592309795
8933,446.65000000000003,0.0026667512082878676,0.08450431567746801
8934,446.70000000000005,0.0027340803107862473,0.08457936972309348
8935,446.75,0.002825155640207824,0.08458887970380814
8936,446.8,0.002950467413352843,0.08458849050612424
8937,446.85,0.003126587672346979,0.08458876107379681
8938,446.90000000000003,0.0033805555032257683,0.08458948939140168
8939,446.95000000000005,0.0037581063329953585,0.08459015915105225
8940,447.0,0.004339636135129603,0.08459064815118747
8941,447.05,0.005271755722135593,0.08459097886774354
8942,447.1,0.006827416352449737,0.08459119752386718
8943,447.15000000000003,0.009489223312386235,0.0845913420743688
8944,447.20000000000005,0.013758749261133846,0.08459143858350901
8945,447.25,0.016614210632536534,0.08459150393628517
8946,447.3,0.015623317714114291,0.0845915488874501
8947,447.35,0.12210986551757524,0.08459158029216501
8948,447.40000000000003,0.02441510896886272,0.08459160255907888
8949,447.45000000000005,0.016794277321683124,0.08459161855955377
8950,447.5,0.014953401722138989,0.08459163019026722
8951,447.55,0.01053460075381176,0.08459163872200003
8952,447.6,0.007717913096771565,0.08459164501766636
8953,447.65000000000003,0.006071859625028558,0.08459164967015577
8954,447.70000000000005,0.005089541397404557,0.08459165309053644
8955,447.75,0.0044794659004360185,0.08459165556515287
8956,447.8,0.004085051113962609,0.08459165729293587
8957,447.85,0.003820730656424986,0.08459165840990637
8958,447.90000000000003,0.0036380305719221303,0.08459165900518242
8959,447.95000000000005,0.0035084091562582412,0.08459165913121311
8960,448.0,0.003414438485157806,0.08459165880990095
8961,448.05,0.0033451231666813256,0.08459165803562424
8962,448.1,0.0032933245709888246,0.08459165677574029
8963,448.15000000000003,0.0032542934012501374,0.08459165496884051
8964,448.20000000000005,0.0032248065075510804,0.08459165252087528
8965,448.25,0.003202644510943132,0.08459164929913873
8966,448.3,0.0031862680156344203,0.08459164512433061
8967,448.35,0.003174613288671963,0.08459163976135944
8968,448.40000000000003,0.0031669622465995977,0.08459163291094217
8969,448.45000000000005,0.0031628604986975294,0.08459162420713894
8970,448.5,0.0031620681386771887,0.08459161323257637
8971,448.55,0.0031645346440684207,0.08459159957690023
8972,448.6,0.0031703936568342117,0.08459158299138356
8973,448.65000000000003,0.0031799767826769104,0.08459156374411432
8974,448.70000000000005,0.0031938487006876346,0.08459154336639374
8975,448.75,0.0032128695892263215,0.08459152608709367
8976,448.8,0.0032382961076453947,0.08459152123060576
8977,448.85,0.003271940420528676,0.084591546068391
8978,448.90000000000003,0.003316420633307452,0.0845916250200034
8979,448.95000000000005,0.003375560429656228,0.08459177010862542
8980,449.0,0.003455040224910622,0.0845919070944893
8981,449.05,0.003563486074813226,0.08459172135897093
8982,449.1,0.0037143460866825204,0.0845906103714228
8983,449.15000000000003,0.003929233116837833,0.08458841245621719
8984,449.20000000000005,0.004244093899055245,0.08458686195329847
8985,449.25,0.004720998192500432,0.08458852975063583
8986,449.3,0.005471283279336177,0.08459281724567827
8987,449.35,0.006700801990675815,0.08459664887304007
8988,449.40000000000003,0.008787312958108612,0.08459862270458933
8989,449.45000000000005,0.012301331466952298,0.08459933055985597
8990,449.5,0.016834104570893113,0.08459977175739096
8991,449.55,0.00900450162176166,0.08460098534951069
8992,449.6,0.07835596099585813,0.08460428140409704
8993,449.65000000000003,0.07798699198005574,0.08460688639802183
8994,449.70000000000005,0.009109450897200153,0.08459002799067537
8995,449.75,0.016847956801850597,0.08458323430976777
8996,449.8,0.012312401920755483,0.08462213532421181
8997,449.85,0.0088026976666956,0.08463356615393026
8998,449.90000000000003,0.0067191166421660415,0.0846315956289923
8999,449.95000000000005,0.005491302798277862,0.08463019528010234
9000,450.0,0.004742058904608203,0.0846298518130773
9001,450.05,0.004265857213423699,0.08462985319712835
9002,450.1,0.003951523875936347,0.08462992121550321
9003,450.15000000000003,0.0037370692398387864,0.08462998476625642
9004,450.20000000000005,0.003586585061292403,0.08463003254755014
9005,450.25,0.0034784756192671904,0.08463006675179557
9006,450.3,0.0033992983304315188,0.08463009121532349
9007,450.35,0.003340425727517703,0.08463010898563801
9008,450.40000000000003,0.0032961712117521125,0.08463012214205887
9009,450.45000000000005,0.0032627009862611234,0.08463013202893452
9010,450.5,0.003237382974702277,0.08463013948430147
9011,450.55,0.003218386725498451,0.08463014500067881
9012,450.6,0.003204432061216258,0.08463014883167509
9013,450.65000000000003,0.003194628651599436,0.0846301510687896
9014,450.70000000000005,0.003188373023263901,0.08463015170971622
9015,450.75,0.0031852833048975327,0.08463015073345312
9016,450.8,0.003185160123834631,0.08463014818827735
9017,450.85,0.003187967109306375,0.0846301442845599
9018,450.90000000000003,0.0031938278663902133,0.08463013946686761
9019,450.95000000000005,0.0032030389432540847,0.0846301344266825
9020,451.0,0.0032161008550370663,0.08463013002126549
9021,451.05,0.0032337722430957976,0.08463012709525648
9022,451.1,0.0032571564824558463,0.08463012625238597
9023,451.15000000000003,0.00328783665436378,0.08463012766636775
9024,451.20000000000005,0.003328085767560356,0.08463013101811011
9025,451.25,0.003381198106533979,0.08463013559186154
9026,451.3,0.003452021617875814,0.08463014048633154
9027,451.35,0.003547834160675756,0.0846301448479196
9028,451.40000000000003,0.003679826362470121,0.08463014803890306
9029,451.45000000000005,0.0038656891979800528,0.08463014970032193
9030,451.5,0.004134278177394104,0.08463014972113186
9031,451.55,0.004534291349129768,0.08463014815425611
9032,451.6,0.00515081324705964,0.08463014512160563
9033,451.65000000000003,0.006136771682614051,0.08463014073554877
9034,451.70000000000005,0.007766736476322222,0.08463013504738191
9035,451.75,0.010473201476624748,0.08463012802234066
9036,451.8,0.014351114921109338,0.08463011953726482
9037,451.85,0.01384365951914073,0.08463010940002005
9038,451.90000000000003,0.03121631725198783,0.08463009739765297
9039,451.95000000000005,0.10774708101867385,0.08463008339278989
9040,452.0,0.01442840297149987,0.08463006750533611
9041,452.05,0.014606712273549913,0.08463005043649845
9042,452.1,0.012789339670043094,0.08463003399757922
9043,452.15000000000003,0.009087321788202679,0.08463002183318699
9044,452.20000000000005,0.006660720074889663,0.08463001998827673
9045,452.25,0.005207163565310613,0.08463003589959618
9046,452.3,0.004323459515903589,0.08463007178981713
9047,452.35,0.003766469568060511,0.08463010412020842
9048,452.40000000000003,0.0034010239276013464,0.08463004037375314
9049,452.45000000000005,0.003150913543782593,0.08462967245013621
9050,452.5,0.002971333239857284,0.08462874116505474
9051,452.55,0.0028344027508261987,0.08462730456365347
9052,452.6,0.0027215011702964977,0.0846262283406653
9053,452.65000000000003,0.0026191289498746283,0.08462679601552314
9054,452.70000000000005,0.0025167106964285838,0.08462922506125885
9055,452.75,0.0024056278602477654,0.08463225483635534
9056,452.8,0.0022792158971952485,0.08463459142886977
9057,452.85,0.002133641639418034,0.08463590530910767
9058,452.90000000000003,0.001969507609000784,0.08463649803819531
9059,452.95000000000005,0.0017936725174422631,0.08463673307433722
9060,453.0,0.001620209264503028,0.08463682868878389
9061,453.05,0.0014690522781379933,0.0846368796427554
9062,453.1,0.0013614367999431145,0.0846369180419896
9063,453.15000000000003,0.0013130834662818478,0.08463695192081076
9064,453.20000000000005,0.0013282685222615392,0.0846369821812317
9065,453.25,0.0013983229699740102,0.08463700844510048
9066,453.3,0.001505675792554136,0.08463703056823184
9067,453.35,0.0016311086063156227,0.08463704878881936
9068,453.40000000000003,0.0017603729947867261,0.08463706357208892
9069,453.45000000000005,0.0018875676410797773,0.08463707545815978
9070,453.5,0.0020150192601643907,0.08463708496947839
9071,453.55,0.0021510453510236527,0.08463709256763793
9072,453.6,0.002307429580740332,0.08463709864020563
9073,453.65000000000003,0.0024981475169466717,0.08463710350289387
9074,453.70000000000005,0.002740343630865292,0.08463710740824974
9075,453.75,0.0030581359261038494,0.08463711055613415
9076,453.8,0.003489801880744931,0.08463711310379686
9077,453.85,0.00409927176838591,0.08463711517463222
9078,453.90000000000003,0.004992005431496135,0.0846371168654392
9079,453.95000000000005,0.006323192470850729,0.08463711825223669
9080,454.0,0.008205153938823597,0.08463711939485334
9081,454.05,0.009946842612362323,0.08463712034051867
9082,454.1,0.005753670792239548,0.08463712112664273
9083,454.15000000000003,0.027280358540859615,0.08463712178296577
9084,454.20000000000005,0.07285069109949047,0.08463712233322582
9085,454.25,0.02534473910595615,0.08463712279645215
9086,454.3,0.006272855475978668,0.08463712318795233
9087,454.35,0.010046531902926141,0.08463712352010104
9088,454.40000000000003,0.008280195073752777,0.0846371238029376
9089,454.45000000000005,0.0064392916532821825,0.08463712404463948
9090,454.5,0.005156768572577499,0.08463712425189746
9091,454.55,0.004314607276111376,0.08463712443020527
9092,454.6,0.0037583374738161357,0.084637124584089
9093,454.65000000000003,0.0033823827884027677,0.08463712471729583
9094,454.70000000000005,0.0031214537258369094,0.08463712483293405
9095,454.75,0.0029356158344335265,0.08463712493359661
9096,454.8,0.0028000826628376456,0.08463712502144825
9097,454.85,0.0026991167812038565,0.08463712509830666
9098,454.90000000000003,0.0026224778571823106,0.08463712516569862
9099,454.95000000000005,0.0025633405398402514,0.08463712522491432
9100,455.0,0.0025170518804615025,0.0846371252770458
9101,455.05,0.0024803734432348686,0.08463712532301788
9102,455.1,0.0024510084905354796,0.08463712536361913
9103,455.15000000000003,0.002427300454643448,0.08463712539952079
9104,455.20000000000005,0.0024080366046514215,0.08463712543129573
9105,455.25,0.002392317721238058,0.08463712545943596
9106,455.3,0.0023794700562516555,0.08463712548436139
9107,455.35,0.0023689849246108672,0.08463712550643382
9108,455.40000000000003,0.0023604767065337857,0.08463712552596427
9109,455.45000000000005,0.0023536533558675492,0.08463712554321884
9110,455.5,0.0023482955785901183,0.08463712555842595
9111,455.55,0.002344242161827837,0.08463712557178137
9112,455.6,0.002341379790605615,0.08463712558345403
9113,455.65000000000003,0.002339636262942214,0.08463712559358462
9114,455.70000000000005,0.0023389764123303144,0.08463712560229382
9115,455.75,0.002339400339624855,0.08463712560968172
9116,455.8,0.002340943790955313,0.08463712561583006
9117,455.85,0.002343680729667369,0.08463712562080665
9118,455.90000000000003,0.002347728369197939,0.08463712562465991
9119,455.95000000000005,0.0023532551923131748,0.08463712562742742
9120,456.0,0.0023604928205435112,0.0846371256291311
9121,456.05,0.0023697530730559116,0.08463712562978044
9122,456.1,0.002381452253748606,0.0846371256293702
9123,456.15000000000003,0.002396145768543168,0.08463712562788134
9124,456.20000000000005,0.0024145778319711684,0.0846371256252819
9125,456.25,0.002437753662329175,0.08463712562152177
9126,456.3,0.0024670458608164582,0.08463712561653719
9127,456.35,0.0025043538107845905,0.08463712561024508
9128,456.40000000000003,0.0025523470637931612,0.0846371256025416
9129,456.45000000000005,0.0026148447546918596,0.08463712559329946
9130,456.5,0.002697420544582771,0.08463712558236572
9131,456.55,0.0028083906300514464,0.08463712556955734
9132,456.6,0.0029604682644004,0.0846371255546546
9133,456.65000000000003,0.003173603504386753,0.08463712553739883
9134,456.70000000000005,0.0034799607567553474,0.08463712551747819
9135,456.75,0.00393272491087135,0.0846371254945275
9136,456.8,0.004621282258614349,0.08463712546810896
9137,456.85,0.005693671370053493,0.08463712543770205
9138,456.90000000000003,0.0073645279807386796,0.08463712540268697
9139,456.95000000000005,0.009724295214042711,0.08463712536232144
9140,457.0,0.01114182795073466,0.08463712531571292
9141,457.05,0.0006642215321946736,0.08463712526178974
9142,457.1,0.058073412255519666,0.08463712519925473
9143,457.15000000000003,0.0650259204421711,0.08463712512653306
9144,457.20000000000005,0.003955119482178521,0.0846371250417069
9145,457.25,0.010872782184037323,0.08463712494242477
9146,457.3,0.009881388275186823,0.0846371248257929
9147,457.35,0.0074804468687498064,0.08463712468823163
9148,457.40000000000003,0.005738562606124044,0.08463712452528149
9149,457.45000000000005,0.004617065926682661,0.08463712433136296
9150,457.5,0.0038979907627518014,0.08463712409944076
9151,457.55,0.0034263114830156032,0.08463712382058763
9152,457.6,0.003107933425248259,0.08463712348339555
9153,457.65000000000003,0.002886897950295795,0.08463712307317028
9154,457.70000000000005,0.002729436255446756,0.08463712257082563
9155,457.75,0.0026146574289439483,0.08463712195135932
9156,457.8,0.0025292829800240488,0.08463712118170096
9157,457.85,0.0024646477169248527,0.08463712021766386
9158,457.90000000000003,0.0024149563832558947,0.0846371189995682
9159,457.95000000000005,0.0023762451546619446,0.08463711744584361
9160,458.0,0.0023457473066396534,0.08463711544358145
9161,458.05,0.002321496260058974,0.08463711283431588
9162,458.1,0.002302071460487688,0.08463710939227558
9163,458.15000000000003,0.0022864322407263444,0.08463710479049012
9164,458.20000000000005,0.0022738071001604803,0.08463709854684226
9165,458.25,0.0022636186316561035,0.08463708993631334
9166,458.3,0.0022554318426501233,0.08463707784466609
9167,458.35,0.002248918128603947,0.084637060517885
9168,458.40000000000003,0.002243829922722748,0.08463703512027435
9169,458.45000000000005,0.002239982776666525,0.08463699692949332
9170,458.5,0.0022372427330629003,0.08463693781711507
9171,458.55,0.0022355175737835734,0.08463684326688746
9172,458.6,0.002234751013964846,0.08463668627258818
9173,458.65000000000003,0.002234919250953568,0.08463641429044456
9174,458.70000000000005,0.0022360295276951762,0.08463592014549302
9175,458.75,0.0022381205710563555,0.08463497526475068
9176,458.8,0.0022412649466243754,0.08463308000482299
9177,458.85,0.00224557355838529,0.08462921140778176
9178,458.90000000000003,0.0022512027409549128,0.08462240644948762
9179,458.95000000000005,0.0022583646769349414,0.08462589218486424
9180,459.0,0.0022673422687059424,0.08480406171399671
9181,459.05,0.0022785101728344755,0.0850549271506698
9182,459.1,0.0022923645771154187,0.08526344701280264
9183,459.15000000000003,0.002309565646323368,0.08667599684526411
9184,459.20000000000005,0.0023309986858977083,0.08645264951977806
9185,459.25,0.0023578634901684986,0.08644394951166975
9186,459.3,0.002391806955228638,0.08645266010982336
9187,459.35,0.002435123450683006,0.08645765757446981
9188,459.40000000000003,0.002491063571904418,0.0864600530347072
9189,459.45000000000005,0.0025643201204774775,0.08646121979840085
9190,459.5,0.0026618105878127244,0.08646181749791637
9191,459.55,0.0027939671028047765,0.08646214072916882
9192,459.6,0.002976913124349101,0.0864623245555102
9193,459.65000000000003,0.0032362120512361434,0.08646243390270641
9194,459.70000000000005,0.003613393600857022,0.08646250157645576
9195,459.75,0.004177130610368962,0.08646254494957514
9196,459.8,0.005040442462630067,0.08646257362231616
9197,459.85,0.006374548310997354,0.08646259310577503
9198,459.90000000000003,0.008333199637229413,0.08646260667293115
9199,459.95000000000005,0.010328003266931887,0.08646261632754029
9200,460.0,0.006625640300203092,0.08646262333037774
9201,460.05,0.02741894770375741,0.08646262849482204
9202,460.1,0.07712198211916359,0.08646263235790784
9203,460.15000000000003,0.02535816456488564,0.08646263528202268
9204,460.20000000000005,0.007026857389671792,0.08646263751682835
9205,460.25,0.010267262361568543,0.08646263923777832
9206,460.3,0.008233615752768268,0.08646264057053876
9207,460.35,0.006295955952316452,0.08646264160675203
9208,460.40000000000003,0.004981489692798141,0.08646264241437616
9209,460.45000000000005,0.0041310053318132445,0.0864626430445728
9210,460.5,0.00357516784430484,0.08646264353636489
9211,460.55,0.0032028540445484628,0.08646264391982629
9212,460.6,0.0029466030820291546,0.08646264421829636
9213,460.65000000000003,0.002765600458774764,0.08646264444994275
9214,460.70000000000005,0.0026347017386879716,0.08646264462886236
9215,460.75,0.0025380324693715225,0.08646264476588542
9216,460.8,0.0024653117053564395,0.08646264486914539
9217,460.85,0.002409715828734671,0.08646264494451307
9218,460.90000000000003,0.002366611563080058,0.08646264499591941
9219,460.95000000000005,0.002332786744762234,0.08646264502559557
9220,461.0,0.0023059721582859272,0.08646264503426805
9221,461.05,0.0022845374910362834,0.08646264502128923
9222,461.1,0.00226729385138046,0.08646264498474723
9223,461.15000000000003,0.002253362958020141,0.08646264492150867
9224,461.20000000000005,0.0022420889265644495,0.08646264482722318
9225,461.25,0.0022329778196342217,0.08646264469625736
9226,461.3,0.002225655640329888,0.08646264452154605
9227,461.35,0.002219838807330573,0.08646264429434347
9228,461.40000000000003,0.0022153132370338687,0.086462644003842
9229,461.45000000000005,0.0022119194812167346,0.08646264363661772
9230,461.5,0.002209542224799176,0.08646264317585232
9231,461.55,0.002208103015038305,0.08646264260025185
9232,461.6,0.0022075554795325807,0.08646264188257032
9233,461.65000000000003,0.002207882564021308,0.08646264098755525
9234,461.70000000000005,0.0022090955267771157,0.08646263986911763
9235,461.75,0.0022112345953397405,0.08646263846637262
9236,461.8,0.0022143713473991174,0.08646263669805634
9237,461.85,0.002218613042194059,0.08646263445457002
9238,461.90000000000003,0.0022241093249943545,0.08646263158649568
9239,461.95000000000005,0.002231061984151602,0.08646262788779789
9240,462.0,0.0022397387992330667,0.0864626230709468
9241,462.05,0.00225049304236017,0.08646261672953202
9242,462.1,0.0022637909822015192,0.08646260828127977
9243,462.15000000000003,0.0022802509523176116,0.08646259687991018
9244,462.20000000000005,0.0023006994515852052,0.08646258127682363
9245,462.25,0.002326252802021052,0.08646255960099468
9246,462.3,0.002358437894134096,0.08646252900443889
9247,462.35,0.0023993739141738306,0.08646248508637525
9248,462.40000000000003,0.002452051229904351,0.08646242095751186
9249,462.45000000000005,0.0025207685402292967,0.08646232574434112
9250,462.5,0.002611833859285332,0.08646218233005698
9251,462.55,0.0027347158037899573,0.0864619645043311
9252,462.6,0.0029039809589474354,0.08646163575521534
9253,462.65000000000003,0.003142628778094274,0.08646116070099738
9254,462.70000000000005,0.003487926203354473,0.08646057384858603
9255,462.75,0.004001588347925935,0.08646026599378705
9256,462.8,0.004786484645224383,0.08646192817775288
9257,462.85,0.0060065158575520255,0.08647014342787963
9258,462.90000000000003,0.007859827733634374,0.0864840813919666
9259,462.95000000000005,0.010152437523801985,0.08644631118237889
9260,463.0,0.009371636571157846,0.0863895966971538
9261,463.05,0.013957670527211023,0.0865927504101324
9262,463.1,0.07494113400068972,0.08671565500237344
9263,463.15000000000003,0.0409313774476301,0.08672463547795135
9264,463.20000000000005,0.004163454236988555,0.08672128820808216
9265,463.25,0.010973871738399336,0.08672090202757585
9266,463.3,0.009146614706218439,0.08672166262177543
9267,463.35,0.006999743584357596,0.08672244418093542
9268,463.40000000000003,0.005515076589223291,0.0867230119793926
9269,463.45000000000005,0.004558406454209942,0.08672338777840774
9270,463.5,0.003938628744837895,0.08672363061888583
9271,463.55,0.0035272834775746317,0.08672378785171637
9272,463.6,0.003246565147923424,0.08672389094474121
9273,463.65000000000003,0.003049777708060663,0.08672395968268345
9274,463.70000000000005,0.002908413718087621,0.08672400634675295
9275,463.75,0.0028046329500904976,0.0867240385955113
9276,463.8,0.002726974272894643,0.08672406126384131
9277,463.85,0.0026678860463477646,0.08672407745212413
9278,463.90000000000003,0.002622274158165726,0.08672408918238837
9279,463.95000000000005,0.002586627707441848,0.08672409779615128
9280,464.0,0.0025584796061236645,0.0867241041985337
9281,464.05,0.0025360659524090653,0.08672410901020884
9282,464.1,0.002518106172727269,0.08672411266343756
9283,464.15000000000003,0.0025036582220237017,0.08672411546369255
9284,464.20000000000005,0.002492021450959992,0.08672411762979347
9285,464.25,0.002482670371466272,0.08672411932041198
9286,464.3,0.0024752088478160895,0.08672412065182035
9287,464.35,0.002469338051721077,0.08672412170992473
9288,464.40000000000003,0.002464833875390013,0.08672412255853622
9289,464.45000000000005,0.00246153098241439,0.08672412324512563
9290,464.5,0.0024593116340512235,0.08672412380488782
9291,464.55,0.0024580980609699653,0.086724124263661
9292,464.6,0.0024578475814894295,0.08672412464005042
9293,464.65000000000003,0.002458549974396232,0.08672412494699737
9294,464.70000000000005,0.0024602268484516148,0.0867241251929507
9295,464.75,0.002462932947599655,0.08672412538274099
9296,464.8,0.002466759519150853,0.08672412551821418
9297,464.85,0.0024718400786784144,0.08672412559868013
9298,464.90000000000003,0.0024783591604055385,0.08672412562116621
9299,464.95000000000005,0.0024865649857282327,0.08672412558053064
9300,465.0,0.002496787473848547,0.0867241254693942
9301,465.05,0.0025094637486591147,0.08672412527790295
9302,465.1,0.002525174412062676,0.0867241249933209
9303,465.15000000000003,0.0025446955997365486,0.08672412459939531
9304,465.20000000000005,0.0025690746243586782,0.08672412407548005
9305,465.25,0.0025997415595572235,0.08672412339536222
9306,465.3,0.0026386766921602405,0.08672412252570252
9307,465.35,0.0026886666596774756,0.0867241214240151
9308,465.40000000000003,0.002753704515945802,0.08672412003603347
9309,465.45000000000005,0.0028396288625484635,0.08672411829233588
9310,465.5,0.002955169654668736,0.08672411610405666
9311,465.55,0.0031137021628292257,0.0867241133575199
9312,465.6,0.003336259346163156,0.08672410990777407
9313,465.65000000000003,0.003656805022668573,0.08672410557122273
9314,465.70000000000005,0.004131507073770256,0.0867241001182539
9315,465.75,0.004854420331414476,0.08672409326819945
9316,465.8,0.005979022333785573,0.08672408469202454
9317,465.85,0.007714501751665272,0.08672407403445676
9318,465.90000000000003,0.010057396243671543,0.08672406097989332
9319,465.95000000000005,0.010754857508403139,0.08672404541124983
9320,466.0,0.005054538942390893,0.08672402775750684
9321,466.05,0.06547496438702113,0.08672400970790449
9322,466.1,0.05526402158853439,0.08672399559396211
9323,466.15000000000003,6.754233053628448e-05,0.0867239948473661
9324,466.20000000000005,0.011195472359602231,0.08672402569687837
9325,466.25,0.00982898410239002,0.08672411837801328
9326,466.3,0.007538269154748686,0.08672430863786097
9327,466.35,0.005906377954897049,0.08672459070835016
9328,466.40000000000003,0.004854200640171661,0.08672476218785817
9329,466.45000000000005,0.00417626302954238,0.08672413917548608
9330,466.5,0.0037292491280192736,0.08672164920180543
9331,466.55,0.003426087180039435,0.08671774786185683
9332,466.6,0.0032147483655885797,0.08671679557904602
9333,466.65000000000003,0.00306366653558769,0.0867221932057276
9334,466.70000000000005,0.0029532128622877783,0.08672990785488988
9335,466.75,0.0028708523142851146,0.08673492959244683
9336,466.8,0.002808370110370977,0.08673689827067993
9337,466.85,0.0027602511180706453,0.08673693919986256
9338,466.90000000000003,0.0027227098378107056,0.08673500121727976
9339,466.95000000000005,0.0026930953010904147,0.08673217052175809
9340,467.0,0.00266951717020313,0.08673276374409186
9341,467.05,0.0026506054877788532,0.08673619222052034
9342,467.1,0.0026353530554028494,0.0867380822833082
9343,467.15000000000003,0.0026230100241464156,0.08673823170126886
9344,467.20000000000005,0.002613012161336468,0.08673794787868609
9345,467.25,0.0026049312621253037,0.08673774554483844
9346,467.3,0.0025984403923185605,0.08673766064475628
9347,467.35,0.002593289241178997,0.08673764053638905
9348,467.40000000000003,0.0025892864875395626,0.08673764715272737
9349,467.45000000000005,0.002586287120242326,0.08673766211804722
9350,467.5,0.0025841833294706355,0.08673767798439401
9351,467.55,0.0025828980343129493,0.08673769219794054
9352,467.6,0.0025823804171964575,0.08673770416776812
9353,467.65000000000003,0.0025826030499325695,0.08673771400817239
9354,467.70000000000005,0.002583560353061041,0.08673772203646372
9355,467.75,0.0025852682528142625,0.08673772858714401
9356,467.8,0.002587765005086953,0.08673773395239802
9357,467.85,0.0025911132567775393,0.08673773837033129
9358,467.90000000000003,0.0025954035244969056,0.0867377420295277
9359,467.95000000000005,0.0026007594031587653,0.0867377450778285
9360,468.0,0.00260734499061816,0.08673774763101977
9361,468.05,0.0026153752548966655,0.0867377497801222
9362,468.1,0.0026251304161260527,0.08673775159715004
9363,468.15000000000003,0.0026369759255057013,0.08673775313950415
9364,468.20000000000005,0.0026513903930459114,0.08673775445331042
9365,468.25,0.0026690049980510272,0.08673775557592368
9366,468.3,0.0026906597651509,0.0867377565378258
9367,468.35,0.002717485031144213,0.08673775736406864
9368,468.40000000000003,0.002751021194616971,0.08673775807536883
9369,468.45000000000005,0.0027933977018473693,0.08673775868896398
9370,468.5,0.0028476054193398597,0.08673775921926244
9371,468.55,0.0029179190666116356,0.08673775967837209
9372,468.6,0.0030105653480458805,0.08673776007650122
9373,468.65000000000003,0.0031348002752447784,0.08673776042228779
9374,468.70000000000005,0.0033046761981585073,0.08673776072306787
9375,468.75,0.0035419709360668384,0.0867377609850814
9376,468.8,0.0038810125859460934,0.08673776121365287
9377,468.85,0.004376211903171587,0.08673776141333414
9378,468.90000000000003,0.005111404331047164,0.0867377615880215
9379,468.95000000000005,0.006198051937011587,0.08673776174105925
9380,469.0,0.007682798232530237,0.08673776187531633
9381,469.05,0.008942969978315861,0.08673776199326305
9382,469.1,0.005681161864521102,0.08673776209702366
9383,469.15000000000003,0.018203479400884577,0.08673776218843236
9384,469.20000000000005,0.06069222978271718,0.08673776226907216
9385,469.25,0.03395475705098293,0.08673776234030872
9386,469.3,0.0012473793481030187,0.0867377624033238
9387,469.35,0.008979624872254677,0.08673776245914168
9388,469.40000000000003,0.008397146588938186,0.08673776250864959
9389,469.45000000000005,0.006825217925196265,0.08673776255261738
9390,469.5,0.005566866703930625,0.08673776259171379
9391,469.55,0.004677295279778942,0.08673776262652085
9392,469.6,0.00404171323133791,0.08673776265754414
9393,469.65000000000003,0.003560216070309346,0.08673776268522485
9394,469.70000000000005,0.003166171662130818,0.08673776270994922
9395,469.75,0.002820540471808965,0.0867377627320526
9396,469.8,0.0025064310823866747,0.08673776275182894
9397,469.85,0.002225159401550129,0.08673776276953658
9398,469.90000000000003,0.0019907322728822696,0.08673776278540019
9399,469.95000000000005,0.0018206114044040697,0.08673776279961755
9400,470.0,0.0017246688078812306,0.08673776281236321
9401,470.05,0.0016981231627709033,0.08673776282378928
9402,470.1,0.0017231198236016799,0.0867377628340295
9403,470.15000000000003,0.0017773772551482553,0.08673776284320246
9404,470.20000000000005,0.0018433401390972738,0.08673776285141203
9405,470.25,0.0019123827548341045,0.08673776285874946
9406,470.3,0.001983408291602736,0.08673776286529512
9407,470.35,0.002058669299933604,0.08673776287111938
9408,470.40000000000003,0.002139963672347437,0.08673776287628494
9409,470.45000000000005,0.002226825743084461,0.08673776288084603
9410,470.5,0.0023166813073344983,0.08673776288485105
9411,470.55,0.0024060568930598233,0.08673776288834065
9412,470.6,0.002491884693527213,0.08673776289134931
9413,470.65000000000003,0.0025723538208625918,0.08673776289391
9414,470.70000000000005,0.0026472108121286305,0.08673776289604888
9415,470.75,0.002717680190824944,0.08673776289778808
9416,470.8,0.0027862421374614888,0.08673776289914524
9417,470.85,0.002856456692514396,0.08673776290013617
9418,470.90000000000003,0.002932951636287724,0.08673776290077141
9419,470.95000000000005,0.0030216425723849937,0.0867377629010598
9420,471.0,0.0031302397338484954,0.0867377629010061
9421,471.05,0.0032691039155265476,0.08673776290061218
9422,471.1,0.0034525027368227175,0.08673776289987735
9423,471.15000000000003,0.0037001586851234843,0.08673776289879821
9424,471.20000000000005,0.004038218378957793,0.08673776289736763
9425,471.25,0.0044957689473247055,0.08673776289557492
9426,471.3,0.005081797642891889,0.08673776289340934
9427,471.35,0.005686538369184733,0.08673776289085172
9428,471.40000000000003,0.005712451055972673,0.08673776288788385
9429,471.45000000000005,0.0029116503794819593,0.08673776288448126
9430,471.5,0.008451072212367274,0.08673776288061712
9431,471.55,0.029940713620691665,0.08673776287625877
9432,471.6,0.03360277848871965,0.08673776287136954
9433,471.65000000000003,0.012585461788678875,0.08673776286590759
9434,471.70000000000005,0.0014682436502631293,0.08673776285982451
9435,471.75,0.005497019547491242,0.0867377628530654
9436,471.8,0.005789244445073277,0.08673776284556925
9437,471.85,0.005221644931776918,0.08673776283726502
9438,471.90000000000003,0.004608144627027305,0.0867377628280742
9439,471.95000000000005,0.004116516759459957,0.08673776281790672
9440,472.0,0.003750648593547187,0.08673776280666046
9441,472.05,0.0034829544130934166,0.08673776279422155
9442,472.1,0.0032865115388776957,0.08673776278045792
9443,472.15000000000003,0.003140828501554511,0.08673776276522192
9444,472.20000000000005,0.0030313538269893833,0.08673776274834495
9445,472.25,0.002947951949320481,0.08673776272963449
9446,472.3,0.0028835651605288977,0.08673776270887111
9447,472.35,0.002833240420540587,0.08673776268580417
9448,472.40000000000003,0.00279346234264781,0.08673776266014595
9449,472.45000000000005,0.0027617044589735773,0.08673776263156693
9450,472.5,0.002736127888791212,0.08673776259968527
9451,472.55,0.0027153778015386806,0.08673776256406163
9452,472.6,0.002698444629013348,0.0867377625241891
9453,472.65000000000003,0.0026845683816199687,0.08673776247947594
9454,472.70000000000005,0.002673171926101082,0.08673776242923337
9455,472.75,0.0026638139428193865,0.08673776237265586
9456,472.8,0.0026561554227055345,0.0867377623087999
9457,472.85,0.0026499356046521608,0.08673776223655286
9458,472.90000000000003,0.002644954590742898,0.08673776215460077
9459,472.95000000000005,0.002641060762178449,0.08673776206138235
9460,473.0,0.0026381417132564323,0.0867377619550376
9461,473.05,0.0026361178267423403,0.08673776183333856
9462,473.1,0.0026349378974195137,0.08673776169360457
9463,473.15000000000003,0.0026345764148570563,0.08673776153259587
9464,473.20000000000005,0.0026350322707501604,0.08673776134637368
9465,473.25,0.002636328781222646,0.08673776113012761
9466,473.3,0.0026385150260268475,0.08673776087794609
9467,473.35,0.0026416686181673582,0.08673776058252496
9468,473.40000000000003,0.0026459001426233334,0.08673776023478846
9469,473.45000000000005,0.002651359657202231,0.08673775982338737
9470,473.5,0.0026582458524510117,0.08673775933404278
9471,473.55,0.002666818749607343,0.08673775874868507
9472,473.6,0.002677417217687436,0.08673775804429795
9473,473.65000000000003,0.0026904831762279164,0.08673775719139934
9474,473.70000000000005,0.0027065952153036647,0.08673775615200781
9475,473.75,0.0027265156573406564,0.08673775487693867
9476,473.8,0.002751257032752314,0.08673775330223642
9477,473.85,0.0027821768854251016,0.0867377513444789
9478,473.90000000000003,0.0028211142603887414,0.0867377488947483
9479,473.95000000000005,0.0028705878058346793,0.08673774581109867
9480,474.0,0.0029340847762268415,0.08673774190976431
9481,474.05,0.0030164821363636374,0.08673773695618144
9482,474.1,0.003124651363025298,0.08673773065903881
9483,474.15000000000003,0.0032682893095059323,0.08673772267516239
9484,474.20000000000005,0.0034609227236993044,0.08673771264278356
9485,474.25,0.0037206271990332996,0.08673770028041508
9486,474.3,0.0040685124467907605,0.08673768562596734
9487,474.35,0.00451782448272865,0.0867376695538788
9488,474.40000000000003,0.005028669733311588,0.08673765478667472
9489,474.45000000000005,0.0053445875525775476,0.08673764760280171
9490,474.5,0.004465017394524875,0.08673765986117064
9491,474.55,0.0006160220216177689,0.08673770829013835
9492,474.6,0.014794493624239746,0.0867377998216164
9493,474.65000000000003,0.03124675801551654,0.08673787676055736
9494,474.70000000000005,0.024984836820909784,0.0867377044454053
9495,474.75,0.006920160730016,0.08673684634204347
9496,474.8,0.0025818479252538527,0.08673521881692774
9497,474.85,0.005149244141529534,0.08673411870025344
9498,474.90000000000003,0.005260891306781301,0.08673531656210982
9499,474.95000000000005,0.004794445260313547,0.0867382225940576
9500,475.0,0.004299278609517518,0.08674065069103436
9501,475.05,0.003896642547950464,0.0867417183864071
9502,475.1,0.003591825183276136,0.08674187252834184
9503,475.15000000000003,0.0033653578583971114,0.08674171203866281
9504,475.20000000000005,0.00319702987590515,0.08674163182370559
9505,475.25,0.003070897068165776,0.08674192949298774
9506,475.3,0.00297533146753559,0.08674234105091558
9507,475.35,0.0029020603289737113,0.08673933435744471
9508,475.40000000000003,0.0028452221005713617,0.0867259207751565
9509,475.45000000000005,0.002800643129375108,0.086713146914112
9510,475.5,0.002765324735681991,0.08672040932307934
9511,475.55,0.002737089245918931,0.08679662673897674
9512,475.6,0.0027143374316419572,0.08721487459765327
9513,475.65000000000003,0.0026958819024430814,0.08606467760884114
9514,475.70000000000005,0.0026808318770692573,0.08901708535942927
9515,475.75,0.0026685127635195857,0.08953465586155886
9516,475.8,0.002658409474756013,0.08936206898225293
9517,475.85,0.0026501260767811687,0.0893424764922258
9518,475.90000000000003,0.0026433567947925125,0.08934764451612673
9519,475.95000000000005,0.002637865010802354,0.08935181181564723
9520,476.0,0.002633467955937591,0.08935469247164687
9521,476.05,0.0026300255186143292,0.08935773562538953
9522,476.1,0.0026274320769435326,0.08936065558445402
9523,476.15000000000003,0.002625610598944106,0.08936262510631234
9524,476.20000000000005,0.002624508488964639,0.0893635911635189
9525,476.25,0.0026240948273553266,0.08936397238304596
9526,476.3,0.0026243587761113716,0.08936411399192802
9527,476.35,0.0026253090220671026,0.08936417838782028
9528,476.40000000000003,0.0026269742133159663,0.08936422090291236
9529,476.45000000000005,0.002629404423584594,0.08936425576915996
9530,476.5,0.0026326737623256573,0.08936428547657066
9531,476.55,0.002636884344857753,0.08936431028623591
9532,476.6,0.002642171958686359,0.08936433049466411
9533,476.65000000000003,0.00264871392480126,0.08936434666583493
9534,476.70000000000005,0.0026567398784415695,0.08936435947904418
9535,476.75,0.002666546515353065,0.08936436959432816
9536,476.8,0.0026785178162569007,0.08936437758673058
9537,476.85,0.0026931529494156345,0.08936438392802454
9538,476.90000000000003,0.0027111050747991635,0.0893643889921285
9539,476.95000000000005,0.0027332358119309536,0.08936439306953575
9540,477.0,0.0027606924603639656,0.08936439638338133
9541,477.05,0.0027950185860349834,0.08936439910404148
9542,477.1,0.002838313889079962,0.08936440136130876
9543,477.15000000000003,0.002893467067101968,0.08936440325405044
9544,477.20000000000005,0.0029644962058622444,0.08936440485770866
9545,477.25,0.003057044013183367,0.08936440623004151
9546,477.3,0.0031790824435160843,0.08936440741545931
9547,477.35,0.0033418525302348324,0.08936440844829685
9548,477.40000000000003,0.0035608924417788036,0.08936440935528196
9549,477.45000000000005,0.0038563190980473215,0.08936441015737176
9550,477.5,0.004249057382283498,0.08936441087114445
9551,477.55,0.004741096626983431,0.08936441150983836
9552,477.6,0.005238423786750219,0.08936441208413147
9553,477.65000000000003,0.005281701600214208,0.08936441260272447
9554,477.70000000000005,0.0032359430051532873,0.08936441307278896
9555,477.75,0.005113047767322943,0.08936441350028902
9556,477.8,0.02284639640402809,0.08936441389024612
9557,477.85,0.032349007416155415,0.08936441424692021
9558,477.90000000000003,0.01727411577168881,0.08936441457395891
9559,477.95000000000005,0.0017521269581187702,0.08936441487451094
9560,478.0,0.0042149974842325705,0.08936441515130962
9561,478.05,0.005371831602398763,0.08936441540674249
9562,478.1,0.005108118034136355,0.08936441564290307
9563,478.15000000000003,0.004590427567887374,0.08936441586163249
9564,478.20000000000005,0.004124223524176121,0.08936441606455678
9565,478.25,0.0037612905450157257,0.08936441625311023
9566,478.3,0.0034902145918345147,0.08936441642856403
9567,478.35,0.003289372886925804,0.08936441659204354
9568,478.40000000000003,0.0031398574100267103,0.08936441674454376
9569,478.45000000000005,0.0030274484284016,0.08936441688695161
9570,478.5,0.0029419477553462685,0.08936441702004867
9571,478.55,0.0028761370221376706,0.08936441714453408
9572,478.6,0.0028249020031446193,0.08936441726102948
9573,478.65000000000003,0.0027845927548341117,0.08936441737008992
9574,478.70000000000005,0.0027525780217858074,0.08936441747221092
9575,478.75,0.002726939788483969,0.0893644175678437
9576,478.8,0.002706264262996247,0.08936441765739137
9577,478.85,0.002689498138467274,0.08936441774122472
9578,478.90000000000003,0.002675848933546789,0.0893644178196823
9579,478.95000000000005,0.002664715228785667,0.08936441789307746
9580,479.0,0.002655637343987181,0.08936441796170082
9581,479.05,0.0026482621343623595,0.08936441802582393
9582,479.1,0.0026423176516061505,0.08936441808570546
9583,479.15000000000003,0.002637594785882204,0.08936441814158654
9584,479.20000000000005,0.002633933918728695,0.08936441819369967
9585,479.25,0.0026312152332181133,0.08936441824226492
9586,479.3,0.0026293517489205795,0.08936441828749282
9587,479.35,0.0026282844423211288,0.08936441832958565
9588,479.40000000000003,0.00262797902247184,0.08936441836873643
9589,479.45000000000005,0.002628424086504903,0.08936441840513058
9590,479.5,0.002629630500924767,0.089364418438945
9591,479.55,0.002631631957448413,0.08936441847034779
9592,479.6,0.0026344867490398875,0.08936441849950053
9593,479.65000000000003,0.002638280913968972,0.08936441852655584
9594,479.70000000000005,0.0026431330154330175,0.08936441855165785
9595,479.75,0.002649200976508121,0.08936441857494333
9596,479.8,0.002656691595055891,0.08936441859654111
9597,479.85,0.002665873649556751,0.08936441861657289
9598,479.90000000000003,0.0026770959174062087,0.0893644186351503
9599,479.95000000000005,0.0026908120264888787,0.08936441865237921
9600,480.0,0.0027076149473036805,0.08936441866835887
9601,480.05,0.002728285257469618,0.08936441868317818
9602,480.1,0.0027538593028133746,0.08936441869692327
9603,480.15000000000003,0.0027857263828554905,0.08936441870967081
9604,480.20000000000005,0.002825768592288574,0.08936441872149352
9605,480.25,0.0028765635706343557,0.08936441873245582
9606,480.3,0.002941679660948775,0.08936441874261854
9607,480.35,0.003026104266332591,0.08936441875203775
9608,480.40000000000003,0.003136854326380129,0.08936441876076225
9609,480.45000000000005,0.0032838013536415746,0.08936441876883977
9610,480.5,0.003480626290938694,0.0893644187763118
9611,480.55,0.0037453435349338554,0.0893644187832162
9612,480.6,0.004098128817266299,0.08936441878958767
9613,480.65000000000003,0.004548303902843749,0.08936441879545833
9614,480.70000000000005,0.005042384379129741,0.08936441880085672
9615,480.75,0.005280687216812836,0.08936441880581053
9616,480.8,0.004142082664458754,0.0893644188103417
9617,480.85,0.0015864557524240246,0.08936441881447317
9618,480.90000000000003,0.016426441264844285,0.0893644188182238
9619,480.95000000000005,0.03135718585103517,0.08936441882161245
9620,481.0,0.023043933181542554,0.08936441882465543
9621,481.05,0.005680227106772666,0.08936441882736754
9622,481.1,0.002912530761949829,0.08936441882976186
9623,481.15000000000003,0.00515247371648198,0.08936441883185146
9624,481.20000000000005,0.005197412368254785,0.08936441883364606
9625,481.25,0.004735113623229582,0.08936441883515701
9626,481.3,0.004256400875071889,0.089364418836393
9627,481.35,0.003868534513124218,0.08936441883736099
9628,481.40000000000003,0.0035747247665263906,0.08936441883806863
9629,481.45000000000005,0.0033560801365746015,0.08936441883852118
9630,481.5,0.0031932862953118223,0.08936441883872596
9631,481.55,0.0030711217260129433,0.0893644188386845
9632,481.6,0.0029784666356887962,0.08936441883840171
9633,481.65000000000003,0.0029073910228253866,0.08936441883787999
9634,481.70000000000005,0.0028522623381320293,0.08936441883712035
9635,481.75,0.002809060568903048,0.08936441883612313
9636,481.8,0.002774891178415291,0.08936441883488917
9637,481.85,0.0027476480108797868,0.08936441883341543
9638,481.90000000000003,0.0027257816454615484,0.08936441883170072
9639,481.95000000000005,0.0027081398671584245,0.08936441882974146
9640,482.0,0.0026938570596492387,0.0893644188275317
9641,482.05,0.0026822768278723006,0.08936441882506668
9642,482.1,0.0026728973298568736,0.08936441882233843
9643,482.15000000000003,0.002665332263523873,0.08936441881933793
9644,482.20000000000005,0.002659282754916014,0.08936441881605635
9645,482.25,0.0026545169210069647,0.08936441881248076
9646,482.3,0.002650854897951736,0.08936441880859826
9647,482.35,0.0026481578092534177,0.0893644188043927
9648,482.40000000000003,0.002646319611756901,0.08936441879984777
9649,482.45000000000005,0.0026452610751231034,0.08936441879494221
9650,482.5,0.0026449253708832154,0.08936441878965497
9651,482.55,0.002645274902585355,0.08936441878396156
9652,482.6,0.002646289120108319,0.08936441877783345
9653,482.65000000000003,0.0026479631434518473,0.08936441877124054
9654,482.70000000000005,0.0026503070842437723,0.08936441876414886
9655,482.75,0.002653346003901769,0.08936441875651947
9656,482.8,0.002657120491384279,0.08936441874831023
9657,482.85,0.0026616878851496253,0.08936441873947494
9658,482.90000000000003,0.0026671242075296405,0.08936441872996055
9659,482.95000000000005,0.00267352692957073,0.08936441871971065
9660,483.0,0.0026810187457879425,0.08936441870865983
9661,483.05,0.0026897526181574503,0.08936441869673786
9662,483.1,0.0026999184566607543,0.08936441868386542
9663,483.15000000000003,0.0027117519540316394,0.08936441866995395
9664,483.20000000000005,0.0027255463061775366,0.08936441865490727
9665,483.25,0.002741667859603152,0.08936441863861626
9666,483.3,0.002760577183951097,0.08936441862096012
9667,483.35,0.002782857752212213,0.08936441860180508
9668,483.40000000000003,0.0028092554537769857,0.08936441858100143
9669,483.45000000000005,0.0028407337808233923,0.08936441855838093
9670,483.5,0.002878552074333211,0.089364418533758
9671,483.55,0.0029243782993441667,0.08936441850692513
9672,483.6,0.002980454482817859,0.08936441847764766
9673,483.65000000000003,0.003049844003555524,0.08936441844566503
9674,483.70000000000005,0.0031368085293108925,0.0893644184106843
9675,483.75,0.0032473939942818044,0.08936441837237694
9676,483.8,0.0033903585739718223,0.08936441833037503
9677,483.85,0.0035786639824279837,0.08936441828426307
9678,483.90000000000003,0.0038318838356925923,0.08936441823357355
9679,483.95000000000005,0.004180017067310319,0.0893644181777805
9680,484.0,0.004668998440302418,0.08936441811629149
9681,484.05,0.005365918572760753,0.08936441804843458
9682,484.1,0.006348978173230273,0.08936441797345317
9683,484.15000000000003,0.007601128952592065,0.08936441789049077
9684,484.20000000000005,0.008403498683080865,0.08936441779857648
9685,484.25,0.0044951253241824266,0.08936441769661183
9686,484.3,0.01937448678838215,0.08936441758335077
9687,484.35,0.06277995117985846,0.08936441745738143
9688,484.40000000000003,0.042173418962887975,0.0893644173171009
9689,484.45000000000005,0.007614574239896717,0.08936441716069218
9690,484.5,0.00214233844222321,0.08936441698609217
9691,484.55,0.0039030870552782537,0.08936441679096585
9692,484.6,0.004285150479466923,0.08936441657266571
9693,484.65000000000003,0.004384845037397164,0.08936441632820023
9694,484.70000000000005,0.004341699371727819,0.08936441605419625
9695,484.75,0.004208542741703112,0.0893644157468591
9696,484.8,0.0040331053059322955,0.08936441540194094
9697,484.85,0.0038505507648039713,0.08936441501471142
9698,484.90000000000003,0.0036813796231428076,0.08936441457994718
9699,484.95000000000005,0.003535203952728772,0.08936441409193391
9700,485.0,0.003415238929716796,0.08936441354451002
9701,485.05,0.0033216282891192724,0.08936441293114838
9702,485.1,0.0032535202568291133,0.08936441224511588
9703,485.15000000000003,0.0032102989442175894,0.08936441147971151
9704,485.20000000000005,0.003192377194405127,0.08936441062861768
9705,485.25,0.0032018645749437623,0.08936440968637431
9706,485.3,0.0032433669876269994,0.08936440864894085
9707,485.35,0.00332518524434559,0.08936440751426543
9708,485.40000000000003,0.0034612713436672922,0.08936440628262333
9709,485.45000000000005,0.003674476591937731,0.08936440495616878
9710,485.5,0.004001802212792122,0.08936440353671146
9711,485.55,0.004501940302980857,0.08936440201974571
9712,485.6,0.0052611210305739155,0.08936440038146772
9713,485.65000000000003,0.006368635210280324,0.0893643985533797
9714,485.70000000000005,0.007705442170231301,0.08936439637652092
9715,485.75,0.007775139922096033,0.08936439352492775
9716,485.8,0.001168087359341031,0.08936438938770576
9717,485.85,0.03688810930332348,0.08936438290551167
9718,485.90000000000003,0.0583957768105799,0.0893643723767268
9719,485.95000000000005,0.016910711341470788,0.08936435528743268
9720,486.0,0.004972151326953018,0.08936432827161675
9721,486.05,0.008071614731330383,0.08936428733629342
9722,486.1,0.007017308010740933,0.08936422839959023
9723,486.15000000000003,0.0057155737068147775,0.08936414786714897
9724,486.20000000000005,0.0047560146988514535,0.08936404237935913
9725,486.25,0.004108138081526399,0.0893639062195957
9726,486.3,0.00367537732185981,0.08936372456498762
9727,486.35,0.003383484254553692,0.08936346056182304
9728,486.40000000000003,0.0031839913619222666,0.08936303195448245
9729,486.45000000000005,0.003046396977106664,0.08936226317654042
9730,486.5,0.00295157845958916,0.08936076881728583
9731,486.55,0.002887529835135898,0.08935763829995456
9732,486.6,0.002846789105054273,0.08935055128895773
9733,486.65000000000003,0.0028249315260741887,0.08933364058070105
9734,486.70000000000005,0.0028197260361748156,0.0893010139698644
9735,486.75,0.0028307278309307603,0.0894531885121733
9736,486.8,0.0028591990778962114,0.09211734132757549
9737,486.85,0.002908336567601557,0.0857868220674074
9738,486.90000000000003,0.002983864959457293,0.08922964453585142
9739,486.95000000000005,0.0030951509825281574,0.08854971254267988
9740,487.0,0.003257130990007218,0.08857632988727775
9741,487.05,0.0034935296787661978,0.0887855418897206
9742,487.1,0.003841975208301111,0.08881199242121117
9743,487.15000000000003,0.004360968906173632,0.08880379042919868
9744,487.20000000000005,0.005133526796097321,0.08880239977401613
9745,487.25,0.0062342634081574335,0.08880338826947522
9746,487.3,0.007485757883236939,0.08880444142355863
9747,487.35,0.00718081348836209,0.08880515864241752
9748,487.40000000000003,0.002884453536625157,0.08880559217835252
9749,487.45000000000005,0.03887483250844544,0.08880586168925084
9750,487.5,0.05544687816884633,0.0888060647672385
9751,487.55,0.015214220707379692,0.08880624610150342
9752,487.6,0.004874372315386917,0.08880640391979246
9753,487.65000000000003,0.007731059734655961,0.08880652259456011
9754,487.70000000000005,0.006748747748106222,0.0888065976021208
9755,487.75,0.005521719784714601,0.0888066377982705
9756,487.8,0.004609785557494437,0.08880665651786299
9757,487.85,0.003990622169947763,0.08880666462523065
9758,487.90000000000003,0.0035755844364689484,0.08880666862970873
9759,487.95000000000005,0.0032951345998251166,0.08880667160599294
9760,488.0,0.003103407576174401,0.0888066746529609
9761,488.05,0.0029713465223276977,0.08880667796522311
9762,488.1,0.0028806546525966125,0.08880668142116097
9763,488.15000000000003,0.0028198167279869686,0.0888066848448934
9764,488.20000000000005,0.0027816759667082212,0.0888066880976043
9765,488.25,0.0027620083581883993,0.08880669109464594
9766,488.3,0.002758725113220257,0.08880669379674856
9767,488.35,0.0027714935593303506,0.08880669619591693
9768,488.40000000000003,0.0028016779678685334,0.08880669830319726
9769,488.45000000000005,0.0028525851922187482,0.08880670013989625
9770,488.5,0.00293007899877494,0.08880670173189643
9771,488.55,0.0030437248224024823,0.08880670310622168
9772,488.6,0.003208767052348046,0.08880670428910326
9773,488.65000000000003,0.003449431949733466,0.08880670530498294
9774,488.70000000000005,0.0038041801636871527,0.08880670617606522
9775,488.75,0.004332854633296227,0.08880670692219066
9776,488.8,0.00512027620766126,0.08880670756089
9777,488.85,0.006241298302144989,0.08880670810751669
9778,488.90000000000003,0.007503269283610884,0.0888067085754336
9779,488.95000000000005,0.007094534751166234,0.08880670897620481
9780,489.0,0.003617529207518243,0.08880670931979691
9781,489.05,0.04071493604787462,0.08880670961475698
9782,489.1,0.05486330194161803,0.08880670986839662
9783,489.15000000000003,0.01395313570576368,0.08880671008694607
9784,489.20000000000005,0.005198233275282851,0.08880671027570092
9785,489.25,0.007720229275694677,0.0888067104391534
9786,489.3,0.006673642286232383,0.08880671058110394
9787,489.35,0.005444000189845627,0.08880671070476309
9788,489.40000000000003,0.004539296400247644,0.08880671081284176
9789,489.45000000000005,0.003926883910622262,0.08880671090762535
9790,489.5,0.00351675932512232,0.08880671099103843
9791,489.55,0.0032397025458345582,0.08880671106470397
9792,489.6,0.0030503214564333828,0.08880671112998983
9793,489.65000000000003,0.0029199234111509866,0.08880671118805027
9794,489.70000000000005,0.0028304608106875023,0.08880671123985902
9795,489.75,0.0027705863517147665,0.08880671128623846
9796,489.8,0.002733260374604022,0.08880671132788587
9797,489.85,0.0027143472445750653,0.08880671136539298
9798,489.90000000000003,0.002711833845119275,0.08880671139926195
9799,489.95000000000005,0.0027254636262073317,0.08880671142992173
9800,490.0,0.002756690664575568,0.08880671145773601
9801,490.05,0.002808941806850167,0.08880671148301918
9802,490.1,0.002888254980044286,0.08880671150603853
9803,490.15000000000003,0.0030044616499646497,0.08880671152702503
9804,490.20000000000005,0.003173224666293743,0.08880671154617821
9805,490.25,0.0034194344065871796,0.08880671156366866
9806,490.3,0.0037825780180053333,0.08880671157964544
9807,490.35,0.004323893802521021,0.08880671159423685
9808,490.40000000000003,0.005129085927692911,0.08880671160755335
9809,490.45000000000005,0.006267664165135889,0.08880671161969216
9810,490.5,0.007505729300004563,0.08880671163073449
9811,490.55,0.006821562620480735,0.08880671164075157
9812,490.6,0.005097775099850719,0.08880671164980371
9813,490.65000000000003,0.04340833566025529,0.08880671165794207
9814,490.70000000000005,0.05293453161565104,0.0888067116652083
9815,490.75,0.011977120072234785,0.0888067116716367
9816,490.8,0.005564513567138736,0.08880671167725158
9817,490.85,0.007648236759844705,0.08880671168207353
9818,490.90000000000003,0.006552156183446607,0.08880671168611239
9819,490.95000000000005,0.005341151525127073,0.0888067116893734
9820,491.0,0.004457904660872778,0.0888067116918515
9821,491.05,0.0038608516380199665,0.08880671169353699
9822,491.1,0.003460834943702077,0.08880671169441032
9823,491.15000000000003,0.00319038024262753,0.08880671169444362
9824,491.20000000000005,0.0030053873811230996,0.08880671169360037
9825,491.25,0.0028779899491901077,0.08880671169183417
9826,491.3,0.0027906535863811885,0.0888067116890879
9827,491.35,0.0027323529109288223,0.08880671168528986
9828,491.40000000000003,0.0026962566845126624,0.08880671168035627
9829,491.45000000000005,0.002678371833796494,0.08880671167418754
9830,491.5,0.002676791793143001,0.08880671166666572
9831,491.55,0.0026913509089459805,0.08880671165765215
9832,491.6,0.002723594893678699,0.0888067116469842
9833,491.65000000000003,0.0027770597034398477,0.08880671163447101
9834,491.70000000000005,0.002857931324209167,0.08880671161988997
9835,491.75,0.0029762602069904414,0.08880671160298004
9836,491.8,0.0031480497844271474,0.08880671158343668
9837,491.85,0.003398731517228055,0.08880671156090048
9838,491.90000000000003,0.0037686379477249753,0.08880671153494996
9839,491.95000000000005,0.004320188650491371,0.08880671150509059
9840,492.0,0.005139963696734461,0.08880671147073592
9841,492.05,0.006293590928560997,0.08880671143119495
9842,492.1,0.007514774417432823,0.08880671138564585
9843,492.15000000000003,0.0066131914069032394,0.08880671133310973
9844,492.20000000000005,0.006263665857607334,0.08880671127241961
9845,492.25,0.04542226599642252,0.08880671120217536
9846,492.3,0.051406669272307394,0.0888067111206901
9847,492.35,0.010555290692697753,0.08880671102592792
9848,492.40000000000003,0.005831778854177438,0.08880671091541516
9849,492.45000000000005,0.007603155440329382,0.0888067107861367
9850,492.5,0.006469683607115972,0.08880671063439732
9851,492.55,0.0052707845337187954,0.08880671045564222
9852,492.6,0.004402391217508761,0.08880671024423305
9853,492.65000000000003,0.00381617073216017,0.08880670999314204
9854,492.70000000000005,0.003423361306745308,0.0888067096935609
9855,492.75,0.0031576502194112666,0.08880670933437404
9856,492.8,0.002975829640371524,0.0888067089014586
9857,492.85,0.002850615276818229,0.0888067083767385
9858,492.90000000000003,0.002764840485311457,0.08880670773689679
9859,492.95000000000005,0.002707715095740571,0.08880670695160153
9860,493.0,0.0026725646342299894,0.08880670598104731
9861,493.05,0.002655508469136416,0.08880670477249579
9862,493.1,0.0026547305749903007,0.08880670325535552
9863,493.15000000000003,0.0026701505656653835,0.08880670133410075
9864,493.20000000000005,0.002703409324596432,0.08880669887793681
9865,493.25,0.002758165517720029,0.08880669570548505
9866,493.3,0.002840780123125614,0.08880669156174441
9867,493.35,0.0029615693744434847,0.08880668608283593
9868,493.40000000000003,0.003136955295600636,0.08880667874104885
9869,493.45000000000005,0.0033930372311406294,0.08880666875748117
9870,493.5,0.003771188485952034,0.0888066549601541
9871,493.55,0.004335258589780614,0.0888066355481549
9872,493.6,0.005172748572552809,0.08880660768958573
9873,493.65000000000003,0.006343703701058114,0.08880656681738762
9874,493.70000000000005,0.007538150651175568,0.08880650535958472
9875,493.75,0.006343278516131032,0.08880641037833976
9876,493.8,0.007767332912318751,0.08880625903989281
9877,493.85,0.0477600154107374,0.08880600965914916
9878,493.90000000000003,0.0493423927605575,0.08880558359156147
9879,493.95000000000005,0.008897400795126324,0.08880482862453817
9880,494.0,0.00613813300537144,0.0888034503264066
9881,494.05,0.007561549743614732,0.0888009313082611
9882,494.1,0.006390007848236807,0.08879683791319075
9883,494.15000000000003,0.00520704254989488,0.08879490159715057
9884,494.20000000000005,0.00435668805825286,0.08883233066659195
9885,494.25,0.003783435722388504,0.0890371470283056
9886,494.3,0.0033992054497550294,0.08853935806559549
9887,494.35,0.0031391206136260398,0.09004954818728603
9888,494.40000000000003,0.0029610493301205393,0.09077539550868818
9889,494.45000000000005,0.002838402914550364,0.09068505177045094
9890,494.5,0.0027544514118375404,0.09067590680213052
9891,494.55,0.0026986818214248323,0.09068194502582559
9892,494.6,0.0026646019784316217,0.09068643345004862
9893,494.65000000000003,0.002648458992441726,0.09068888733724033
9894,494.70000000000005,0.002648535920165127,0.0906901867540398
9895,494.75,0.0026648412589393433,0.0906908918620697
9896,494.8,0.0026991104560884003,0.09069128939128443
9897,494.85,0.002755119817817304,0.09069152261442459
9898,494.90000000000003,0.002839394499816782,0.09069166467206309
9899,494.95000000000005,0.002962497200890127,0.09069175420262596
9900,495.0,0.003141235555853675,0.09069181238194929
9901,495.05,0.003402320868807726,0.09069185123627452
9902,495.1,0.0037880721005713073,0.09069187782621352
9903,495.15000000000003,0.004363607939447383,0.09069189642527276
9904,495.20000000000005,0.005217090767675835,0.09069190969283074
9905,495.25,0.006402644336526435,0.09069191932609684
9906,495.3,0.007566731259060231,0.09069192643336584
9907,495.35,0.006079797424946399,0.09069193175365312
9908,495.40000000000003,0.009199854824781766,0.09069193578923147
9909,495.45000000000005,0.04972536664368218,0.09069193888748052
9910,495.5,0.04732862796985151,0.09069194129253415
9911,495.55,0.007486895052034729,0.0906919431785152
9912,495.6,0.006391063100041307,0.09069194467130785
9913,495.65000000000003,0.007531367024444283,0.09069194586307741
9914,495.70000000000005,0.006332434013541479,0.09069194682208763
9915,495.75,0.005165005363583951,0.09069194759945236
9916,495.8,0.004330959775643222,0.09069194823382991
9917,495.85,0.0037692865528168823,0.0906919487547326
9918,495.90000000000003,0.003392697344272215,0.09069194918488954
9919,495.95000000000005,0.0031376286240145566,0.09069194954194752
9920,496.0,0.002962910153442478,0.0906919498397159
9921,496.05,0.0028425713514415745,0.09069195008907435
9922,496.1,0.002760270236681888,0.09069195029865391
9923,496.15000000000003,0.002705741024184277,0.0906919504753437
9924,496.20000000000005,0.002672655660932524,0.09069195062467415
9925,496.25,0.0026573782754673336,0.09069195075110761
9926,496.3,0.002658285323051882,0.09069195085826384
9927,496.35,0.002675472324694521,0.09069195094909031
9928,496.40000000000003,0.0027107709415202666,0.09069195102599684
9929,496.45000000000005,0.002768080805990576,0.0906919510909598
9930,496.5,0.0028541025393596783,0.09069195114560626
9931,496.55,0.0029796653244315943,0.090691951191275
9932,496.6,0.003161996791333759,0.09069195122907152
9933,496.65000000000003,0.0034284782728937254,0.09069195125990617
9934,496.70000000000005,0.0038224683542564942,0.09069195128452995
9935,496.75,0.0044104838186675484,0.09069195130355856
9936,496.8,0.0052813958120175005,0.09069195131749468
9937,496.85,0.006482582130105972,0.09069195132674446
9938,496.90000000000003,0.007610995312977628,0.09069195133163166
9939,496.95000000000005,0.0057918579683846625,0.09069195133240948
9940,497.0,0.01077979763637181,0.09069195132926759
9941,497.05,0.051672032744126385,0.09069195132234262
9942,497.1,0.045106886769020936,0.09069195131171952
9943,497.15000000000003,0.0060684977762249445,0.0906919512974403
9944,497.20000000000005,0.006649612503669812,0.09069195127950476
9945,497.25,0.007513565350958142,0.09069195125787384
9946,497.3,0.0062888315352423035,0.09069195123247206
9947,497.35,0.0051373686177541645,0.09069195120318677
9948,497.40000000000003,0.004319852612852515,0.09069195116987112
9949,497.45000000000005,0.0037699132853271805,0.09069195113234073
9950,497.5,0.0034010761695941263,0.09069195109037503
9951,497.55,0.003151100571264375,0.09069195104371552
9952,497.6,0.0029797863534714274,0.0906919509920609
9953,497.65000000000003,0.002861788052436994,0.09069195093506924
9954,497.70000000000005,0.0027811569180370742,0.0906919508723478
9955,497.75,0.002727878036902368,0.09069195080345255
9956,497.8,0.0026957898222845964,0.09069195072788008
9957,497.85,0.0026813747348173695,0.0906919506450623
9958,497.90000000000003,0.0026831030568716103,0.09069195055435426
9959,497.95000000000005,0.0027011569072191394,0.09069195045502745
9960,498.0,0.0027374627578910476,0.0906919503462532
9961,498.05,0.002796040853034964,0.09069195022708954
9962,498.1,0.002883762574866932,0.09069195009646394
9963,498.15000000000003,0.0030117155883675056,0.09069194995314962
9964,498.20000000000005,0.0031975336399074593,0.09069194979574181
9965,498.25,0.003469242896235922,0.09069194962262658
9966,498.3,0.0038711923573852133,0.09069194943194613
9967,498.35,0.004471189656449157,0.0906919492215595
9968,498.40000000000003,0.005358542545367601,0.09069194898898437
9969,498.45000000000005,0.006573059765575757,0.09069194873134379
9970,498.5,0.007659404664963491,0.09069194844528496
9971,498.55,0.005490791504951277,0.09069194812687947
9972,498.6,0.012365153551224816,0.09069194777149968
9973,498.65000000000003,0.053334450172600766,0.09069194737363957
9974,498.70000000000005,0.04287687918109964,0.0906919469266745
9975,498.75,0.004797795442885958,0.09069194642252862
9976,498.8,0.0068747784764765785,0.09069194585118197
9977,498.85,0.0075023476275190805,0.09069194519999832
9978,498.90000000000003,0.0062593674586254,0.09069194445274005
9979,498.95000000000005,0.005124338830536428,0.09069194358819835
9980,499.0,0.004322710270323869,0.09069194257827412
9981,499.05,0.0037838949290717764,0.09069194138535541
9982,499.1,0.0034223781938588623,0.09069193995879128
9983,499.15000000000003,0.003177210245691904,0.09069193823031202
9984,499.20000000000005,0.0030091142972586992,0.09069193610826999
9985,499.25,0.002893335098187843,0.09069193347087116
9986,499.3,0.0028142941579382577,0.09069193015903414
9987,499.35,0.002762212806921306,0.09069192597076454
9988,499.40000000000003,0.002731086653466422,0.09069192066133061
9989,499.45000000000005,0.002717510602057551,0.0906919139586839
9990,499.5,0.0027200450483216604,0.09069190561372015
9991,499.55,0.0027389564721477244,0.0906918955248809
9992,499.6,0.0027762650537627703,0.09069188401313874
9993,499.65000000000003,0.002836111629338281,0.090691872383707
9994,499.70000000000005,0.0029255396812542106,0.09069186398428612
9995,499.75,0.0030558988112950702,0.09069186595779201
9996,499.8,0.0032452360040312227,0.09069189137285064
9997,499.85,0.0035222358049903533,0.09069195908331583
9998,499.90000000000003,0.003932261095839803,0.09069208161681298
9999,499.95000000000005,0.004544440370485133,0.09069221829695129
10000,500.0,0.005448493621333718,0.09069217573360172
