Q_init,r_min,r_max,mass_ratio,L_norm,E_spec,v_spread,outcome
0.5298772479638196,7.69802663013845,10.036852798473898,0.4311504012705561,0.682848156944279,-0.18635760127029957,0.19490968152355131,0
0.7315759787175562,7.933735804665061,10.559510790301976,0.39052598429884045,0.5308056137537398,-0.14027960234752018,0.11277192798223716,0
1.4532520120317896,1.5135440261749826,8.167383416482934,0.39600917848276723,0.6165797985393612,-0.10509891048323344,0.05032982669515634,1
2.1704067620076177,5.913190707266628,12.07963461732834,0.4637792783408608,0.496608567331689,0.0135380985070945,0.19875749408123222,1
0.8817787469318886,7.676875775950925,9.965200218068945,0.5142025254542819,0.5641485749399539,-0.06166000348159853,0.1643276256484548,0
0.5991837368149989,5.386438625252695,8.184751309059205,0.4453618817876542,0.518382714513153,-0.17401331508159912,0.28447225743364896,0
1.0872683088450317,2.959057379956662,5.720447182912478,0.5565031864571587,0.2054610018372232,-0.13881114951812734,0.1723612294603246,0
1.242272433310931,1.9953213127577043,7.752971290354645,0.48323527248687864,0.757956831583328,-0.11053881317526162,0.07730470389687838,0
1.0090050227372684,6.419805800342042,8.606489075885845,0.4005694718104594,0.675119728551135,-0.11875949103734948,0.070784108898818,0
1.85901841626057,4.092845543950688,9.111165848940512,0.3751607933312282,0.8337039874875447,-0.027666749275199604,0.17046680047351018,1
1.6953363986218262,1.9465328816354928,4.1413524131619885,0.35550865923080216,0.7883830259321876,-0.09201379483807454,0.04890622194475019,0
2.0669755374580103,6.523211882074989,11.318544354085292,0.46083874835961436,0.8552896910531006,0.0072071519133973016,0.1263931089919405,0
1.467736679326801,7.351862985981535,12.811559601216784,0.5206836995572744,0.6809924863874561,-0.046057499580631586,0.26920363837934724,1
2.9774714206079533,8.538093016902591,10.169472554470948,0.43231394892538283,0.4471887618124494,0.11243618167289501,0.24401746863420742,1
1.2568878514658812,1.8316216115786812,7.9785159754385395,0.4121190852589683,0.5264882801368233,-0.12141798666958324,0.2713505349023901,0
1.4561133566242588,2.310962557646648,7.667310867709064,0.4632582317905754,0.2864680954264618,-0.09425757478684704,0.3109987642049682,0
0.6706366319613606,5.465580908382714,11.096998492775164,0.5375347645194047,0.23841561746753623,-0.11259368396174055,0.1313964576291394,0
1.1787385198816347,4.605637238546015,7.2042288277220745,0.4622991102528455,0.5585626315445362,-0.1356602062689938,0.1489522353954126,0
1.511256003529166,4.051959381853303,7.71943742358881,0.48975158667913254,0.681586907239759,-0.03388584120669124,0.15216785833384042,1
0.3895095531808425,7.666716746532914,9.970754376870472,0.3847390794710916,0.595681364944857,-0.20421980481715546,0.14373680218395296,0
1.0580115732595068,3.725054656758589,7.214010578023017,0.3799560490315098,0.5060474877905116,-0.13428791595396086,0.04970924216716074,0
1.3571591623025667,3.8333260317647775,5.93076941443302,0.4931798241674149,0.5343596525320928,-0.1338929877509167,0.4037994859467041,0
0.8287335568352773,2.8209396624969294,6.532104094226768,0.4407368216335119,0.6446642336620552,-0.14649035602691554,0.14600390320718087,0
1.4337694739541982,3.723768718526917,7.200485405285521,0.6148651424904397,0.4067829181124161,-0.058460058760495946,0.256112165945433,0
1.1156612993381723,3.5643780101586406,6.669972856233191,0.47187159845361815,0.6402040025221728,-0.15825222314393161,0.5547007435478234,0
0.668343860171649,4.558572619791139,8.512380262511156,0.39311375910987534,0.21896822730575285,-0.28415398262515734,0.1807403424149795,0
1.6499358719054227,5.288474816838903,8.383210134657327,0.46913510350113397,0.6761222913815426,-0.030026692097696105,0.08589806537890445,0
0.9182235144190385,4.709005046633037,8.491601655915629,0.44573721236144415,0.7226661037975953,-0.14068886471167671,0.031084956894433587,0
0.5406633065596209,4.739952829142089,7.522553431967345,0.48006371475646675,0.2340044013426958,-0.21263407650744487,0.20510928475970958,0
0.9882158374535052,3.710148260082554,10.060037495729075,0.5372133850054457,0.6994438691715997,-0.1500896558071902,0.28781301443378005,1
1.249959144918052,5.069743217247082,9.125784313570367,0.488771108498296,0.7964805097221704,-0.10125692105162831,0.17433009058271987,0
1.1504001481864679,3.86905130463268,10.151508227859157,0.5300763936705688,0.5170057761892639,-0.09485276925168303,0.1987852436697937,0
1.3561200664041178,7.22208082208665,13.480495531624468,0.3781076627136689,0.646275390114859,-0.06095768629686197,0.2507610978611452,0
0.7497069701211606,3.349771909450741,6.755680237778595,0.45928742172977655,0.4785723924288801,-0.2140665777998959,0.1707031792149472,0
1.6847041356841044,5.189225447971862,10.279922382466669,0.42081362288347746,0.8267116966816689,-0.05449362926789403,0.35951025809831516,0
1.1876471771548769,4.193025866180925,6.4132433450526385,0.5722613597812514,0.7833146593616527,-0.084076111263185,0.23840399942893076,0
0.6385086699527459,6.018704198124962,7.5753820156686675,0.5113772289594386,0.5643863428532091,-0.15020337277668513,0.027649345454049946,0
0.7657750628259814,3.7358913439345693,7.412702002332576,0.46772718336274083,0.5382453171146573,-0.20698707412374975,0.12014855107933542,0
1.2849080642813697,2.267273657133849,10.46271806970814,0.3939023335220426,0.40083019450992063,-0.1284441476865148,0.07096471070938803,0
0.7535651507456638,3.3151770361423543,11.398773022444635,0.4877633909861983,0.278658528057683,-0.1250433298815478,0.12157190902323753,0
1.788620808869793,2.9929668734520725,8.81295357615863,0.5296691113439674,0.48109423376586186,-0.029630720030112138,0.13444790298576978,0
0.9314116020079085,2.9256900041873655,7.50478020616351,0.4575503129561829,0.5544052890765998,-0.19068711136027697,0.1550448995683752,0
0.9955857245527078,3.9050784753353605,7.698775146774002,0.4649013850762743,0.30032201047162155,-0.15144697388609885,0.48405879714377503,0
1.588410558161982,1.474166033102114,7.380101675318652,0.3815408758709576,0.6245403895558604,-0.07030880158770536,0.10298433103579833,0
1.2217443091655094,4.682126007140634,9.682584952090684,0.5646593201602562,0.728352677769692,-0.0775913419116235,0.31765687030809997,1
0.8787418535048608,0.9930465917101421,5.283623908394322,0.4861418731089631,0.9182913581716233,-0.2867960358090406,0.2083953234106766,0
1.4716496466784013,4.604609710265305,8.994480589332822,0.37100636731365133,0.39759107749245476,-0.06381392036094466,0.11517342546821412,0
1.4046015649875747,8.46690661068365,10.24125142667585,0.37259956411907835,0.7377778192422585,-0.08136869003277075,0.1863333159478884,0
0.495367797894487,6.229636156270704,9.445586766540215,0.3869161916083524,0.8272703481396054,-0.11882593008625032,0.051132806662757886,0
2.597626859854562,6.7454369532328835,10.608537283172518,0.4228585610625809,0.8031125080454761,0.06645639225191854,0.1761964208554488,1
1.455634349273294,8.202321682399859,11.301913735842241,0.43268687130012007,0.5133233205079597,-0.052051264230156595,0.24217072121757927,0
1.460844923488236,4.491258119022271,8.092063603973832,0.387558234281932,0.670102353869087,-0.08789789861822905,0.22085709400978368,0
0.617675330089898,4.6624191212339126,7.075831819645018,0.3724085006734277,0.3782164123800363,-0.2125454993879497,0.1598875470662299,0
1.0955989788378144,6.013252747054558,7.2879127864047675,0.4032608220411388,0.48820599513905016,-0.13065842918021273,0.1392905518453125,0
1.102237423122809,4.827113240125678,8.750539689474477,0.6692567859389842,0.5480882243481504,-0.07939475851749621,0.20506915623033595,0
0.8276474806298871,8.05076508360548,8.721305803002815,0.41010667167210785,0.5080099481327075,-0.15392636865347245,0.025512903244369757,0
0.7466038163311457,2.457125476579125,9.66355936882354,0.4721577083333504,0.16656166640782105,-0.1486069218798637,0.4047448895792473,1
1.6875029062309308,1.6307596837353613,6.814521227795673,0.5094324625541106,0.768022907795519,-0.05181503901905583,0.16629607063995097,1
1.2945927034324616,3.3608833538634553,7.961491584518604,0.4809064817382061,0.4299806847581206,-0.13403842809041222,0.20811252184378123,0
1.235791205766405,2.895107262718312,9.432050574684437,0.46637913778016765,0.2233175263895288,-0.09539755858769952,0.6537820020126421,1
0.6846809656089141,1.7316648182824717,4.9363246903555975,0.45472851029920436,0.44284568206103314,-0.40659099268436416,0.05758199013230309,0
1.0077675690261787,4.501086534042488,7.740869505805855,0.5578724582870811,0.60103437576732,-0.14417296926183334,0.40867593184780693,1
1.6398363877869078,4.4395164307291894,6.4907142435185605,0.39473610423397687,0.7867008691056864,-0.08224080249535164,0.1829287542093489,0
1.5188694572998414,3.0915814641625707,5.497997432256844,0.4867615900933755,0.5960203129938804,-0.11494399560260622,0.159915266468548,1
0.8190779679401698,6.164322653025508,8.439057464748531,0.3631480189239232,0.6189107583377185,-0.19378046255707654,0.15490932963720022,0
2.5105166557547935,1.9642605342922674,8.980004900706504,0.3909293999429793,0.28680155076456876,0.09632259819405405,0.26542896188274256,2
1.4008440287903292,5.50888634499462,8.191388438184688,0.540916526084802,0.3133047894663385,-0.0451299061465265,0.0712810435910481,0
0.1934234974959509,3.2290748924597894,6.690991226239801,0.4770329859109815,0.40630087993528374,-0.2951520466488284,0.2019739787002453,0
1.0791906972949536,4.725588249786062,6.8910066048875045,0.4443315352667695,0.5685286128041135,-0.1286098043140816,0.22246926064562741,0
0.9609098070759985,3.163623697136635,8.211136680093325,0.5408629263899165,0.44208683319443987,-0.19598924055930442,0.25995629322402397,0
0.5260897363483368,4.172697695675291,11.215680773848486,0.3655746196453854,0.7113139215428034,-0.2590344851728727,0.04074492215022672,0
0.8101292034448431,3.3140131185191373,8.594078350702363,0.4194289398059359,0.41477313875541555,-0.21479167355015483,0.12729761180890853,0
0.942137804125463,4.406569242902223,10.608340077842684,0.43048498587661765,0.44876943346750875,-0.1570899361485856,0.2700973484361673,0
0.8660809852259417,6.058717411547213,9.994884081668417,0.5099188323192358,0.26622682955820653,-0.11676830599428623,0.1890497322220324,0
1.054045704968921,7.96541136121548,12.82471314787361,0.47647243312639853,0.38215178194728144,-0.09267897047485547,0.3426950223058772,1
1.721793817707866,2.9581550293589096,7.251884712273543,0.45379583129251416,0.5307895701149878,-0.05592521163481622,0.23681184026554758,0
0.4196124301655575,2.769590932124492,7.66214573043951,0.5255387869926919,0.2958765881513322,-0.18375813551458728,0.07177423956952197,0
0.7938714390729765,5.57588321831067,9.35847570339629,0.5483259097744234,0.5398532998805294,-0.10604384074346788,0.1380500263728744,0
0.992260364725298,1.6154710853672447,5.298193663663936,0.5060187769690849,0.43321472449375,-0.3200614968198381,0.34942959355878467,0
1.7334480652379884,3.3460601655463007,6.971774711352941,0.4748571151250148,0.7009390492938106,-0.05263546052689899,0.18454473986089237,0
0.9938773585982256,4.083114656033623,5.64401419554291,0.4309444903501436,0.5640836437203672,-0.18592868001226762,0.0970314847733078,0
0.5334446553168944,7.921778096299411,10.100918634346586,0.5759712367065806,0.5572972335941527,-0.09299432990298959,0.14320853762497898,0
0.8461121670181976,1.8798626844907105,5.483655111399357,0.5061237456145341,0.7395748410240225,-0.23839929605620747,0.10098944228199752,0
0.5847898902774594,5.902463573253298,8.529533114129043,0.549234934951415,0.3266159840384187,-0.1355670684484219,0.07186118177389096,0
2.151706054406595,4.863805928993644,10.306563704546175,0.35018760966447304,0.27360840036045736,0.008051335543401572,0.15855563333597633,1
2.330003589335193,7.420514002540527,8.869475612927193,0.49253838114638104,0.6680524351306797,0.032878575455410744,0.13468868988863286,1
1.5674485982645217,4.768458799080739,10.823275184922291,0.5109386360655761,0.2987831830126088,-0.031383280460362185,0.41814180112243327,1
2.2148580970078595,3.712297079229173,5.518806391924991,0.3877488248245065,0.3516551170072958,0.04287380373296601,0.21137023854372958,1
1.279612144560162,3.2769933364726263,4.610754642014477,0.539675351409441,0.4396753094579193,-0.15083175923087264,0.4121829889956947,1
0.7759326889802064,4.310929490462236,8.878669012307942,0.37749990698288827,0.6982710772442106,-0.09323767489356961,0.05162826145946583,0
0.4949162731232926,4.584982767553923,5.774840513949231,0.4943650763979061,0.2177416932783213,-0.2142848904508678,0.14175606257704026,0
0.9753757503111757,2.188000587911019,9.44317607934787,0.45867072929157937,0.3315723817929802,-0.12334783722523386,0.18961329453229442,0
0.9129730475068395,2.983840059373706,7.404510915945478,0.43664855586055595,0.3492770184774212,-0.24477083133839686,0.1379263158617166,0
0.6465509899219047,7.38418897261103,8.055277121705519,0.549917989821982,0.8472467610726019,-0.09451118183518165,0.10361071315277057,0
0.5879105257637559,5.2703087361232805,10.348836489960984,0.36987026290140707,0.5132707223575596,-0.1319112528380986,0.0847316389316237,0
2.055408608293837,4.250944541339058,10.782778687430845,0.3971720622041906,0.6070276469243997,0.004435531409705607,0.19664771704966855,0
1.2336213450294737,3.326457846791199,6.349874773822519,0.5396998618351135,0.6857886058981106,-0.11636109208233938,0.3189914175375134,0
0.8960749516739682,1.7421191447229423,7.803862535398544,0.4860982266611823,0.6724207658602094,-0.14988559861116899,0.40781556687888126,0
1.464899408929901,5.630100598734103,9.281782691826514,0.3971735598231504,0.4325536024477227,-0.05686074336305492,0.09828916891609828,0
0.5841501594180422,3.5199428556698065,7.37894071969987,0.35124423596599175,0.4143101884017684,-0.342471982401656,0.0919262871158199,0
0.5905056369550029,2.8247726436671243,7.536625256380434,0.5178133665342913,0.382052630234474,-0.20328758131972047,0.13280651958336134,0
1.6395577649835251,6.859343796897859,10.252939679060866,0.6393301489579667,0.5102992623533792,-0.028235475077453755,0.3127879037383943,1
1.1877192401489545,2.4426628622208013,10.05677363715958,0.4664957797009782,0.17632577847719996,-0.10463854368514391,0.0805951025696017,0
0.7212073256270678,6.966605305232952,8.474531835844386,0.4222380601482382,0.22753153439693027,-0.1526395421220511,0.028414936110165274,0
1.9769553569973923,5.563924827203879,9.891519423553357,0.42351066601031556,0.574441998483519,-0.0014060481763055253,0.10593868584597076,0
0.7418558208337862,2.939730869664187,3.429379648627999,0.5542791078140243,0.504421245559258,-0.2716627075662727,0.16439255642646933,0
1.0679858068832937,3.1147282646913954,5.541005373156593,0.3493452438261434,0.6525306513226056,-0.12062642478572945,0.15045403978482147,0
0.47872544448016047,2.4641377955704824,7.066217912433687,0.46230865191669696,0.610672469173063,-0.38108261673152966,0.24668714238947906,0
1.162253560684634,5.671583815897927,12.02493660890201,0.4220854426223049,0.5197317860194485,-0.09771614995126782,0.141530595548927,0
0.6167437283736539,2.6553912005791,6.0526737220567775,0.41029891871697083,0.2900362941058126,-0.3727667248686285,0.1961363284822516,0
1.6191780599232928,5.413003910267003,8.868683676068436,0.42354588301581597,0.49729350912277226,-0.057192317796588545,0.09635352950563873,0
1.042908567694824,4.867045780637989,6.511165461530027,0.42004910360012415,0.7849086528834052,-0.14991201499561854,0.1940404079506541,0
0.8843409324249549,3.6065119784278035,8.442453322697943,0.46530602329533144,0.47110441848521617,-0.09636840133469701,0.10199430344570064,0
1.242323702877733,5.43115903336957,8.12139446491677,0.4445970415362451,0.8076328654644066,-0.06805362123510669,0.18806325899373788,0
0.8932018723348405,6.602670511804511,8.019307316262513,0.6547763423731564,0.5311701469149825,-0.06438928195004164,0.18198240183534445,0
2.41037954608144,2.8116299137654575,7.69447868050405,0.46309471349888004,0.4706050733584866,0.08939472739804043,0.33150266236636966,1
2.405516254793404,3.8538840704667967,9.26735196086707,0.5981180213386745,0.6026133918039994,0.03077094735423872,0.24060413926699284,2
0.47038325302146683,5.8791331358798855,10.307336540986707,0.4006716624033851,0.6995545501416003,-0.1808041015479999,0.02236537148839951,0
1.1319663649905196,5.741532904323405,9.687174732570995,0.37904954917616207,0.3191548315617223,-0.07826365958348122,0.0534614094171326,0
2.591191829482492,3.272127342923845,7.094482584729485,0.4408198705297641,0.534727231729753,0.12301963363334845,0.2678503912969788,1
0.7259549826315808,2.97321233426814,8.268609384887501,0.5765353705389598,0.546118631385452,-0.13406378576821373,0.0860281277736169,0
0.9745054793035303,4.646342195259574,8.076403078306805,0.4556910311262934,0.8542112602719454,-0.18175729707642516,0.0705048972128644,0
0.9298589579869564,2.885246369939009,8.83835621749031,0.4075120097010699,0.3067913806595354,-0.17773552943109014,0.12225599751434084,0
0.9094351472207537,6.736446102481902,8.766620385572697,0.35754439356015066,0.8030207810478387,-0.154781873404326,0.08683274295145019,0
0.48161475541336524,4.401732873235156,11.275038838757922,0.5439239190558469,0.6959949534931088,-0.13193810899008535,0.12200333755224456,0
2.0256457973361646,5.803248379110048,8.506263531264283,0.4744116779086539,0.5109237499856687,0.002467489729023648,0.2999554543439333,1
2.334880362490632,3.550314589633685,7.537198268702347,0.4245237415176796,0.8999842314957853,0.05298886102120642,0.23752382882362044,1
1.4022210698558024,5.310131108977506,6.656959929560189,0.4126467727072941,0.8725212333679426,-0.09004704749834917,0.12583754027490707,0
1.4546074030543725,2.95416903793485,9.17113963670663,0.581651971404534,0.44758555134316,-0.08908220671856555,0.1652194647022158,0
1.4974353813608186,1.2753613316383394,11.584766418548883,0.42762240434510235,0.5715972746352638,-0.049535274372474715,0.019303177542620932,1
1.7395768795746784,2.8910308578954327,7.67254902684858,0.4077550642191501,0.6647962487188926,-0.054717423072610655,0.2722447694620103,1
2.351307499766552,1.1792652515908224,6.073829156127881,0.3589375415875072,0.5202836541434214,0.09281789488398154,0.4722850576358012,1
1.1514779981585188,5.444976465893279,11.173926215910575,0.6530600922410105,0.254098615285462,-0.05867226284339564,0.1874567801765034,0
0.6929091912593989,2.557673884723953,5.933045471542088,0.5620605052139648,0.5724413441684407,-0.21483875684244075,0.4898807916671465,0
3.0644933845250253,4.508147987843123,8.867169756606287,0.369752565200428,0.09787157584172734,0.184383956333279,0.34066422845173305,2
2.810786985533825,2.11058510388493,5.429939606236422,0.41137698270035233,0.5939600598521576,0.1531952170219149,0.2919339835365639,2
1.0472843070460636,4.0744255284508695,9.769079066014546,0.44156477654495363,0.9553068682389696,-0.15591981928314952,0.21026253339372364,0
1.253682675764638,7.747927943373404,11.159876238360866,0.4862142722933325,0.4683087147479434,-0.06811592145351722,0.13214483792624268,0
0.9478377266911927,2.3284656771887047,9.788113900289447,0.41405253072716164,0.36690071459837864,-0.1904524059533019,0.3509141533775612,0
1.1196893526542233,3.1769350804297156,11.712361131200483,0.4276806766341615,0.8500117703287831,-0.10851928767824061,0.09010359114147382,0
0.5089175390923966,4.683878813064074,11.440829745531747,0.4838547759620285,0.9195384577328097,-0.14752200323419043,0.017525322073560324,0
3.9246615579978577,5.065039402308824,8.404103121370557,0.4385019559395192,0.29565196870653404,0.23890744811113154,0.4587358091091482,2
0.6665050288129011,2.752553198941278,8.101388080983789,0.34855470190228216,0.5820856265646914,-0.30385208181259077,0.06991885279300598,0
0.9649422175441933,3.9204530833413864,8.020481509476188,0.34323439383540827,0.6711102764062727,-0.28521520306735926,0.17448936360398898,1
1.1522533528263224,3.3601155022679308,5.451419425723679,0.4587247106416774,0.7445578929279641,-0.18927765748123757,0.21684366535204075,0
0.48110429970927465,4.883206829466653,6.198954009981943,0.44232117197944315,0.4181882049191082,-0.2768262434111515,0.15419248947327502,0
1.5489008637730888,3.227558208194714,4.969903340066295,0.45288961596219596,0.3289212604166318,-0.0845207244666761,0.20562095966298014,0
0.8212707175538421,4.863858760879605,9.089476697195618,0.42173510753694576,0.8291283032407891,-0.11488880098926009,0.08709282140602909,0
1.4663676954453437,6.014786897272186,11.367461119366254,0.3591071640122645,0.23797122180575844,-0.07826582136772414,0.15174753077365374,0
0.44637261163243475,2.3255285176968616,9.670758587625158,0.3698507941364565,0.5507560737962796,-0.21411487248087216,0.050266860209533686,0
0.38637830736530443,7.119486269414517,9.683369737966903,0.5267220668031514,0.9666864493345932,-0.1054011465993562,0.14357561232825453,0
0.8722236873513499,6.26004012208,8.962390142928765,0.5193274863361067,0.13502664580460266,-0.10116869100122076,0.06520992995307018,0
0.9306335153962307,4.350633470480659,7.458231496177962,0.38775333759586367,0.33897398664671563,-0.2277314917300547,0.2764027721353256,0
0.9629956459916154,2.933951177104299,10.276857422174604,0.4160677127222846,0.4685638308119984,-0.10027024912914319,0.11646544329562268,0
0.7238433168706503,7.458983978838639,9.74652040912477,0.43511421673385525,0.39601837781926175,-0.12325598814775564,0.028434329281074193,0
1.8826494420155553,3.036144505506087,3.949764926584089,0.37459507292941835,0.43088573089103854,-0.020240899805471155,0.24898901735437204,1
0.4511434941284438,3.403210375770449,7.282379803768008,0.399010497277896,0.8743823898570001,-0.3146749721000668,0.04100831404851656,1
4.647554973099196,5.856031314739878,11.23285940453516,0.37574723435084056,0.7857079017471505,0.4396293181385295,0.3101183076567262,2
0.4009059843212527,4.656577676270111,9.077908196911041,0.37151193943255945,0.6490225150114992,-0.2857599191374268,0.11951821079031366,0
0.7550927939456868,5.1048797068007605,9.761030715794114,0.40064185801355845,0.26267107529194855,-0.18703392573370695,0.1994533852593673,0
1.7670392643605155,0.9860205983773391,7.654956349153394,0.4016127041405389,0.2891963321320743,-0.0988616019668073,0.2774671356940057,0
0.4687117749675991,7.903811700671611,10.580820987145099,0.48550588152503077,0.33006467470942863,-0.15418695339096178,0.07566574823086616,0
0.9917994915319528,3.7390932812762148,4.355750809023805,0.44001643781346533,0.6543778451542862,-0.19675171092917795,0.4390133911995933,0
1.1944983538322846,7.0909241826893314,10.18513391611229,0.4395537623496121,0.5178474005715309,-0.09194172542725236,0.2728233355968622,0
0.6730090979904566,7.7280417944408,9.527252589600401,0.6224667030512354,0.7375634121223701,-0.08800850893824629,0.16236436672904603,0
1.1488370941490331,4.27914442037524,8.082436038475649,0.5013275134587274,0.5520623046902248,-0.12668088800629773,0.08538024081588505,0
1.5165166900572147,4.644181322250857,9.260993391755061,0.4575091750329255,0.5221173976033239,-0.08872755497506236,0.32094885417465324,1
3.2232952583239913,4.773647070561119,6.333081388149296,0.4649496933245546,0.8240119717562653,0.16841654893628163,0.5339636674886232,2
0.8723606873799825,4.64828323180273,11.44868658534081,0.5218687425379992,0.8312888070553844,-0.06440178314525818,0.1593580088819333,0
3.7597312359667585,7.645366521784948,8.53676910717747,0.3996275930172208,0.674952145565225,0.19029478698018595,0.35986851416645643,2
1.2292833030044943,3.8538694171983665,10.285896451306154,0.4401845873783866,0.5483484032581337,-0.10930061016334665,0.18576075657128777,0
1.0386739295588263,5.264208235964008,8.873277716819452,0.39180595263115103,0.6915127586908741,-0.17785794978910355,0.19881993248493676,0
1.7123560529345079,5.496095418306929,7.2678263668754886,0.33921637891169326,0.7181955897147646,-0.044778573779984225,0.1887266824648166,1
2.1056619674617774,6.690086787298692,9.575832298973454,0.536841632422812,0.554195701720113,0.00770349554954987,0.19874417685031134,1
1.2675461689388885,8.286138220750281,9.928391906344945,0.3938707562059801,0.5852790555335015,-0.05503329525776525,0.2168033958139773,0
0.5121710407004487,4.006706022922821,9.780291974275931,0.5008457614810712,0.9208690648783644,-0.1721092124299798,0.056826235698129314,0
1.5350668970843395,4.106917149535568,8.67619168101774,0.4828310122314353,0.4253998432134777,-0.07163497459446308,0.05464558612878477,0
1.9361035816769565,8.05985716435229,9.18173881999636,0.37825038990355947,0.511428874637887,-0.004033508401278638,0.13357973007635315,1
1.699230873598277,5.63932798236252,11.022389702926759,0.4951060971576513,0.6605351369882964,-0.03749129383587808,0.14251256193862155,0
0.3113509814815998,3.815409771398079,10.154311201223665,0.501523161025482,0.23211290045654764,-0.13938929235861028,0.05066650945424857,0
0.3496070944249106,5.333460205829151,9.200551231021311,0.5618885463016806,0.7239104134949661,-0.13876777654854097,0.08826597156154661,0
0.8572905858303884,1.9404683265351694,8.891055427808498,0.43725318254218715,0.16242006095886022,-0.19294226127784836,0.04642000116445915,0
1.416977275039416,7.7044637519803505,9.141351859744002,0.5042298402966167,0.6143300739442845,-0.0551516472287221,0.3227548958813484,1
0.43999524609425705,5.365856107572584,10.659562849509541,0.3534962120180246,0.4820418706034063,-0.2498467553292285,0.05821222709193844,0
1.010262561421036,3.496046226310389,7.477338201639827,0.5519122645895117,0.5772335576973702,-0.10772175805021675,0.17461933935798635,0
0.7079997313759386,4.902942407925789,10.043278250918162,0.3608140315328739,0.5389573082396535,-0.1473872775413249,0.04794636297133772,0
0.8399101854490992,2.444038178682335,5.7675398875879935,0.6317546977010547,0.43022051659039395,-0.16222795000653675,0.14674303436740982,0
0.6220061299617528,7.360525380202248,8.878510222305263,0.48983224445936896,0.5765676266818941,-0.13207991462864932,0.03399114721095156,0
0.6505786089593116,1.959363559825942,5.713095452022978,0.5601832955603446,0.6670349444775334,-0.21407354438879472,0.157795983896583,0
0.5742313382044112,4.364033231193067,9.468511139891259,0.5351465719470678,0.7034224672783544,-0.12268828700613979,0.14283044685500787,0
1.0583912403664861,3.691311278361075,9.695648457276546,0.4378848616106901,0.47925410830243,-0.15875328775267336,0.31192817815343504,1
0.6752283964313185,1.2295352318368056,6.914653234509186,0.3917110149458608,0.9036227552570234,-0.376927367342043,0.3340893694973664,0
0.2853660139799163,5.313815056921222,9.4591196790843,0.6045305712574388,0.6860930004795602,-0.15524043455570466,0.051069483722817624,0
0.7870023119967412,3.0527293096909314,10.936862564139325,0.5602423910505556,0.6221448184591492,-0.1494874688011574,0.12028883221787735,0
1.0782887605547045,3.649161644300952,12.424434586984656,0.3959324150038666,0.12831365841333067,-0.125664814376327,0.23624349174735496,0
2.9586728767161734,5.963237019088766,9.560852551764285,0.3958262602755768,0.5540362575795472,0.10366368245599022,0.1343415367017041,2
0.6675507386050699,4.106145200165817,6.963838472900276,0.43544597664084933,0.8417950418865658,-0.2332968638466592,0.10377397312100971,0
2.3797938911500194,6.104528604787676,11.327604135308748,0.42465141026362935,0.8518491482145969,0.04056741123125733,0.21896029825576202,1
1.4493895966445718,4.0679501321387495,10.870132331514194,0.3532962088367997,0.41382355448652697,-0.11506970784333287,0.23449133789045654,0
1.3466600084319882,4.103348477632461,6.772068988956693,0.46218676012683607,0.5458138491815911,-0.10615262743123403,0.020035188659095805,0
0.46803797085230076,7.721725106451263,10.67253557227154,0.47018198137581224,0.6307441989195216,-0.12233196454253632,0.19390409668154096,0
2.1853261126353196,4.726825096838068,11.470705344086523,0.46783040775368745,0.5007308618610086,0.01901577288963267,0.06316142075560882,0
2.4426061026835755,5.504885186093836,8.507587933645796,0.48003953296641794,0.5957280954895817,0.035517289311207456,0.1250190408896558,2
2.0908222770241687,5.989822300738038,6.955683290499489,0.35045166487974855,0.51509999890082,0.01887520118574357,0.3570855542116659,0
0.8456704025680511,5.170941055885911,5.672852731944907,0.6202823578341692,0.6714144668055294,-0.13464382019412255,0.19198768061451993,0
1.0906740878793657,2.4996249902728707,4.766905422364012,0.4656817610840942,0.7012431872429451,-0.19076585212802366,0.14449685135831794,0
1.0518188137560973,7.031192529570764,8.958449095840127,0.4342969799141138,0.881823877427959,-0.07220806788339885,0.08724546450062015,0
1.4154037383010032,5.762148488759289,9.293394001456603,0.4040771595145464,0.6943553609535675,-0.07156573981164405,0.17843548161777845,0
1.1167006813045235,3.4205598807469713,10.603879850214646,0.4065266418370511,0.7733139414852499,-0.16655768831680925,0.1087795997541448,0
0.639261441413542,4.377903313639369,7.856169667621957,0.5917637171210213,0.8512150434394464,-0.1638360133224311,0.13688205288521899,0
0.5622772871472641,3.420949282873046,5.894989285934042,0.41144321257310384,0.4737722041232222,-0.3161527731905224,0.17009975698132984,0
1.979779390950288,2.5361139399259525,6.19077500833779,0.37131225994775835,0.8389278129714596,-0.005471032444124013,0.3262062124833295,1
0.853846405116326,2.529856072509657,6.075672120569514,0.5454264097787491,0.8054206215326293,-0.2261255058864212,0.18428952383528818,0
1.652544444786988,7.71072214078659,11.306339721294483,0.502308450999054,0.5661087432052698,-0.02948793702559034,0.32272073968547194,1
0.7602659797455701,6.474885833580931,10.562201451950006,0.40004218638633754,0.6087292106593156,-0.1584373299092826,0.03080120701317336,0
1.3030986690107744,4.020586836107867,8.363539220685338,0.5438454440877322,0.6476763579913809,-0.05738823058732531,0.23849883845101158,0
1.0677535720433153,6.8402186767012125,8.123773947102627,0.5448097716455738,0.5939375629287137,-0.08942289936992365,0.17570424242836133,0
1.7047723813206344,5.195336875417952,10.371344146633591,0.5335600291186076,0.540174637079098,-0.025256873414353915,0.345687703278038,1
1.183225356995281,2.923913643355477,8.04289426693251,0.440481077794075,0.7992010535756658,-0.12172957087304885,0.08628218816603532,0
0.49966287939636655,7.153425668419373,8.53110273080365,0.47694304815917826,0.378403948609178,-0.11686162466615119,0.14431957382760124,0
0.9728677247083289,3.8293750548929233,5.487450709312361,0.43085574056701104,0.2809243648943119,-0.2192598391962707,0.41272950412021775,0
1.429488234295535,7.894079434569803,10.84239590056476,0.5028990644572251,0.728450246282143,-0.037408887892342826,0.10006199610317512,0
0.36515643607999915,3.388296570196086,9.004686104210846,0.3939960990635918,0.6485949105657003,-0.38743493609058516,0.1253629751279624,0
1.1387763933614554,5.393759151246195,10.529870394630755,0.47818735327939826,0.36744448147326214,-0.06184026839099119,0.1552765605240043,0
0.477944665993173,1.866613294060104,5.592250972531762,0.3749623304576537,0.5118955724068849,-0.40654889152574647,0.09957622167821274,0
0.9755458605489182,2.09048147176205,10.144479769270118,0.3570393835301065,0.935007574119232,-0.25750989006439295,0.17062228241394067,1
1.1870646640988591,3.519309227969565,4.988795662551024,0.5256911841329901,0.40199036911518604,-0.14842717301450764,0.13668752544282206,0
1.8770081874700546,5.057694217329967,9.121729639916312,0.48796172810864497,0.5604332169686027,-0.016680499434411706,0.1362067358278564,0
0.4344686932503342,3.197016887520203,8.38511417365967,0.35561336654016185,0.5376423577889353,-0.33099625228969376,0.1642614802039837,0
1.151639871614256,6.221039682230762,7.218110097066504,0.41564333850865987,0.4115149869268529,-0.13089784941128438,0.21356889540979876,0
0.8371769128869097,7.646537998792742,8.784833122853918,0.4539128926642848,0.1771339684658738,-0.09254607261576295,0.11707717932966219,0
1.3249641367095248,6.1325369085505015,9.624803627274867,0.5106164693930291,0.32749571234898583,-0.06972951119034493,0.13691321119046504,0
0.45900855614635655,5.656384475704507,8.352788254262425,0.3742996506140816,0.5936613123457558,-0.16325872164066432,0.10344406713317161,0
0.9330369444959652,6.935769208689427,7.6698965144499365,0.4723568252438788,0.6069673940224087,-0.11915717163255482,0.0630782777965038,0
1.3351593201019907,2.034133329295637,8.561586195012469,0.43099548719518394,0.2342105636708083,-0.10467284202053713,0.18803298048054462,0
0.6519416025974939,2.468744755765284,8.76819582898469,0.5547480741466304,0.5155056167918098,-0.24237085569986921,0.08629592033734682,0
0.6686659527624587,4.02690695784506,8.909376410134476,0.37552267849568577,0.9376863885301712,-0.27959108316299597,0.24380870441016647,0
1.3277713193559042,3.124247224524875,4.843761126349641,0.38093596657272416,0.517863553441189,-0.13614547812055405,0.10531704996859777,0
1.7166526300025349,2.408475547160264,10.20864637988612,0.5350379885992108,0.673744705438634,-0.04838061888431812,0.22482186215650501,1
2.879854308180271,2.445768169274918,9.569605939376554,0.42182640050370557,0.4595593467382011,0.167113658567146,0.13381985689008194,2
0.5000134512538217,1.2333601041296613,6.137723239833414,0.41945436674689934,0.8531058659561599,-0.4621879480916804,0.11484752045760092,0
1.3204287645429365,5.441864000825641,7.573583855588788,0.4157930162697759,0.19158497570997365,-0.11138445420894805,0.18387797192902441,0
1.168374177642944,8.577329297161008,9.829370574943946,0.4396952302187491,0.8721933679801496,-0.08795250431993346,0.03326273844996553,0
0.5195379232499914,1.9582919063028994,4.585900552798705,0.471586110302274,0.8482911044876255,-0.30348829943475,0.1214082136163178,0
1.8997902979834385,7.688787257522595,10.286498796676911,0.4805196494990152,0.7683252247396303,-0.008295181175147538,0.044910281955103694,0
3.242438284923523,3.971811480436556,8.437947701973274,0.42860920980653877,0.2879688187995222,0.1708307353099724,0.1321395351332367,2
0.9541087155063894,4.839344159052821,8.403158684489009,0.5028675069829979,0.3806147576233802,-0.12657168777037434,0.14387027435678035,0
0.452875118063609,5.2731881250815915,8.326645776342108,0.42727399928811893,0.29910048846564957,-0.21318315861016848,0.13616457599370124,0
1.2656686730876163,2.6605266746149057,5.667218794852575,0.510246916028002,0.4346134336159206,-0.09224444138049148,0.10802126324834392,0
0.5809419927898231,3.783584561349782,8.145158478669707,0.3658224405598634,0.3618202803651168,-0.32808134036197234,0.15872221905942466,0
1.1681260283930355,2.3472041575636533,8.797715820571355,0.44818706854053963,0.27726511411294724,-0.15635151087540444,0.21651022128625047,0
1.2197466556282512,8.362182568363398,12.733638331758229,0.462157472963018,0.4240661016864763,-0.07203623943903212,0.1516041939572892,0
0.7324555138727749,1.742634979499679,8.42371550797863,0.39460449117356944,0.7807921690642631,-0.37255836327331465,0.08337655379474404,0
0.3215248928420877,5.987334139899717,8.562011180116338,0.515596175551791,0.6115120141955829,-0.1335750630966886,0.06695593908884835,0
0.6387677690221698,5.173526848894823,8.467698742728176,0.48311768570314817,0.7674992866107755,-0.17182439905843658,0.07177263079856362,0
1.4648270558500114,7.4203774090002845,9.740119546213297,0.5556265936670461,0.4750702289633151,-0.041292950936334366,0.21792018231384688,0
4.501556373712804,6.2584788522557595,8.81979598284466,0.6132492514762216,0.41207385702717897,0.12506585255927638,0.38266543028304517,2
2.4456880253254245,3.530703141319393,8.836278836356467,0.4065546388391929,0.6639706179025531,0.08060344470146598,0.2688851793142276,1
0.7892435928104948,4.699522051966637,9.69055990284371,0.42384596562532395,0.8230892404948753,-0.1060200212698456,0.020452970144316317,0
0.7170519635729528,3.2586803689245722,10.302212815844454,0.44690582875160745,0.2970419532794737,-0.1764579151469524,0.044180631509618186,0
0.7239629656542118,4.516630706322163,9.42259793088092,0.3702628827640708,0.7923727520567855,-0.21296576421228872,0.08227321288169626,1
1.6393089523070126,4.3733759468369,8.287958761367292,0.47682773420922486,0.34938972702097504,-0.03251899621124459,0.14804433552551352,0
0.8032746608689482,1.8153191609208779,2.1944033801459777,0.5229581464507788,0.5950579463099809,-0.3751292500559836,0.07065690482259285,0
1.9490061325569228,5.809199642664511,7.525661294275717,0.45352453305883816,0.5697968739251944,-0.008011548755765792,0.13288549925230253,0
0.73123489835125,3.6058449749005974,7.646781736588364,0.4722795042639111,0.5853012885762365,-0.2140305689820108,0.21048968216037436,0
1.4225138146466927,4.719581856116187,7.480111943447647,0.48811279989509887,0.4113055601208249,-0.06328981318275873,0.13569333902508232,0
1.5139218815927276,2.6492960489850184,9.115264829482776,0.5404696761558379,0.561075108574986,-0.06590045890021992,0.17237803972163432,0
2.3381047144500027,3.166292713320722,7.242398655581092,0.3797333479532962,0.570187263782205,0.045856581599144006,0.2582468883939812,1
1.0855094494842699,6.98582876480416,10.200207334053077,0.4105732932479568,0.6099767084433293,-0.08836769740854342,0.05573844645947763,0
0.7976072073297292,3.310053009454764,7.091556325003269,0.46828956471176825,0.7631926747838325,-0.18834370124205566,0.1086525673678614,0
1.2530222994162494,3.265810069756908,4.393692931167239,0.5451998523705467,0.3773970571877549,-0.1416433990186763,0.23627248694601458,0
0.49950104288069014,5.500677110507864,10.962610029742182,0.39650371872558343,0.6835431756783094,-0.13093450681626198,0.10675279502059223,0
1.1236631489021278,4.740656467656167,7.445219067084548,0.3803342511628721,0.35592929134755197,-0.1804664779375507,0.260839068825623,0
1.767181222784956,6.043225884162759,9.49288271914052,0.4073409673185532,0.49609946491697665,-0.027688787126996826,0.11461467149182909,0
1.7451476028467694,5.223085566202329,8.610402906766506,0.4282635800913645,0.6715278654381263,-0.03180496547777468,0.21277410364526242,0
0.63937885447522,7.335310389204606,8.828870886958454,0.40252857236657114,0.5944948225200216,-0.12840377523101293,0.1150500724662281,0
0.533191775126674,5.248504357416704,8.69126009536938,0.4280006006203001,0.8559150845070435,-0.23373892253045314,0.18648924558123453,0
1.6133800070590008,4.247377160806844,7.238120641480282,0.3947268583910164,0.6294548143939372,-0.024448591717552648,0.13217178541581084,0
0.45206926484736487,3.56040034189093,5.871344866923644,0.432295930324783,0.7741511491967784,-0.25241183187399585,0.10348641118969412,0
0.7993765536306587,5.363587295431956,8.897111666538125,0.43558230359562017,0.4951238150209629,-0.16941056568198526,0.2555740537870278,0
2.3094300439662545,4.346808078276863,10.36538851006109,0.5249700656673306,0.3758406687060375,0.03766699061201188,0.24820325919098507,1
0.8464422991679879,5.888653715813037,9.302534280147896,0.37116954176260153,0.36315741216184605,-0.19852246067287765,0.09447957403296696,0
2.1096207715598636,4.513867415819962,9.338346085736953,0.4438407603568464,0.5429942693794247,0.005275595937450228,0.13473346063767852,1
0.8981401505508704,4.742189570222527,8.216760023253244,0.4578545659127885,0.37155442117239124,-0.0919798676744418,0.1825751874203296,0
1.915753906874352,3.39236365264839,8.50141560860864,0.3987785066954789,0.6521727017781054,-0.01709465254117807,0.24349919999228373,1
0.9233346963977909,5.0607909827256785,12.244650675767645,0.38270901768255533,0.4180833149731514,-0.14770891923887056,0.10976360005577351,0
0.8296511040164116,7.473244091169255,9.45898358418759,0.41642509146219875,0.30606913108770023,-0.13535347469095446,0.027384462464006616,0
1.7597076866560115,3.183009669339113,9.616307829664176,0.526209525297453,0.5280115005607722,-0.03908418154101316,0.1450353723459027,1
0.6352198157348199,5.44252660914302,7.778859125107664,0.5134668551918931,0.4083058983674408,-0.16811818144737825,0.1375754965082094,0
0.7189808259614638,4.898423572112843,7.8987922435636815,0.4691795095009139,0.7932526345761831,-0.1398010119490853,0.20876447822436967,0
0.9511321185949814,3.0775819821514787,5.203131224708871,0.36536566756554995,0.37456453167850046,-0.3164079412531942,0.29055837095759035,0
1.394436291928038,2.435182093617847,7.522961237130197,0.5044959472474493,0.21533130093683936,-0.06661534959945288,0.17052198469825341,0
1.1851575967265426,6.261075469769863,7.602149398938004,0.42636979591820134,0.582151159963338,-0.07995366242259329,0.028621921172808224,0
0.9009335012886673,4.312437065917179,8.014414038168638,0.5232823712683536,0.5331553126178814,-0.12709781303858947,0.27452015465551066,0
1.2843240400023894,7.896726300831568,8.832864013104272,0.5327074956067324,0.6884754177185497,-0.054314497712095205,0.05428167559983772,0
2.0567216315524948,4.045715281717946,6.876109715751846,0.43529318368833686,0.48238421323546926,0.00815415658379861,0.2590522934741917,1
1.6661710010891713,2.6719403044527392,5.745207752549135,0.34979862610744655,0.7447629790418413,-0.10844092425831135,0.2716947512009655,1
0.5569442568777332,4.932478754327089,10.771885332139645,0.5127774441593201,0.37454110203527136,-0.1903080772189384,0.20734196626773538,0
2.8711715031157223,5.969223643281527,11.931298575742305,0.39265838178378615,0.6752557347073137,0.06309587122198757,0.20386166620821763,2
1.0462523933926096,7.508975636740359,9.355632614782284,0.460239200951704,0.4845890899634006,-0.11186191779995762,0.06057105376995091,0
0.6403187278753529,3.7866122131222544,9.543490370122248,0.5320669046491913,0.42208677255569665,-0.19583931151004708,0.16881232126191015,0
0.5723919051516038,1.8095258218404546,7.682012202033867,0.4008747292402964,0.9160517584982714,-0.33653244986908193,0.22469616189861155,0
0.4154270520903421,2.2391016899204272,4.04962557373653,0.45712448255548777,0.7846854795135543,-0.41284717178554,0.02979998652284324,0
0.40949828303202046,4.871373608223776,8.012903562817925,0.48484815027858824,0.25108096706392197,-0.2228548274010602,0.18992501373442203,0
0.914185851557486,2.939862002198115,7.6424450207696,0.5098009066756986,0.27596395797890444,-0.1622761258830484,0.2802225497355374,0
0.49381326804888365,4.175411222888927,7.659055001913088,0.502376860804909,0.5177387764786037,-0.20429798436364932,0.24595841772345287,0
1.8738803070434615,6.496035733389735,10.952065450138747,0.5293865347510993,0.3312645435766776,-0.01442195449811161,0.3684878563782134,1
1.3818214548531476,3.088480701690465,8.022033763067494,0.3677231874809077,0.43339704121802036,-0.12553255596004453,0.13648250363927694,0
0.6225941397175291,6.875674846695611,9.314098711791335,0.5661530490043797,0.5589921858099639,-0.12262376708151897,0.17665908251583123,0
0.6972973369036966,2.19489184743581,8.743682275723303,0.44906016522531467,0.6059245735044019,-0.283172823513223,0.04992961422768493,0
0.8854689079048932,3.496648532364633,12.144824068598831,0.5723050676094606,0.46924805182796103,-0.08595466152309199,0.13779771427833767,0
2.2156634321868065,4.703502105768322,10.343988882206954,0.45598958578288296,0.47445403838693345,0.013482908618495715,0.12521484499018473,1
0.521574977991034,3.6547298371807324,9.724741259114282,0.3920191110476934,0.3965728997983682,-0.24835273217900444,0.11581320926253662,0
1.6021227650551453,5.7965022306462455,9.053260644354467,0.47537039812435467,0.4521491127496713,-0.042457238632898825,0.06081175153044167,0
0.43466085242511243,6.508253684948698,9.070772598211306,0.5314487260765004,0.5790047778807006,-0.1568142020486108,0.12386907510148351,0
2.969491574285675,3.6637223505400027,9.39797446408618,0.48071432435904937,0.7464488770488196,0.09802035309898054,0.17823389362783362,2
1.1424651683813465,2.2411234101190587,7.272690324102309,0.3678687969054291,0.4377941413971539,-0.25854745073347923,0.12740782501057507,0
0.6870288972461951,6.664786171955786,10.619125337475221,0.3567741068408493,0.24974508956449123,-0.20815864158648037,0.04112102458475783,0
0.8275806406190567,4.0594177900474895,10.515282484670745,0.39278703120989633,0.29159994240379816,-0.1416451319224306,0.021899467123484943,0
0.6300992268765081,4.056067795951622,6.0346252609376565,0.41730310587833297,0.3051110088167539,-0.08032127026629182,0.10407695351915619,0
0.604060271251002,5.405442504162781,11.234230146625524,0.5097296126841139,0.8315231425504548,-0.16760623552277065,0.29238504740835125,0
2.416731532317069,3.3362420379847015,5.953748849126395,0.40545970090205574,0.48686689892784013,0.09340394025876315,0.3637333102779999,1
1.0950962112283875,6.956470787444242,7.499433109268097,0.47979439554067377,0.7232106725145798,-0.08917057546961041,0.054027339872012754,0
0.4791128078921428,5.91118440768852,7.269994410022195,0.3836001684419629,0.32446892635943747,-0.2133832968917409,0.0807114098503692,0
2.974320428829022,5.054439257351328,5.853457505610316,0.42527634687688404,0.5211331042209072,0.10986281351226951,0.29533128559266014,2
0.3471253756016709,6.25447876266423,7.573309756063454,0.43671982769304224,0.20376654027690225,-0.21915184531840745,0.046138487479800386,0
0.8567497106507562,3.6317634369924003,7.929953128468789,0.45259173999889585,0.677745944319953,-0.23068851879284535,0.08139308078164599,0
1.369455089724405,4.676548731292094,6.752903256135934,0.4005076933227951,0.3879833238180658,-0.11212272473120656,0.13795407120045663,0
1.568985414749229,7.53794837074638,12.252418749837181,0.3991212377368048,0.6779360751383393,-0.03546986827119922,0.11742525557907499,0
1.5016839242027122,3.198610770906867,3.8799264590991163,0.6687989594414478,0.42621947059220067,-0.07252435677796315,0.25979726162708416,0
1.112521216779637,2.526619425508552,6.588965097722199,0.5179462576723525,0.8615113919945478,-0.12803251364297905,0.20731859095506647,0
1.0371785893442693,3.5709146868786283,6.882021716341927,0.47667578132085725,0.04332911936248838,-0.17973816471713513,0.14284645448536898,0
1.6540279588687583,3.375731479127856,7.141548962021421,0.44010062135069666,0.3228232724716559,-0.08690115908616261,0.6377076814735514,1
1.0136846576075695,4.134758302822739,9.305617849664447,0.4046438490428608,0.6031615577821664,-0.17457139515035477,0.22399668256375657,0
2.277130265617347,2.883931435315807,7.650615293858389,0.7294763156700034,0.6764373908105052,0.017936226826313923,0.3678767675581401,0
0.9364629906825221,5.707786284931279,9.88978594588453,0.4000145191852139,0.8617179609066534,-0.12691351575937382,0.1773825925739535,0
1.100382451436451,2.0567025934092573,5.956678236032686,0.4889571579155796,0.7084933109626746,-0.18079274130484754,0.08173161638189361,0
1.4840460597358487,4.718339541312391,6.038973601926077,0.37103083919720986,0.5450982177590179,-0.06768770767642321,0.1506917765826025,0
1.3498546807520087,3.911450062443983,10.779209050827964,0.4583705144595946,0.777208862107271,-0.09629585908020673,0.24391022161346737,0
0.8406687355613682,7.081221437293045,10.569324899384041,0.4706757810398789,0.7590769778838304,-0.09250131196464707,0.1743941810395809,0
0.6313575034267083,4.961237358042087,9.220324781179203,0.434190143496248,0.3303475159161061,-0.22674094984350632,0.13387663875897376,0
1.48450279443352,9.214945775743704,9.98920276407584,0.5813319314617774,0.6130224709847262,-0.037789991695058825,0.2519847248970166,0
0.3873795649382661,5.267969541152868,10.664835294703007,0.5715141234648354,0.583720417188407,-0.17259175687321276,0.08308305356322257,0
2.0209670053249376,2.3994127977919955,9.969158040250054,0.4158221298548674,0.5219477385424423,0.005017173741442462,0.17190527846102957,1
2.235743933223856,6.365509450740051,8.663741649984857,0.48044952705728894,0.6815680485430948,0.028748290559646218,0.09331494852972783,1
0.7113657384527703,3.6781300230540532,7.053079161822607,0.3821942660543267,0.6670609301682882,-0.27471649040003077,0.11619217552494367,1
2.4349389080684594,2.7671711280741325,7.020348370311401,0.4282435249344893,0.7356899699509004,0.07104938475597948,0.1161179328032454,1
0.3058650117949267,4.533423973887294,9.585606125573351,0.43729527221543124,0.814131673266048,-0.10279551148903435,0.06661845193645688,0
1.0487669593872717,3.554421820242724,7.432768734882014,0.4893378531444551,0.2200132683086132,-0.13715348976371994,0.10863687737320404,0
0.8125698352735364,2.441258892251794,7.946364943701792,0.5502222676511319,0.5551666696990222,-0.1686344950613945,0.1619108992107364,0
0.4414963831230483,3.644222404941362,7.7634784807355155,0.4682073469710844,0.6869932974276955,-0.10887973736886755,0.09760977814018976,0
0.9430650733403532,8.540087229806057,13.41114228695768,0.4214344297606559,0.1891974503007702,-0.1069043119640254,0.0598745797142647,1
1.846785102499761,6.793973317204924,13.441980726470316,0.4188474120854076,0.7500444336589349,-0.011642420150608393,0.13550355257637936,0
1.1220443665495514,3.3635500069106357,6.476454309681691,0.6373644156802291,0.26072161630202834,-0.12068169099143854,0.27679348541960824,0
1.91971124637337,2.5092656661151147,5.432462708633551,0.3821895527112457,0.7926729566269001,-0.025707607947236477,0.27632263006652025,1
0.5174474487598661,4.178498609075001,10.93192039586103,0.38264221641770363,0.5976727093960811,-0.1836300210815317,0.11494673254334128,0
1.9716433803299502,3.2658744980090053,7.522908068332497,0.49107548968654463,0.5583874717259939,-0.00615971299248691,0.15763836798308878,0
0.2977396833134022,6.08194930164528,10.173263160001298,0.46251142578965965,0.6910874074430944,-0.13453492866281302,0.049653359624809504,0
1.165508741662914,3.0310613772656287,9.668040960542893,0.4278153136551086,0.7764923785899027,-0.15951506952469752,0.05958718380020376,0
0.6956781508451566,5.506378645582381,8.874377125062804,0.40198754148654714,0.8157397809617059,-0.20624846451219153,0.13331244134761536,0
0.8828011336150758,3.7496116415459375,9.894456554069688,0.45096661277492534,0.5873932516869091,-0.20872982083784017,0.19452633573196632,0
0.7217613156744451,3.5780001233213463,5.254375717655833,0.5233043931701532,0.7456505919800297,-0.21572337644859027,0.15172218833274187,0
1.1777920785730498,7.463147081089254,8.201792418996783,0.4191135071404177,0.7353762990732379,-0.11300701800470607,0.11501761083962814,0
0.7375545616048939,3.1249787929281827,7.4471091695817995,0.4020249936334547,0.5901222874704802,-0.23179419990324382,0.2094087294889469,1
1.196835614903735,4.352160683779091,5.122610292695093,0.47817801077800703,0.6733825296332983,-0.08988948300206961,0.03263407330277464,0
2.9387607850277186,3.085775856066087,7.091903021052239,0.336097648532243,0.3895919922731048,0.24630202105324223,0.30999724056782824,2
1.3063776644355034,3.8459290926709393,6.265564879541202,0.4435794744262697,0.7011758060201302,-0.07613891329265735,0.08353406807855737,0
1.042056209528685,2.193645969208867,10.413585929371468,0.4358132984547877,0.4269281488692946,-0.29419472568076754,0.15741152796367006,1
3.1988586431080095,8.047896811809519,9.777390079603263,0.531105339208178,0.3326806256460998,0.10043024655060011,0.2630904399359907,2
1.3387005176559752,4.334257575492317,11.422499384245537,0.4483670601936036,0.8316742918107258,-0.07159153791844967,0.049238203230030815,0
0.50208823141004,2.7844619837624887,7.707277404410548,0.4482867865277771,0.4824333365633816,-0.2675764562565643,0.2252527943050964,0
0.3961149259411392,3.2908794509074215,6.711664823426463,0.46448478046455155,0.2511302142660859,-0.3298353373605989,0.2143391312371327,0
0.677367863748661,3.327769369443291,6.300972104365653,0.340459947008767,0.7632038393969994,-0.22946960920757528,0.09428195561074096,0
0.32241433455603774,1.2233958786944577,7.995881510801346,0.596336102634823,0.8364631202795928,-0.23320645911497825,0.15130632689566295,0
1.3934650528795713,3.3117206781881476,5.590526314184449,0.403877912886124,0.6429009941684579,-0.08086024507253974,0.41373656235778206,1
1.5779748080433484,6.167646358949173,8.828222732008141,0.38040223579443755,0.4014008766580718,-0.06596696349067019,0.09966040428698263,0
1.186891343129283,6.131934363169878,10.226831397056063,0.47574699947781673,0.6734837901182172,-0.0628897515714174,0.11628765550450908,0
0.635586336268889,2.7179134721807023,8.187273234915988,0.443629864129874,0.7346640856571188,-0.2185336012536404,0.175849375173628,0
0.827478321700646,6.121989217702841,8.529282507694102,0.6051142307401514,0.3344925820717766,-0.1172033269207741,0.21889953728149714,0
1.9691566080283434,2.8980811365671055,5.095852922621395,0.46279325665254883,0.6444523228511373,-0.008487583520243031,0.24860946470273448,0
0.729143780944821,7.179002513947948,12.265366655047517,0.3663909837341871,0.411877374539776,-0.0847442015561182,0.08123180920079515,0
0.7630220969823974,5.163136220985876,9.322714325454278,0.44803986158442394,0.43667237316248314,-0.19979720735510345,0.40803704142739616,0
0.8522433821613687,4.155645081944643,6.965982570794803,0.5320892794699931,0.5065668928882268,-0.18280247542861341,0.11007692104089026,0
0.44861292678559217,4.623550253763497,8.88859771633954,0.4430026174318077,0.486299541766525,-0.1290687792121964,0.05341564128316378,0
4.453529204425353,5.748448818535251,11.908165083350994,0.35353104077706093,0.5549082334186577,0.3157551060261651,0.4341718540701071,2
0.4927985056232134,4.657721830426619,8.03624553062826,0.541235363436598,0.5297440354984847,-0.21134636969589626,0.18993795338520594,0
1.1869446275450921,2.7333325216060445,8.542490463183647,0.41562190572786556,0.4786596944610686,-0.20194774215686406,0.12194141062580245,0
1.2367076414194917,1.8998478030133783,7.8041465802934376,0.46551993030326155,0.43357306763543746,-0.15335970612266772,0.22739560304775397,0
0.78511584492616,3.1002027421938863,6.565420339477603,0.5341156961157991,0.6069914151642342,-0.17646149523326818,0.1541208579421618,0
1.7477496888704156,9.785611690328839,10.898910687416434,0.3599319280908381,0.8527709401086416,-0.02150763037336529,0.06282135158566556,0
1.3163409968285051,2.568006455038019,5.5371126805043716,0.3991406824792361,0.12689022524679472,-0.1603045582656899,0.10430684670772682,1
0.9524103669035252,7.321659653969879,9.323115456958542,0.38228444894855934,0.14101778953245506,-0.14997420824160518,0.14799550142900264,0
0.5279977912971989,1.4851061100461282,6.945937016715487,0.6109802395133719,0.6953136788535454,-0.32758988682601414,0.1522551210990427,0
1.1447858847056154,6.310347412995075,11.390365244408313,0.4173737106008563,0.10541166956700083,-0.06558912405972529,0.22007732568045388,0
1.135725215642744,5.255963444130032,9.775231793306496,0.43858063770993605,0.3476797012746806,-0.13804972256308692,0.40134373099142934,0
1.1121853887708597,2.5078196687260275,9.067099776277534,0.45813532872694074,0.4582739495787721,-0.24716388778872717,0.11138533755901416,0
0.34786970363447717,3.6477729899832236,7.4394832580089645,0.3914033505902811,0.5488615532719366,-0.19373988430855987,0.05344332909618156,0
0.7813217670558821,5.314226784782878,10.078065449249701,0.3814723375332079,0.7058808045123993,-0.12678039638548133,0.0691693923586789,0
0.5235559212134344,4.638441310960165,7.408617640301068,0.4343840710866892,0.33413905931259713,-0.13017629107936945,0.03396711196652824,0
0.6545095997265976,5.0100492934342915,7.872366830285157,0.40369508624625805,0.5144380252514233,-0.125804826814891,0.0393248433704459,0
0.4286459216552781,5.054466858313563,10.007911473993344,0.5597932132091982,0.8302803836399747,-0.11537503386609992,0.10138960134232573,0
0.9175325026677861,1.5157135278837586,4.145849608313795,0.5619362931775725,0.5580488478871188,-0.3753199187363413,0.13043733909017433,0
0.4779506286549992,1.7996888139659026,14.35885334855181,0.45396197523780796,0.6142933150462301,-0.3257570425939703,0.19054216485182515,0
1.1227969573335679,4.563334664473295,8.626897613972819,0.3838513207281417,0.7439732916007576,-0.06907232314066417,0.10875405648038895,0
0.9703727222796977,1.044572389088648,7.462140907248426,0.406638126547735,0.46294107484085234,-0.2531259262976976,0.10722583792362177,0
0.7138976125621379,4.017142975098732,7.432791096041858,0.5299345942472204,0.6465813228653092,-0.1336666394883639,0.20125713217518695,1
1.5141026206231676,4.453881456505875,8.41508689662869,0.5622492711962944,0.9239813563167963,-0.054383088885236526,0.2528905690355526,1
0.7299304502028241,5.100399723037561,8.16071227967831,0.3942344729650135,0.3911284365881476,-0.1728967316071087,0.09484313474656682,0
0.8407261390367207,3.85997635911094,7.982214731853168,0.47072312158220614,0.7486000675436367,-0.1383469304259602,0.13162149080390848,0
0.1837252665986871,0.5934667811496986,6.3966456400786695,0.39154432517779186,0.3159139357030036,-0.5546706949020925,0.0644072452840797,0
1.1888839516386456,5.808822582339753,7.973629749988465,0.4033056708499589,0.3451173072770677,-0.07580062210742877,0.04096778358357148,0
0.7255474129378461,5.82560171500322,12.670493710642255,0.48197778344928105,0.6151924820342214,-0.1030166758705507,0.19905949436975334,0
0.5312061800383551,4.0681194360811865,9.234108124831778,0.4301954215227486,0.5184194804283233,-0.13446799628701006,0.12714084402902584,0
1.1219539662221816,3.7092415671091996,7.259879438306068,0.399686111552292,0.5975089406062842,-0.20307797062848632,0.24946855959110778,0
0.4574188808530501,3.9736664040441823,6.433322153723866,0.5017170790551383,0.37067603043948016,-0.1866271309143906,0.09951883837839581,0
1.0861334225293535,4.349289137322681,7.958212573222107,0.44692713422284136,0.7145855640281926,-0.12218065182355972,0.1988219904135083,0
0.7212889427131143,3.049182377273066,5.783368547846869,0.5723423572309667,0.7048779481854904,-0.21297518319140687,0.17474391314107585,0
0.7182131924717382,4.675937202923487,9.24157141827293,0.4983628358839882,0.41434134335069145,-0.08363809296885087,0.13771376407450636,0
0.8431968422274951,2.7749243007669726,7.634602227824134,0.45541641518642995,0.5841086748288804,-0.18733346302178636,0.03780323375357391,0
0.7427748039120603,6.478357881955095,9.676615506150997,0.4884624336339119,0.5454991207009104,-0.12235849095659342,0.1661202395671327,0
0.5322788689756295,4.810675311929779,8.303598196642813,0.652284975007744,0.7602617751415891,-0.10311165740972991,0.12042800962164354,0
0.4202908975346026,5.00167193536264,6.293672828021295,0.4093745461918543,0.3296234331827527,-0.17622008188289903,0.044145658070204576,0
2.417730973382181,3.8672806193392675,7.222001289127256,0.4040006476705605,0.5575296765433541,0.07044352345112356,0.5020512680486208,1
0.5673929508796917,5.066996373115625,9.593709595495271,0.4244000078543741,0.8119164200623489,-0.0878363906700083,0.10677216480058939,0
0.9458646563955978,4.513552158262076,10.075973902373054,0.3796162209272333,0.3508108999651606,-0.1756035899209597,0.1903999178911561,0
0.8267213288466925,6.3107130263350975,10.966454283973864,0.46700582335400687,0.9381940254372213,-0.08695521243846402,0.02323647119422985,0
0.5978108502010427,3.9253193341933486,4.585236041936232,0.43194743352397497,0.26180260134917743,-0.28934952085927157,0.21007245726416812,0
1.765841604403617,4.834041434883603,8.149369493288518,0.5445412574707775,0.08492735659009412,-0.02729084339481214,0.1451198961705073,0
1.2139474293354622,5.047855745126049,11.296569063335136,0.619149068436345,0.22929250250244895,-0.05786292619861408,0.2310313162340682,0
1.0397976450813806,2.337047697459522,5.307088008440693,0.4643883527653586,0.13887907582636727,-0.2711991711163286,0.2335853335997454,0
1.2642095133193525,7.023328597706401,12.776405838646705,0.45726603699296997,0.4851340508193872,-0.05639613439286593,0.14380053070750126,0
2.4497909109524896,2.5215954084580674,5.722465577686513,0.6363603239004716,0.7574598415501949,0.06816772282704565,0.31016997563103893,1
1.3334969296794272,6.126220823282371,8.851378393649203,0.3979760923206039,0.638337589448564,-0.04500385281767297,0.27188924582486845,0
0.5854223889713943,4.8190944656674795,7.986628431227942,0.5486942954119749,0.30494119033750167,-0.09576467985181522,0.12762686939882747,0
0.7691837665653015,2.533735552181784,5.341279586257652,0.3612460723819656,0.4248286896533428,-0.18296078987828915,0.14551208096188553,0
1.034084634133617,1.9449992496874984,8.478200776820156,0.5156758703538978,0.9901731193763458,-0.08479907324888301,0.0472475513777845,0
0.9987823693058455,3.581975048106326,6.715696873959551,0.41947104220687914,0.578566559075539,-0.09824899557917617,0.23147623543170198,1
0.897684694254356,4.504997803501023,9.223006892928307,0.46801444197798553,0.19783890379012362,-0.13103000335901413,0.18282521701716184,0
0.39570948104827053,3.9399773055942373,9.100213271105744,0.47623496964060935,0.5243197621812415,-0.21005858399837438,0.128726652429725,0
0.5291666510399438,1.607757476810673,5.46159951411171,0.4744092149312223,0.5741655620437559,-0.43832243152037503,0.1024355887315009,0
1.285488095525886,4.241257017329535,9.054208490149888,0.524807213761767,0.7275115206768236,-0.08081904609569272,0.15625402908796357,0
3.656485198301539,2.778288222995559,5.311908710625772,0.595494671240753,0.551846498155888,0.26186248023153,0.45889155953496114,2
0.2991770267630958,4.6681558733165405,9.694857032975175,0.46105815825148516,0.4579167613184117,-0.20870537346277968,0.018727027871589464,0
0.7257586336802703,2.4765113263820786,7.571871750562766,0.36351020510609633,0.5953520877612849,-0.33247555351039243,0.13837340660777728,0
0.9158275370226533,2.748976572529505,8.139457558885582,0.3835748742995457,0.08923057021804211,-0.19636420420116787,0.26556586849322483,0
1.2861331544877275,6.435396810276361,13.085355390546711,0.43623385686219157,0.6999611533260757,-0.08296562874658912,0.1475359805032948,0
0.9613904473364359,3.9750733461718557,8.385612204465845,0.4528466478467826,0.5220797052713996,-0.1676213821649566,0.07101927038273821,0
0.5417603251661408,3.2520934541901587,8.052124729739642,0.547835398455187,0.5774180191916993,-0.14706225548422702,0.08829603523880554,0
1.167128545802895,5.417535825026437,10.481401127997218,0.4385106839539416,0.5932950259274987,-0.12559917210208835,0.10920505490139126,0
1.3395855636449756,5.968968121337492,8.52408121240607,0.5053442340552603,0.6821445909091598,-0.06920642238363406,0.07018260345524573,0
0.6785365246846691,4.619141027146461,9.187796912248611,0.3463275480524758,0.6146547799469285,-0.2758953576993825,0.08705780634585676,0
0.6940836788453829,3.305363721858453,8.146187669838183,0.44810860487992615,0.1581960227080797,-0.21803093841771912,0.12846730097731152,0
1.9112824260918928,6.385565961365324,10.690505691640162,0.48391776691695854,0.48833655477167637,-0.009185772974297544,0.19883606633923387,1
1.516984150972382,3.7510512134000447,7.754798965234451,0.36547723911358015,0.7303904111623909,-0.08268946453431068,0.1891839110243055,0
0.6018254538711679,5.976407569913176,9.951465094146963,0.3887829205131828,0.6201745770846189,-0.08500173742901383,0.07207975498354381,0
1.8510860304174594,2.595874265914219,8.846063029348409,0.4451292277164206,0.4212965387814659,-0.020978243850092917,0.0746134691689586,1
1.3356458123848982,1.9758974435608945,7.784317670910308,0.4185881099026104,0.6802347867362303,-0.14709906200727457,0.2951952358539432,0
0.6294144867488028,2.2543593949709013,6.889253711362986,0.3833359315034904,0.5832500017363098,-0.20296392772420993,0.14784972124657242,0
1.095320105084688,1.691290185920087,4.946328559332144,0.39648352557967326,0.2754523002604936,-0.35605536348241373,0.20814632383136733,0
0.5326297272520092,2.058907487388203,7.638523055578092,0.49360349531161135,0.4175440789336524,-0.2877512828523297,0.15287393165688393,0
0.8556435323281674,5.752291449634794,9.135151576216053,0.44165025772227756,0.5796823481992612,-0.12369670179433899,0.11168216360894641,0
2.3243122086377,4.968842122225044,9.085093628736447,0.4308591706830245,0.5195078308391299,0.04059002973433891,0.33264169926950404,1
0.6504269535904356,3.8158940080526444,7.459215811559512,0.5943639146483493,0.5947435339111291,-0.16318298338821338,0.18924686078044628,0
0.6884312421181412,4.202600903075402,10.078342563683686,0.4394610807945696,0.5594910261985683,-0.18580379719095483,0.10999583159702996,0
2.4653808167523676,2.8673597752610434,10.157643539965264,0.6517985629229942,0.8680874462447332,0.055847395257881134,0.48039446110418954,1
2.1464369422004257,6.485008716185741,10.23845952718575,0.38344307390339505,0.6161418111831117,0.02117105187408641,0.16557999254277384,1
1.4363790390489821,5.6298561072880196,9.968298748124356,0.46676945424646216,0.31486380257453633,-0.060042361803754024,0.06235225341638469,0
0.8979694788114373,2.922230356208713,7.085036610209642,0.38495400749976943,0.4984939550952962,-0.23574730905846636,0.24038924438321932,0
1.6825204690705917,4.218241467202491,8.474670440684514,0.4693776788389828,0.8533290030474906,-0.03693642488756832,0.37647203026792364,1
0.7448916911993075,3.1515202356962955,8.831446804309344,0.4272400728471173,0.4551089601421246,-0.21437373042888244,0.17711612535835206,0
0.7771623563535532,2.80800717670553,4.51505569372985,0.37270168691101035,0.7085404510253569,-0.3669198277189475,0.16887492508809965,0
0.9971525101442555,5.734160878015279,6.191789043780177,0.40123516235221895,0.44102247698446184,-0.13177588400155843,0.01317310810878817,0
0.5177491919206633,6.87789161291468,9.420088670176584,0.49570054805635283,0.6382444459324438,-0.1572985435965872,0.13480546153441425,0
0.6133438784899375,1.8758860194324936,8.477686695654597,0.40703843267463585,0.49617529158339246,-0.2641417499419301,0.1345359833502308,0
0.9821228756449908,4.0227527862640855,9.161576650719157,0.4818197218694439,0.06664483031236414,-0.12106785652372665,0.31577977261667173,0
0.740965434736996,6.396060557685663,8.787019101110614,0.5823568700915417,0.47235581362566814,-0.08564512891094891,0.08976063395398984,0
0.7984506315627283,5.023311334304912,8.560453331126682,0.45848292812240654,0.6368094980872445,-0.15229135431873395,0.030623684463544524,0
1.2201173472468616,2.7011571413627586,10.936976284495346,0.47827777178991765,0.6380267741581714,-0.1699892689996458,0.24537642083733024,1
3.054101783124388,6.480886922962433,12.312564841770053,0.4681846292887042,0.8551920022629566,0.08080607823940505,0.4266733785036591,1
1.417207236386844,5.947842703739976,9.462814214545068,0.3725930827295592,0.5638490124573184,-0.0941569529961479,0.15526614217462534,0
0.8160776849932392,2.7723236561718254,7.244712016837397,0.39207864122205316,0.7077197870828446,-0.3063864572650901,0.18935238166665358,0
2.1800448979779974,4.3188992995303845,8.417444437302418,0.443753846541519,0.5071436655506456,0.019238147479726554,0.17945827231138223,0
0.9726921949819753,6.511961749005455,9.81281123571145,0.4471895029061808,0.5831758369369552,-0.07032388572096335,0.058783246615340595,0
1.005512110259256,1.4967515416917272,8.056730464296141,0.41275850790705926,0.5192356954391304,-0.26366432700914344,0.27981543963845645,0
1.7979640826022423,3.6270180274065917,11.74175074935041,0.42446678900607093,0.21299734144757027,-0.03300983325542981,0.41564306824959835,0
1.8074163538677648,4.863662445343854,7.1342341469332835,0.48672716816234535,0.44981459373105664,-0.013697158705143526,0.1914349990545193,0
2.5619401522542935,3.6485360130029374,9.213379384432258,0.5746926197041655,0.6864955910605888,0.060105000973089844,0.38423839141130817,1
0.9450397433368501,4.847008560415105,11.21987780921827,0.5508679534518468,0.5470985612927374,-0.07320076625504833,0.14173580609318542,0
1.3434380734151852,5.929240533656831,8.207049657683573,0.43316482280239194,0.3316761041825982,-0.09868672456379934,0.13519486762243008,0
0.7934355746257562,5.439078111466266,7.752584260170216,0.4434498425589362,0.5154737663013244,-0.1424354653135906,0.09712349244780548,0
1.4106682123400962,7.15114699548886,9.534037824604232,0.5582255810019111,0.5690582619624743,-0.043696569547150926,0.2952442761630255,0
0.9131702095551216,7.847352840086257,12.523625190729394,0.3669676930262782,0.58135287223412,-0.13330432679850487,0.11762864963173215,0
0.8747149666272709,5.176743888842439,12.063498026758415,0.478434297456269,0.4916497490001297,-0.09993528755454902,0.07468545417739336,1
0.6268629064745354,9.036726078678257,10.841124401418206,0.3776436775122998,0.6742514717517821,-0.08638331880063982,0.07879173953017247,0
1.0981160804928958,2.9148195489303577,8.725011811675813,0.5520672803599624,0.6674848461788112,-0.07266931620919038,0.1409077648776993,0
2.180792942552379,2.871058600890562,8.122026300952397,0.42579675789950505,0.8893930970846738,0.0279706548996668,0.08622389625892679,1
0.9770972037342194,1.4844625296423526,9.419845968250637,0.49682365215807855,0.5997805893466086,-0.18996601313557518,0.1534070440872283,0
0.6582293180047086,5.217047381679051,10.888979263112406,0.42572927086509366,0.6439653595579677,-0.12999821682246243,0.04981999371844515,0
0.398971814574308,5.08331274472232,10.883852906532516,0.5759345555604287,0.4023925832674383,-0.14107871635335817,0.12553899830807627,0
1.2824446343356095,2.9174846946578263,9.419431679304328,0.43605234127580345,0.2412184326390446,-0.1742299564190693,0.29813678276522554,1
1.5229946168056705,5.39660288746041,9.14905800750867,0.4412067729759194,0.7086139464793849,-0.07491834819410673,0.060649753792625584,0
1.3523014482636626,4.797190659041031,7.555487942874952,0.4416471214306582,0.682668341996196,-0.09983574903920109,0.07967135959537179,0
0.6945278478565068,3.7888894279371796,11.712555995314052,0.39741133055824185,0.4647388273615436,-0.19867129876643763,0.06935023848566699,0
0.563553087633372,3.796118231762826,8.345512172217866,0.45214316525821363,0.3544501457054285,-0.19581662307342035,0.11698321073952993,0
1.168066544975189,6.383816807983685,10.529604490828556,0.3961671237703801,0.6635910636307318,-0.07457553678222267,0.045667186686120534,0
0.7848254465630018,2.2436224205447437,5.378759408443813,0.474677174605412,0.4795470420753557,-0.2918252331568724,0.5108836508011066,0
2.97712404298919,0.9032187251040209,4.77459833046678,0.47831497574508486,0.5681746550412007,0.2662001621777419,0.10099537110570983,1
0.9540420973589185,3.407343105392903,6.826201230174192,0.4546641218082804,0.5746767014456833,-0.15851083953080503,0.22141900232908127,0
1.0497086204548545,4.993066184057183,9.018178837256917,0.4131756644551103,0.0735863675951195,-0.17031746520000896,0.27279567759277856,0
1.084992166285775,6.501104492138473,9.080520957213167,0.3765667699744965,0.1423086954332821,-0.14539191822622025,0.1692436257285837,0
0.9338079352652673,3.632118216940955,7.50941068740444,0.5761501103341876,0.6884812171545094,-0.09381921443458843,0.18835776194744233,0
0.24312165608963157,3.8818546762897075,8.041484879697311,0.34512520222706905,0.36488913484710106,-0.299089395936534,0.09075233153521821,1
0.45924167590917964,7.52703126909794,10.44221806055614,0.47095235244649564,0.9161260435603173,-0.1267143179933269,0.010579697081154096,0
2.488725973736213,2.535984033021092,7.969450383895714,0.5167138228886761,0.7399287929235508,0.05358134531436148,0.19478285322751493,1
1.0213524314575049,7.127499349589043,9.017492878361908,0.5213254983088116,0.2969927726560102,-0.0697028877318579,0.06827369866237584,0
1.1955895591135728,5.096613463728089,9.222378315990907,0.4211909223308613,0.6191697873244767,-0.09167891188580862,0.066293652575209,0
1.3780665343724783,7.4133969427796735,12.084955419722961,0.5722822267355316,0.7837013597815283,-0.05335002571176442,0.19884678553885954,0
1.406432881496663,4.14108643686725,6.230173761396652,0.44487923535794055,0.9080289079406395,-0.10179832897453263,0.177458452719889,0
0.7336345061112057,1.3383487232675426,3.5048242544054173,0.4103999361550575,0.2795217518421013,-0.37794015400739617,0.17944843851782388,0
0.9516649832736294,4.033377235515147,8.281419931589442,0.4224214830740803,0.3951875693216243,-0.17638003274831598,0.0568663930080191,0
1.031975475569688,2.674538537425338,5.043660185122242,0.5642738197564378,0.10124551160993561,-0.13559412595175407,0.3070413170809806,0
0.8212396018414276,2.5508430267840914,4.677756523893187,0.4068524044758276,0.8111817329633348,-0.38674776144865053,0.10814400468028931,0
0.5514675649041803,4.522518944566683,9.53341335230135,0.5268156109476121,0.7093926696898074,-0.185471539369254,0.030345953107567245,0
0.9447136470545505,2.821450660633329,5.788000848257133,0.36070861892196043,0.5321806252418518,-0.33199105822091385,0.17305428176721924,0
0.9085271226506643,3.0199650096504453,9.451296610229532,0.47231127836183834,0.7315371653445738,-0.14303716609147316,0.18705314199878711,0
1.1512609305107053,2.5572751328826158,9.724888654511872,0.5043995484104222,0.4846759767427767,-0.13189464991050642,0.10842498870593137,1
0.571733707369032,5.287717621155953,6.1721430614672,0.5546204880092551,0.7845313357287605,-0.14094880581815164,0.15901998059842984,0
0.5678430359787212,4.737218802797994,9.59481777995457,0.44387822257236037,0.4158979428166547,-0.14691684996393428,0.05379712477097767,0
0.7312174037116932,7.714550748398324,9.994824766947975,0.6169392539245413,0.6283704084718704,-0.08123927506696704,0.17298405126900973,0
1.1920995427407448,5.706193293553652,8.292076221594781,0.46798155474152,0.7632735736090173,-0.07691710607850127,0.09335216232829655,0
1.5133630312478557,5.6521920194265345,8.627827692004757,0.4217520291449064,0.18770332628766742,-0.07318991863950233,0.10058538755836928,0
1.6101262290154648,3.532124940609413,7.725691229950502,0.41927720798694124,0.6464325948570504,-0.09069937986692629,0.3772879931791014,1
0.7942806731967339,8.013124659910819,9.38974632972397,0.5249252318709373,0.3482153556895598,-0.1198740558780022,0.1775215794705142,0
0.8417111576056764,3.4783825558554713,7.4757999055651965,0.4160161985809259,0.3868932637471453,-0.2809942728740423,0.09844182191461529,0
1.9923048519374313,3.810052979351658,6.157365988161233,0.4476160501747063,0.4825436768224967,-0.0015525114644903723,0.18554060118813775,0
1.0571654925107214,5.052147857423826,9.174494614168168,0.3608555317219739,0.5169015979444256,-0.14835794527822027,0.08813246177863149,0
1.281855089808394,5.615595225254931,8.12484012707522,0.4911418084351868,0.5737498482050138,-0.0762562907040695,0.05398235998733124,0
1.364761177612126,4.9213687756838045,9.25382370347966,0.45661542007305095,0.41574836690678574,-0.07115283094050708,0.22658341301315726,0
0.903576976556978,4.207788555642151,8.976682531116422,0.44635778501785695,0.6343816759482566,-0.1074721954442822,0.1919680384011125,0
0.9077390761856905,5.331518042395244,6.339440529172647,0.4736297710853722,0.3315023635399237,-0.14102074881508087,0.15202487513549479,0
0.42994149898454603,2.8495789921924097,8.812250410607104,0.5463142379462629,0.6388604467673931,-0.24593068127089604,0.15522961676282396,0
1.0413619507495815,5.339555283914197,10.759114710162763,0.3744756120359905,0.8322738075746441,-0.11114105751620341,0.10146042657381978,0
3.098313645540117,3.9088881169338228,8.8465633641338,0.4287083642006706,0.3305294203829678,0.12543468035016705,0.15624966786102792,2
2.4568822017872765,6.130489672201157,13.187406252657379,0.42743112516564213,0.4744757817249738,0.04465208944152931,0.13083290433750402,1
1.2165366458254985,6.4928811229796795,8.98700432473772,0.3750195599388754,0.23196086919060535,-0.1190463533384153,0.1262000154395778,1
1.0630514739791967,6.46335999795049,12.506851300336058,0.4936546596520646,0.4107841674050814,-0.06229949871684534,0.195063602381371,0
0.6719443105885639,3.529042209060624,8.131041855045389,0.4469312435349294,0.6021454156122799,-0.12009556118032301,0.09377517112585954,0
1.7231690751719007,3.7853510239036487,6.328547446932502,0.4725798223940093,0.6159293915631152,-0.05276892159064544,0.49004027806511496,1
0.6235373341870514,5.627673194707269,8.763503459002608,0.41259813086201086,0.5629428698142813,-0.24339293856204613,0.03979018424625072,0
1.6562829679801248,2.8738621989425215,7.0577403585468055,0.39298164167853095,0.38320340099579575,-0.07450613397711418,0.31393094082865697,0
0.7927315721059403,3.7289610267531077,8.571780564249496,0.43213401426761544,0.5393355045542901,-0.18745368134440468,0.1462862922028136,0
1.7606350534333277,4.767337529069574,10.330737216499495,0.48111506042898794,0.7958936464998008,-0.025269446716293626,0.26654466756745515,0
0.7860720217051331,3.944209831801311,7.924054216746187,0.40850250084860845,0.6555093246574042,-0.2170091835432344,0.20266286199192582,0
0.9226472709999651,5.660112521948924,13.018867916772939,0.40168196109394116,0.6856507751279545,-0.12293503943656472,0.060721875334213665,0
0.8266148857480111,2.8649676105006665,4.470050639160186,0.41566229260935283,0.7818308113479273,-0.287260034636971,0.10824984186126928,0
0.46841354463718055,3.7554780191953974,6.530144273577022,0.3528493965491041,0.4569943789663085,-0.36748451767267215,0.12579943246712677,0
1.5973746910789262,1.7706294757648455,3.079607886693018,0.4049139942601886,0.7195812207167277,-0.1789184926997741,0.48945222848325665,0
0.9737910660891567,3.183641481439573,5.6565769992716755,0.42831832338169357,0.5137069364626397,-0.211146641860345,0.2896012692877488,0
5.467570636282434,6.684143340739425,9.126747299946427,0.44508657236637134,0.5296264910316884,0.2208955447851433,0.16939194172535713,2
0.3212188578798005,4.401913794900957,7.273562738737797,0.4287018524189914,0.5437381068992893,-0.25464690528098727,0.09050453366737775,0
1.3453516992752463,6.3361575332627,9.78429339104836,0.46214180134621985,0.21091976207119487,-0.07767001098574464,0.49939210410761,1
2.0154419720161125,5.26293978475112,10.181581558503034,0.40591439491455505,0.43540716510053956,0.0017678094321868952,0.12487289942759301,0
1.2964892568524637,5.403506158388351,7.123022701273103,0.4831729156417823,0.7145207874260595,-0.09639381486322202,0.18157713810101603,0
1.3487060394145878,4.421970146595378,9.22678367209723,0.5030033777025966,0.381476415525843,-0.05153271948499931,0.12271803780827197,0
1.5495989374963655,1.5086785654352186,3.5433411200848464,0.419631545260771,0.5299253691898739,-0.11015406819271836,0.10389295336652071,0
0.6812342626326662,5.823056802862643,9.649053228485991,0.44338210002531225,0.5484300407261447,-0.15309491744048703,0.14928144549264005,0
0.9102243822006808,5.659790702755138,7.898631041039427,0.4225889312581484,0.7672573341082689,-0.09777595978530275,0.22158940254504036,0
1.0425027521970707,7.199679717956505,9.611381742248156,0.45740707385290347,0.6175876766982861,-0.0710856667977131,0.19730418094512156,0
1.0736278999975901,4.691677883442216,10.499414729160366,0.47097628778486045,0.7803815779895721,-0.11897758482306957,0.0957267979505934,0
0.8827768698570441,3.368278798704027,8.054590703623354,0.4387250867298452,0.5108144923078518,-0.15636358514141552,0.07854454949250089,0
1.0141155053012632,2.6192606945995727,6.481291755774154,0.4867123447384119,0.568330604231636,-0.1905978580302534,0.2645614955770387,0
0.8173632873888813,4.663504507967387,8.497703115612666,0.35182945211311145,0.25534753539541083,-0.2580596229594143,0.2157462801935456,0
1.0890359934583564,1.928907668327703,4.907485127448716,0.4401969449503619,0.8442866803695699,-0.21951790210963923,0.0682933344438575,0
3.1217343472337387,5.7865722947722835,11.422072671668491,0.35406101153540365,0.5608041199690564,0.18326295696675443,0.4464811526965608,2
0.7796921726686425,6.210141048309927,8.307057138084495,0.49489205307354095,0.6964642520934402,-0.13343238043421543,0.06985890039603256,0
0.253533650228814,3.288333375164645,8.59367271534368,0.38419907238888223,0.4640152760664983,-0.28138574508189995,0.04438947021985036,0
0.35247717969269854,3.952803652234756,6.660853823161017,0.41453213486211626,0.7306371525633244,-0.28787467951826856,0.152954505347805,0
0.5316351236403055,4.764707644364739,7.950293732923336,0.44883265593309984,0.897279227819502,-0.16950724446156468,0.038363486153045516,0
1.00669990347939,5.779790444991225,7.463803512533063,0.38720704961100844,0.7627549759200033,-0.07709434376631186,0.11369119884683772,0
0.3891158988863648,4.210177851735244,9.483571271690584,0.41871663072747883,0.7752711843800187,-0.217904847311759,0.06893371584322505,0
3.2282254975920583,4.879365586563743,7.724359202615776,0.43171692169905795,0.6279860504754481,0.15834835938344505,0.22831091225890596,2
1.994731056440799,4.493732446541615,9.15127999038939,0.3828414717592598,0.31873286369567644,-0.0007753765755472834,0.10971252162546019,1
1.1463058432740274,3.7062098150355083,10.116037661050775,0.4544684951117666,0.7074228967226529,-0.10694073543136193,0.36898463608202486,1
0.6887433340680477,2.320774616109374,10.740544877346506,0.6417748318014166,0.4929069123246116,-0.0800795109964627,0.19743485345468853,0
1.053212877773318,4.97830240025457,6.181074215557371,0.48414109785663983,0.493972084191402,-0.10420951988757884,0.04243253785508406,0
0.9494118599160899,2.5935078113248013,7.671813296375114,0.3662172390696404,0.8754178937614324,-0.19112089269665314,0.2145734263065172,0
1.2614543905432059,5.980315946415851,10.094051068186582,0.41312159106879465,0.39152590064683745,-0.07235771240423906,0.1611869390877662,0
1.0980195566918949,4.1830583203832825,6.882363431757801,0.3727134300846216,0.46826738940736695,-0.20496321738657625,0.0818272587241202,0
3.027676100250619,3.774825185106719,4.651748524355723,0.43557691996792947,0.6190353442409392,0.1519431506080781,0.6614200317913191,1
0.5042554765075543,4.888645280674266,8.671847689009498,0.39287705117157096,0.6030742889077845,-0.12537534273731243,0.10632606505408217,0
2.2186672047115343,4.088525959704788,12.127433964960511,0.5204319024799603,0.7356009584922529,0.018738188542700422,0.0661472291293445,1
0.969719769437489,4.798492867232411,7.07751729251367,0.4907459022617318,0.8337288761614492,-0.15039221690757235,0.13705672489657653,0
2.094986534436736,4.498479894432633,6.378451865644868,0.5614223575255641,0.7303300422486082,0.01032274626809755,0.2900473737565834,1
0.4799591990734354,4.085151999436225,5.276167472631365,0.4446137485952477,0.6719343984155774,-0.2701810951920143,0.2416255779195974,0
0.9835744111688246,6.330701034913859,11.77838187576407,0.4581318059794443,0.39606449699028523,-0.09628406185317431,0.18667792346180778,0
2.6771074247777737,2.4672593705914574,7.290867705847252,0.4131811885384021,0.7152972781813146,0.18097736829184238,0.3441984326468584,2
2.264588237427829,7.424786643798672,12.153675200464097,0.47471070117686553,0.5330407701089047,0.021312311321537603,0.126533457422475,1
1.819523471558083,3.612609325883562,10.08128285894976,0.46763774078409387,0.7521956069790493,-0.017240505819185528,0.2959783198382137,1
0.4665752683956575,7.293583327851758,10.302721148351464,0.5265791687759961,0.17158646733679334,-0.14580909052063348,0.05138588074651508,0
1.0962087754744196,8.063521848559978,14.76403894260076,0.4767720360808609,0.8064616098077216,-0.07635879491690414,0.09082231013320471,0
1.9436321036678703,5.9959251797639155,8.359366222753104,0.4525199522207614,0.5923005961415548,-0.005707012264191815,0.18720564420798474,0
0.8412222124122094,6.341483932268669,11.13195299098355,0.41089184389696926,0.5050275613900432,-0.1617109899481707,0.07160356073995096,0
0.5921089270443505,2.2215460984543403,5.8471218743353885,0.4815107735356711,0.43859869978239524,-0.26511425247966,0.3030249109745666,1
1.7240334986816759,5.196901845580183,8.124519338941601,0.43004058760491803,0.7270501373202085,-0.046371681760662545,0.15768497610660592,0
1.0948046739128556,2.7224493815147777,9.14231338599669,0.518502417143397,0.6601215909013606,-0.15648349258380492,0.08792220506780653,0
4.015657008117441,4.530996760480458,9.605433875316221,0.45930947728992744,0.8306597117266181,0.224645317179718,0.21812408437095937,2
0.5322169368397117,4.173626607910706,7.511252998359581,0.4543678728662837,0.6918248660652386,-0.16329050424044525,0.09943058472689217,0
0.7012060501034567,6.806983027681685,11.949803093631656,0.5545744804298116,0.47724696838185626,-0.11870647225088884,0.04009448123726931,0
0.5126195982475854,5.8205271743606355,7.327681951814986,0.36713032813442437,0.6028618171796656,-0.2547239956120625,0.1690015968126996,0
2.0153841434870348,5.803036597703268,10.120922565230714,0.487731397823722,0.6778697590754619,0.0012067146569271895,0.12262359640641253,0
1.9065198785530988,6.088776142642865,8.978530257279665,0.38754514912883337,0.5568823777111633,-0.006811673112206316,0.16655927637527365,0
0.9924681251611661,5.14760795151325,7.8952493218236235,0.4791565010026157,0.49034149705343794,-0.10904270853085027,0.02591404998832898,0
0.5909218717819151,5.455320966003038,10.09234878849125,0.474655296408202,0.34091888217642613,-0.20170365669639592,0.03810063820359052,0
0.6619196022342845,8.057813783824617,11.00319995896773,0.3660714968632994,0.6880111430772846,-0.16070770396932993,0.13821318026141993,0
2.1100029211542384,1.9820193032618003,7.629881856061284,0.4472061207913353,0.2501663810459212,0.01449354909483649,0.33276920094132395,0
1.7502054937280316,3.66615652631657,7.891034803986086,0.4951783981385349,0.5481620725867729,-0.024694619708034125,0.14006936898942185,0
1.9426019348082415,4.217935625674002,6.036480167477385,0.507195199390416,0.5073429790445128,-0.009539995466666416,0.1729789193660227,1
0.8766947295712872,5.101393193048589,7.225617747568201,0.49743370293390027,0.32218423449549305,-0.13910655505976005,0.08129145612896613,0
1.4293096967785737,3.6392307201963727,9.656268865400277,0.411867816640091,0.43354027527869604,-0.07351450969165232,0.3328105185416384,0
0.5120588639728244,5.9793421150669275,6.3127140189539634,0.41468912348009357,0.789462914109169,-0.12793237768235435,0.03535317694739989,0
1.9528061708333606,7.210656179695128,11.460475226735522,0.45387815730440195,0.47089131843099835,-0.004737389198412176,0.19809875874159055,0
0.7391377237480294,4.840384135487186,6.879673223544809,0.5018301654743584,0.5135845906783578,-0.17315882653229236,0.22827382164815346,0
0.9872316077032642,7.095871434380953,9.897969334826069,0.42300686241148877,0.7648737345293906,-0.09699831987586259,0.07267802073433804,0
1.0956390123532926,6.417850661933255,8.551617755557293,0.5458370254650559,0.8865293913477976,-0.07925631193430209,0.13954346307970178,0
0.5311928937220646,1.7600769688226603,10.11893241958854,0.5819085222954148,0.7822226041424484,-0.138477969394016,0.10676850593339311,0
0.6069132820439948,3.4652869878487307,9.00644746728303,0.4940604794923021,0.4204913432131592,-0.1963234627295657,0.15991376254442924,0
1.787136797393304,4.576605052779478,9.118290154870826,0.38910414150665007,0.5525917495829024,-0.021480480152145428,0.17457860435209904,1
0.9464337285410174,5.6055204246753245,7.501628340972414,0.5079076509345056,0.6822295318234194,-0.11988428369758951,0.23867004511051906,0
0.8079150420029768,5.317240387494816,8.65005951221171,0.4872087076119676,0.6020778605133423,-0.11948135477243664,0.15019210693919008,0
0.8431141855434958,4.858396994073972,10.615866571652841,0.34887022424993314,0.5751635349508215,-0.20672714013945656,0.19501335683259566,0
1.8208777224748298,5.255008962218356,8.662638080519974,0.44705169900598557,0.4536044259160516,-0.024241989854655085,0.05398655722527613,1
1.517051528314598,6.439609366879643,10.63815792661324,0.3592150586362928,0.5286527094945559,-0.0260072636575599,0.06537983062785388,0
1.216127061871015,4.714770300961289,9.960489471259443,0.435238517343176,0.5479218012434491,-0.12130710191164717,0.16189840758812926,0
1.1565185039815957,3.2354621479621053,5.2233581171307755,0.4312830698426658,0.6815864102846023,-0.20665533275488324,0.1599786828688334,0
1.2865472247359198,6.446003512566313,8.141484158446817,0.38792330733932856,0.2988896740217652,-0.059399152350292125,0.16237883542093362,0
2.088292037223154,3.8725049825498687,7.276796265229245,0.4578114488176394,0.5934144981077591,0.018512942502387622,0.12591374035520994,0
4.499539688867453,5.29003905142642,9.456704499578718,0.37678806259128483,0.597822054728189,0.43872431308312804,0.5781288087186802,2
0.5957617763992951,2.495521440021242,7.369086250601241,0.5178969301860081,0.3215918023822308,-0.27642981759981566,0.046537364282243227,0
1.6303964118653342,6.708351341054102,8.378248484596053,0.5048454357605114,0.7807829366233643,-0.025199361360970517,0.2375751383200951,0
0.818157277836061,3.64842106176771,11.158252303522932,0.4134678247823258,0.7983517847182314,-0.20191491528415337,0.10455381918374254,0
1.639756260349485,5.717371901820996,9.519450403017006,0.41445985150603204,0.38895354635142276,-0.05540288724693059,0.19701995837545655,0
0.4074162672981776,4.89680666931547,10.200422533109895,0.3987311308706416,0.27721462849454187,-0.1792231371644908,0.015032692109003936,0
2.4303556442309633,3.5837228445138845,7.082122296803317,0.44186511709485693,0.8140577374074822,0.0722760821859877,0.05011789938099001,1
1.5690505241182922,4.911272694658695,8.731359573274538,0.5098633650981461,0.8957350171763542,-0.060172328138006353,0.18765093724589876,0
0.29251877402098037,3.0024066579958566,7.150258672935718,0.5863302747678085,0.40589898049564965,-0.28791145660014034,0.12185850778952946,0
2.367301943830281,3.461102945535903,9.221928574874289,0.5287837627833715,0.3867178102448227,0.030277778374986155,0.14069223929468114,1
0.61318176571393,1.2787247692381918,9.15715947344848,0.5288261027523388,0.5599660968473643,-0.23521667886960856,0.2933573233592158,0
1.2887655124714386,4.269130517898659,9.594574084288075,0.42879637696243234,0.5074266987789309,-0.08875843819908473,0.057004843132366756,0
0.8176263035713671,5.87261575845576,9.751848462517149,0.4409896137481132,0.30396886696855513,-0.15258070831895792,0.08817397503714677,0
0.8404316192232396,4.005248431672764,7.509459738164201,0.5007855521005227,0.6315203613151328,-0.20744547417137918,0.41598140076264795,1
1.5084407447009087,3.8702020199558724,9.195036785878136,0.39824146477163913,0.5038979553244981,-0.09767259565760761,0.1494176416746079,0
0.8114751086329364,4.5193826072117504,5.997452998586409,0.4645141981907159,0.4153827885455959,-0.19446220135201325,0.045226614287664724,0
0.40563277140410114,7.960451237928362,9.794247060261743,0.5217663949420005,0.5803541593732471,-0.15720853720127656,0.13089155743925876,0
4.272588686683969,2.389947583998771,9.23283332527173,0.6966857957135241,0.3580000010968176,0.2742919036405163,0.6935784765622727,2
1.1303385017718588,0.8432929887799289,10.26320390141675,0.40560781485396835,0.7538822807538802,-0.27640761293710897,0.47671584216481,1
1.6273060541948954,6.822697840118519,9.692575894635446,0.4597800769944175,0.7076238268486424,-0.025400622628758234,0.10924130941740061,0
1.9504986192500158,2.572567403675578,10.072513776631553,0.5069896207217681,0.536835820272357,-0.011581298664950276,0.15160580373251686,1
1.7543472135685463,3.7902477631062452,4.7899436598143765,0.5693617583836171,0.3715053977465562,-0.03313528686919848,0.280375954324155,0
0.3616759092095643,4.538304230140952,8.16739474012552,0.5499825021655926,0.7176188476931357,-0.1944878169137631,0.14506725405861512,0
0.7633994638708856,3.18240698324386,6.519914583153949,0.46487502909415007,0.4425354333050834,-0.24096063096022607,0.2862551087427061,0
0.6247735147477419,5.293117607174992,10.399185960537958,0.5092387834385343,0.6185248866182179,-0.1693408906351821,0.0788397568994898,0
1.053831702922131,3.6011584738131215,8.363415123553008,0.5055903977339824,0.6463588780863054,-0.16332034444889262,0.23979320016071923,0
2.442425283557238,1.090266267317199,8.054114307998358,0.6154521591705665,0.2897502839753814,0.1438942043531401,0.5098539271201713,1
0.7981511413304269,2.856218436660547,7.054782620900386,0.43473224024676055,0.48086559554523556,-0.27952633704079205,0.10215421068178686,0
1.083811539349145,4.902550265217375,10.960071845015158,0.5104885732174288,0.34213537890830614,-0.11604619622360281,0.06589864011809968,0
0.5724509907276963,2.62288476301274,8.39060789806266,0.41884794805795666,0.6372679611565538,-0.2893185071029589,0.08473080916720419,0
0.6476133119498623,3.4064560739334717,9.832296792805193,0.4347248369257363,0.26017660702292666,-0.18349044661222255,0.06230188259500986,0
0.9357641845008103,2.5843689237128937,5.294843562391416,0.4087146497618049,0.3262519499155211,-0.36073969085460583,0.24246805017075637,0
0.7942439090462364,1.8244735316835397,5.19216682214304,0.532800812966358,0.4001146982536648,-0.22819482811271383,0.6264340633797761,0
1.9392074024628898,4.352328466766157,10.210282160692818,0.4908654203068754,0.6339924320673923,-0.005250370103315697,0.07928070370396532,0
0.8641974931844821,3.6666604835559804,5.790245012228631,0.3889426980366064,0.46458591746265865,-0.1391499530162064,0.07270561582530265,0
0.6948593702861959,2.453451188449607,7.566693944162535,0.44294787954976367,0.7147932541457683,-0.2206882770429059,0.1089989263974195,0
0.9318613224407658,5.0297867223599075,7.261657780619805,0.4184656153459508,0.211447300920151,-0.1951193177401629,0.05958898811786279,0
1.3158014937351268,2.687456155760913,6.429524668271717,0.49284498786881603,0.5556314208237254,-0.14725536340128037,0.1786798769662794,0
0.8951351075799725,6.700779962793149,11.910752815876087,0.5526305453165812,0.7017604967816014,-0.05740756247225476,0.13665459531442778,0
1.0086836821989325,4.190411199483903,14.262888055780598,0.3788651570493109,0.18380391446779668,-0.1605438478821425,0.16332790588995855,0
0.5343100649131463,7.677740829592183,9.906933019043686,0.5705446300153165,0.7514274827928381,-0.1030879049378373,0.12284095012326031,0
0.8005727638214508,5.934787958224432,8.286102818772923,0.3869856953866163,0.6311230635835737,-0.17661442343360262,0.061466908844122495,0
1.088488555498053,4.926573692527539,9.635068911840362,0.49596880489128875,0.5234567384824333,-0.1179629251533431,0.19710954617574603,0
1.1822959773261321,6.067596989417171,11.056073481478935,0.47378402793188223,0.5908346986923765,-0.047629088184727705,0.17562433278832446,0
0.5479250101226544,1.8613392775650348,9.668802219043927,0.3559505355879214,0.7262136466571,-0.3837972838298564,0.24262164700898392,0
0.932188651465954,5.085707907385508,9.642366765107564,0.449293097539683,0.6980982794143685,-0.11278380845266976,0.13647692456078872,0
0.7334143204578124,6.747432283355761,8.495048086821884,0.4266989949409528,0.45311132915727087,-0.13368657895950922,0.12269724736199503,0
1.7499510078825438,6.443652516321223,11.064914799724429,0.5045353973211278,0.4847126372642597,-0.017450607481851392,0.12846405664026672,0
1.3298966202572282,4.728788156443977,7.127532324776396,0.5054397431401543,0.7909908633130265,-0.09081106257343412,0.5050408332678435,1
1.6631783998401364,3.162303721151643,5.541213447553728,0.3754615186670232,0.7123939144755568,-0.0758165566757476,0.22756977761502212,0
2.930139060900223,2.8136123484015627,6.862028153805934,0.40715215689934714,0.4176670992105786,0.14836525027658762,0.09313415245353074,1
1.4073296827897788,3.6760765810397804,10.800240823742973,0.4742445342928105,0.7067563133667063,-0.06975816710975036,0.15294766619126737,0
0.9235255432087296,7.08755023327381,9.975033111769791,0.45441777573758535,0.4015232426037174,-0.11375907098867198,0.21916027455086914,0
0.35727123405939637,3.187134990743405,8.448505756230531,0.438761859353858,0.5644038050266963,-0.30011962165277833,0.01628974745625459,0
0.9101328457411441,3.720315178834693,9.957231967873968,0.34339867239094557,0.6716245383748989,-0.05539697811525473,0.05070584354179376,0
1.2181385888002212,2.34643903736939,6.952842700593436,0.4834474010899041,0.6353209618460439,-0.1367395021982032,0.15966027975650673,0
0.9796796517615324,3.648957464429281,4.849302260661171,0.44743235607889387,0.48433354825127173,-0.11139510831428899,0.10351499006516147,0
1.247974219495151,3.4099191155241058,7.207956074157172,0.4163478773065198,0.8747538595632967,-0.14145082379339147,0.2399234377524944,1
0.8852495005660262,2.7073822970321806,6.912447180865564,0.4389014440051077,0.8200212008941932,-0.26683796200916504,0.18072251158210415,0
0.37133403727887965,7.208647196881928,11.203570732636038,0.47130545753751496,0.3834268314001758,-0.12202220571027114,0.011538917500708954,0
2.5526062079044496,8.095110452373701,9.564684647451942,0.39682454952758656,0.5776501790782438,0.06761632543654729,0.20608741987561638,1
0.7046438720027807,3.4105306214233906,10.107619782932634,0.40488808744780086,0.34761463065218134,-0.24106445456649434,0.14456157862341246,0
2.0874840745671563,2.7925092228136954,6.464448529528946,0.39346902554764956,0.8534322109443718,0.02230062461960271,0.3987029174715372,1
0.9786320963745957,3.996034678289002,7.058929707614037,0.379879487514103,0.5952409451836319,-0.1960762442928249,0.022784504637789464,0
1.358271261797318,3.0802573907342574,4.230591093738683,0.5768043330197249,0.36243050902845775,-0.12857176298167808,0.1477818405585845,0
1.62129333206582,3.7212660226936385,9.800085897403742,0.6691036307526372,0.6388572745586742,-0.03311753198527531,0.18018362811933486,0
0.6181838960655102,4.966449352107238,6.901137120055149,0.36526762887152875,0.32068971111862965,-0.3117110725265562,0.11244379375789212,0
1.1697349339574288,2.795474706150745,6.257730000861231,0.3514843139372028,0.5080144664440861,-0.14432602263098043,0.08194718667275692,0
0.5510048638423543,5.775104560433139,8.222821642301733,0.45921072321744544,0.883552161193564,-0.15747763919431562,0.11687380484353342,0
1.3925590150675968,7.723840363764842,11.094818629778903,0.4126585444755637,0.6531009134735078,-0.057854007990658256,0.02992643212763602,0
1.9255449729095049,4.153436741364957,11.587172796081294,0.5476543053905902,0.4997761824105649,-0.006691897467488645,0.0804633452688252,0
1.5334048750826286,2.3976020668429388,3.5494432177412576,0.34187197847003126,0.5223071517356742,-0.1982748256953216,0.255924651854839,0
0.7743409395952576,4.542621084683732,9.556546262201465,0.5495877104526772,0.7855499197898274,-0.08677604214539177,0.04072084056043501,0
1.1442689986880394,2.0592486726213695,8.443037359224652,0.5972314808579902,0.6552680415296215,-0.11655336751784239,0.18200965295542024,0
1.009466130492062,4.808459776620902,8.162739871945428,0.4151508327738405,0.644634470970762,-0.09424621852285726,0.024042664568721537,0
0.647106167026721,4.4628297665835035,6.978454954608547,0.7139702648523008,0.3838449733205705,-0.10005669281278548,0.21663095993260686,0
1.872417879545746,4.7138000331098775,7.035356833238097,0.5752715531837577,0.475585978093068,-0.013423547130277977,0.17947722969270322,1
4.335280660787554,3.6227701348441435,8.820104433656406,0.5175236956860924,0.8674871895891745,0.3531147645108199,0.6957160645601389,2
0.5367571225889045,5.541993655883615,11.514260941091063,0.56359777285682,0.8063531032371718,-0.10310653973735909,0.12609452938501392,0
0.19201430697684863,4.526832065448037,6.9079498076219075,0.3528142624030413,0.726556182408255,-0.32910468849442925,0.0807300679408132,0
0.8856915153619795,7.620441264639341,12.221426050671845,0.3930402277164028,0.6317661429016577,-0.13355635983373423,0.15653366891418943,0
0.877529409372648,3.7792948632348207,9.307371042897614,0.5086636225125883,0.6806392879342765,-0.10757283857241517,0.011764342678578907,0
0.8182879854907616,3.554187619639513,6.023068264308538,0.4485509953635944,0.7399270898279696,-0.21509048178944296,0.1117138471608936,0
1.105158453909163,3.228135479979808,10.858231152217492,0.5772994966089434,0.4442988288029803,-0.13513973534778453,0.08789629223401076,0
1.9629381229636693,7.906229607860656,10.134358705892351,0.4958163716148042,0.706320141923211,-0.0031409710765020003,0.22016662835716672,1
0.5965274766195718,3.0373370536604822,6.390998466440987,0.5856236886015117,0.7291411244108909,-0.17223713455169878,0.09263200913522299,0
0.4112052144066064,5.1929176647339865,7.8647705057407205,0.4560764308181292,0.7745904013622692,-0.2404398602807318,0.01708304394181582,0
0.8210550499822427,7.429048840419991,10.134521775151361,0.36229378555587055,0.6427567499871779,-0.14484602316727693,0.13135929591162349,0
1.281673106092541,4.381658856827723,7.621381532568662,0.36714661897127976,0.4630555507549481,-0.12697081157863582,0.1590943834749483,0
1.3019293638634843,4.825944817466114,7.306736236773925,0.4998901230631937,0.7439182739702545,-0.07808334775133959,0.1144477025923307,0
0.5666927052446691,5.790563112211851,9.273609566476747,0.500085745911677,0.5811268173279803,-0.15519573833808603,0.1673937298496099,0
0.7216440469120888,6.449594677898103,9.691467006414026,0.5510902615154808,0.7922594545208248,-0.11591611590539339,0.12570482259284166,0
1.9739652192472161,4.522762804739832,10.26373634247982,0.3599627972044967,0.29843589409251753,-0.004388294340385859,0.17337663006003012,0
0.8577566895580143,5.317913227607581,10.184052191050771,0.4976649465627971,0.5644788683208649,-0.13867504533277755,0.16041627297760244,0
2.354515020101699,9.085283449186901,10.341967774481242,0.4890618012827643,0.18112574173456364,0.0239217164664315,0.07340897159231462,1
1.0773547947183446,3.6222459851582953,9.206737535741944,0.41956430404643474,0.5228596064227442,-0.17286777878833834,0.4451940309979411,0
0.9199708265020905,7.094176331090827,8.15615608104129,0.4268767815191072,0.44945689648519466,-0.12971818947581773,0.20390801271182582,0
0.5168623163261024,3.5817994951615053,7.4429802781724375,0.4227362499713392,0.6840288101023225,-0.3147648773037395,0.09693833398151744,0
2.2946170528237424,1.093210710439891,7.056280948630752,0.4705161419582482,0.5697068297820513,0.13087818621979536,0.7750647271608544,1
0.4043248941780078,4.065985558844566,6.832933803683253,0.4297362775816011,0.734106771760957,-0.151600147106637,0.06965648241406576,0
0.5308342671162639,4.409603636815365,6.5291222999030465,0.4261150204673765,0.7347498822298653,-0.24521923873446952,0.08963700210162445,0
0.498372915754186,1.204399577004241,9.115487806189279,0.37304400255987735,0.251994486573281,-0.3416074381515551,0.16945587382833202,0
0.6975152488644343,3.0963472851611384,9.992032722859058,0.47494654795202834,0.34716292965018175,-0.1983668341944214,0.2834402404422611,1
1.326901242115661,4.22872730592058,7.6448270416262245,0.619508481048704,0.22589801324125636,-0.04872024872228419,0.2769208486071284,0
0.6823227416552232,4.99763191651141,10.75936641629803,0.41449077790076394,0.9238935352004765,-0.17059533388519013,0.10647634912744733,0
2.9890945862060154,5.22223866224674,7.25349893564929,0.45485492908842373,0.6261188578491168,0.10594129395783448,0.318891052621626,1
0.8484514606377781,5.667831022848549,10.06278746743935,0.4216218626347945,0.5958010519235654,-0.19321719219774725,0.14106029786336333,0
1.0537397468825713,4.627027354257881,6.4938395443855335,0.5686293829102503,0.6345413666830843,-0.10580866338062278,0.14014751097889847,0
1.1291999572858247,1.9843171301033509,7.319784697909791,0.5775487156403154,0.8669841572567291,-0.13666973938157595,0.23620425632117126,0
0.8089431075932227,3.5794678765950425,8.312965970137794,0.5194761593374527,0.3128948372314795,-0.13672763418535408,0.15733500070377932,0
1.750150245064306,1.8402794222244534,6.220062726739591,0.45446012660437846,0.4031888867095345,-0.027731244702028656,0.21424462099470043,1
2.559275247683192,6.278096884255822,8.918328237325177,0.5416560614657591,0.48785195921180213,0.04948358715515671,0.1379767063032662,2
1.1892221669437228,2.550405900458932,4.760310372830427,0.6126947875399504,0.5799146255522866,-0.12723584325301515,0.32764377462483624,1
0.9449454850499543,2.7768143205035734,7.313821387770231,0.5177512054219339,0.49450456306263607,-0.1259348914633666,0.22504169441662458,0
2.074825340394465,3.297621669836775,9.993790100316287,0.42016013332659724,0.4798605369016991,0.012994947521078831,0.08105972523953854,0
1.1802228101698096,4.162894270044701,5.332204059199671,0.4249205812114928,0.5124158573655673,-0.12087323603502298,0.17335442582901137,1
2.2190102252307176,1.9324750936641606,5.320561878303875,0.5015981801231755,0.37682524586870725,0.038176418219220146,0.2725230430330174,2
0.9015760063623405,5.387305686192035,9.4271020171019,0.40393981917300575,0.535820445774313,-0.178698208036039,0.11095247547919682,0
0.45470825646929075,3.4702565586686887,7.346616176743243,0.5107777420602205,0.5313736092169453,-0.13609181936616185,0.057197946368168974,0
1.2664713655330213,4.849153578735789,8.240743044662064,0.5813554037074015,0.8581070669364248,-0.05656749613922349,0.11710374487849345,0
0.2556461300766082,5.4422769508672095,8.996115413569973,0.37078370118593834,0.47125685207430873,-0.2296207427154819,0.022947027428015142,0
0.7202306986354648,3.2028491650816227,8.184585809594306,0.3551341907715753,0.8631588646062534,-0.3442395895529562,0.20590804358569606,0
1.1075136402140315,2.896446855907659,6.15299003413912,0.5857556385447176,0.4486789021924735,-0.0878859742728744,0.18718640224516137,0
1.0630754217903573,1.208993346111137,5.823545792964441,0.5386713398943253,0.5503021787361861,-0.36036603897013936,0.5175469106346638,1
0.9518817999228901,4.753576676440086,8.666005245582184,0.3513353507407767,0.19573892384778535,-0.1531142581607313,0.2644928436278258,0
1.2499821369099853,4.1558866377318315,9.568287535213903,0.4398915315271018,0.2161213995590839,-0.1100287138540751,0.11161862170441293,0
1.7436094180039698,2.546958102709006,7.230877466296154,0.5204528063298584,0.22854100047565593,-0.05267822458851875,0.14396808685428975,0
1.0642458138964654,2.8726270487265033,10.439045828344804,0.4886797636865179,0.6060879081704073,-0.20122582297034958,0.07754142328780882,0
2.246602930881338,6.141812518115683,8.76589069615385,0.47982753027593394,0.40616588450670155,0.027459766665824743,0.39472297340988827,1
1.461444517602616,7.1047885862934566,10.077658920044819,0.45095153389107784,0.4465016400664914,-0.06036538127526337,0.19980877397667282,0
1.7924391427120445,5.261026965358325,9.881199867903408,0.4146859053270315,0.7932203033037732,-0.029846616009184822,0.04869045738169844,0
1.2958529980595712,4.826900317558312,10.016821875223687,0.4877124908895549,0.3399939591823473,-0.09775019553792491,0.18450853493159314,0
1.2829568818203085,3.0402849627860253,8.479876314527932,0.46927112143905303,0.7829580575538704,-0.09481413522211259,0.08468007137400899,0
0.36413696889418445,5.723783610113956,8.721889638122052,0.6176603300126392,0.5224072517124748,-0.12456758244934253,0.08840344743516029,0
0.8395890146332814,4.871948975496859,6.746471476165249,0.45753639189614836,0.5045935093592873,-0.12990519847945647,0.13751891303606784,0
0.7305313326738825,5.769282662943778,12.051412983410472,0.36459150750657415,0.7342315455057107,-0.07664142121676323,0.0894305486977998,0
0.926369553311708,5.1549987967322926,6.529655818021001,0.4464962316021711,0.496068660066351,-0.20199912071072404,0.06040175898159422,0
0.9453475961721578,4.4832651075079095,8.816350934794796,0.42146989337127305,0.6176157946673533,-0.09152491456516708,0.08619676970519925,0
0.8329808039596172,3.6847178719067184,4.439756920924834,0.34690417802035156,0.6508651513186652,-0.40509237457053543,0.3291097353479944,0
1.14583496982366,3.544017756966203,10.081210422013617,0.45175455104300205,0.5817964165716097,-0.1359603415523566,0.25483843039199566,0
1.4204573779917231,2.7493617647930293,6.003907905334149,0.45201063777536793,0.8801927071880009,-0.13339007163065533,0.24018227577051093,0
0.8527165846298285,6.727608637683652,9.208930466748297,0.46805759234639016,0.7792811259765973,-0.11237194641113132,0.133156320581112,0
1.557539816589322,5.349634728528915,6.46449411695518,0.5912672922187644,0.6254191831613608,-0.04997207061771635,0.20490099433592768,0
0.8159194965128816,3.0732917797564463,9.563695177875273,0.5075926904862471,0.3011478476619698,-0.15621869645169875,0.14696739402273393,0
1.040197207355792,8.27924754643992,9.195935970867883,0.5163463485975355,0.47267643701926737,-0.09137289075931997,0.17614128345307734,0
1.9690008038360927,6.342521751999583,10.0346822634187,0.3963520322937882,0.7928573380298731,-0.003319897782918203,0.05419444654793145,1
0.8782790778566568,4.371263629993202,6.7159619947495095,0.6043872656968183,0.7793216190128225,-0.12254803313496299,0.1300153944300137,0
1.5706039115723736,7.21921739426646,9.639763449040236,0.4063220003326665,0.5172692170117055,-0.026815283090691342,0.16027422507526412,0
1.2663571641221307,0.8656294416071572,8.762202005431174,0.45089395525962045,0.20411639697576026,-0.3531831344836351,0.15730450065891996,0
0.8516232652678466,6.773461966166265,13.412134467845593,0.4024395674001121,0.6985562393184176,-0.03787468185267777,0.02595671778880479,0
0.6434125161761295,5.630243045627629,10.04184212576775,0.4594202048824884,0.4435613074285304,-0.13248626433647423,0.10191235223090184,0
0.8880461944005649,1.3666094450634676,5.137260899352765,0.3569829219803812,0.8240189772275806,-0.3827326842540395,0.4115587419525078,0
0.6305936700496954,8.058208452649707,12.744186454605018,0.38671027683145,0.37665227823792513,-0.07432156915984271,0.07821603664309772,0
1.2318786844749763,2.209815952647186,4.280218304971446,0.4228568028017427,0.8886002611584942,-0.17397252380349115,0.20909379812741005,0
0.6889500633625046,3.0860897608877753,9.008642546714015,0.35489398205656436,0.30536338712227584,-0.168819149866511,0.05369045433791386,0
0.5061046503848173,7.375980546629477,9.815853033941334,0.4917829131744316,0.41265479087970347,-0.1354502216345575,0.11972877911167096,0
0.9223165516479993,9.140856344773473,9.229648397315012,0.6572393182563401,0.5863367075138687,-0.04690801185225076,0.2039256257051635,0
0.7949423588110915,5.028444214350068,9.193151561927824,0.4314035455618433,0.613693199048242,-0.09188692300987963,0.13793943822206367,0
1.787765486898219,2.9651987302091407,5.89337411188988,0.40672771842428157,0.5656827860471725,-0.0545409257989625,0.27107010886665184,1
1.182163767845162,1.4132722373107267,3.180851890347764,0.49068753606479604,0.8978936731556614,-0.31661139166537033,0.5529926653364823,0
0.7597945326611685,6.2921821166797915,9.374234327799249,0.4018143782866282,0.43592189787640123,-0.15040720621105289,0.16911738209963545,0
2.048172176481093,8.717198414104036,12.502826688396425,0.45226577294188514,0.6214516609610898,0.005098978522109539,0.432288949299588,1
0.7860342835972418,8.402410534602993,11.594402132847204,0.510508305794397,0.22720224923362592,-0.07138290163311792,0.12203100853295298,0
0.7377521114821693,2.559506526317265,9.274218264484876,0.4390453178841532,0.25112959378047456,-0.19237506000147514,0.1353791335597597,1
0.6848554614095198,6.16964503391405,7.5701422076724345,0.5355332503179456,0.6256771291978617,-0.1531224810213548,0.11022610991401242,0
0.8488168465403277,1.0510055627406976,7.718991207520701,0.41276811388110235,0.29082786886272227,-0.374109796634498,0.17444222142216137,0
0.9068769582132874,7.062707567981262,9.831512873165416,0.45471951133377164,0.7168505680432123,-0.08533409511658879,0.06427510146521288,0
0.8800768702276729,3.162635870548058,9.060570360301641,0.37020423935022995,0.6556849268548172,-0.2060163355623809,0.1471605257676134,0
1.6118024296916433,4.047357240689842,4.982033259866876,0.43869916276908544,0.7833407499701851,-0.07682932869490672,0.13162258839287888,0
1.494173066782855,1.3088736205101756,3.8522277615744023,0.4615335046502266,0.5691056680096921,-0.18473391482664808,0.36661469261911117,0
1.235154286963048,5.360301969914757,10.887309973714634,0.5295906164003832,0.6053915690773354,-0.08202741062723622,0.11050554698337166,0
1.8460227439293104,5.326926618101338,8.457694006120665,0.48195692311593574,0.9135510779087768,-0.017624560828406646,0.22983673902096832,1
0.8597037806050155,3.6391887394153457,11.847829351435552,0.4933390281544117,0.9348572626426225,-0.1366974931434669,0.1589522761549099,0
0.5525718587173762,5.8911908363349115,9.924596738579238,0.4459287786360409,0.8495202994795069,-0.1967419374882552,0.10393113617481885,0
0.27355254797684886,5.258354474352287,13.214347644133259,0.4454540816323891,0.8154016004951183,-0.2435724901009532,0.12595647559468143,0
0.8452201705457589,3.131002742550817,8.192176433489857,0.39240128791819096,0.286650261260908,-0.24783846290759787,0.1577341111553719,0
1.3886175594951986,5.341117137172515,9.740525161418601,0.37263668269060995,0.5639900373237791,-0.06530761891420911,0.22174774353146154,1
2.076680478296837,7.6291377621006955,9.043249674097204,0.407143459667288,0.40629126148489936,0.010326499356537906,0.15396051390775364,0
0.16875261786464163,1.9752869990521231,8.712376513221159,0.40831974540483224,0.43077402711967216,-0.24162447907531479,0.03868142844873157,0
0.8101752355835918,6.144728033906409,9.541649281700986,0.4669709280303028,0.5338699730698477,-0.15117020229635536,0.19684796698829293,0
1.9501360453300511,3.9995743137613187,6.358573024692038,0.5217104067724518,0.5290601431494603,-0.006901021801723501,0.2647958040047636,1
1.2301197813519822,6.302411363366885,11.098806747359909,0.6025362388902407,0.6152203040562598,-0.06478524254565109,0.4582829010772341,1
1.7540563924525203,5.712436901540547,9.74107970348817,0.48440690736924313,0.603754609124467,-0.02577634159224526,0.24615163276630023,0
0.408680185465388,3.9989871642772536,4.853840308709303,0.4729596979124574,0.3151672206241239,-0.25057107294757847,0.26374882070162214,1
1.403765582805085,5.696036049436888,8.586678678167228,0.6637085150774248,0.3169497726385698,-0.04896649855485449,0.31837986325777307,1
0.4720360054001246,4.321505040274712,8.527018783226097,0.42881060208333155,0.2609140214316473,-0.23335979640421592,0.17003888873179596,0
1.5590201313890624,5.046235980873328,10.773342691126699,0.5773786512740123,0.7849610071145215,-0.03548659471057422,0.14524767597941696,0
0.7323915711270067,4.796195628490823,9.654789362270252,0.4200708620313485,0.7403662039528932,-0.14218138224397395,0.07632288170209932,0
0.35735532043208845,6.481859212040844,7.187831965803555,0.3975647229905184,0.6241039314422427,-0.23520921873249137,0.04992836779826811,0
1.9659503241053744,3.406315547413562,5.688768816484876,0.428017272855797,0.4567165458123966,-0.006206723745977948,0.22644540518441778,1
0.8748785001985584,7.317551962656267,11.561346423592429,0.4873015206543358,0.7588871515154159,-0.10008869673190605,0.055147218041244075,0
0.826100113018908,4.780522291122613,8.569397201287796,0.396088084879152,0.5141274040388563,-0.10469974688998371,0.13386062786089492,0
1.5510823700554899,5.606550919653091,8.563102779379738,0.4769261432627002,0.7872780572387565,-0.05358237300918928,0.15783946317001485,0
0.25366736294803416,3.4907741503839462,7.9907063514795595,0.36258251596665836,0.3619408490880203,-0.3703669495809362,0.02948818337930965,1
0.7736407861592675,1.9856380630819659,8.98447338900031,0.4550543623473003,0.5321076046344668,-0.41174267431983186,0.20583780929536613,0
0.25668773065211886,3.340937432146852,6.064495647884948,0.5696303556737485,0.5333199285947804,-0.1704589883089738,0.07625745357187863,0
0.5304944282156028,2.6102828367268813,4.597914542408117,0.4261187383480689,0.7125987521576916,-0.304735720289626,0.20392607033648583,0
1.6094500958561269,4.3415969665149285,7.180380299373459,0.4053812921788835,0.8067443557082327,-0.05300394188325513,0.12333508228340893,0
0.39496656561858307,3.517886916118336,7.761655585275935,0.43387512153836555,0.2215647111026207,-0.2995652677917648,0.2266032257033664,0
0.8979419022857945,7.280666470212673,10.618680013998992,0.4549766720150146,0.5546919782581516,-0.12506350400145516,0.04995504970927335,0
1.6046152825448585,8.296828534998516,13.284452800084813,0.43685927898486393,0.5153186715504312,-0.0356015656222102,0.09312749974487958,0
0.8501162263464614,3.8141806344216724,7.157510677402355,0.4312090067921642,0.9089628919976755,-0.12508477526212544,0.06518385747539526,0
0.5757726237222663,3.6517927592765855,6.510338935407029,0.3714206878967605,0.37175005610307965,-0.3585313691323102,0.030167350392432683,0
1.9758581222931957,3.12308418695393,8.191650130049945,0.4815493500831002,0.8265639210932568,-0.004658461901138758,0.8136864940489283,1
0.6119654781772439,3.3991335449310864,7.502715505315149,0.3855777701091863,0.7718276815458317,-0.28923982553262784,0.19566566136654603,0
1.5275507049274104,2.902944339517368,6.613073532006755,0.3565295533584721,0.4371896654285878,-0.13680065881104145,0.3492236316858713,1
1.1711663054456305,3.045814058755875,7.07073531045223,0.4289994154124501,0.4301880924369343,-0.17777955007432852,0.25725517729818104,0
2.0071423635817585,2.526602790315056,5.667407928170796,0.44287407088715613,0.7045031265708332,0.0017757916145905008,0.21561636462354108,1
0.4697940457590202,6.6966465308585015,8.767748067925837,0.37679397245109963,0.7868204910520847,-0.06562890059365617,0.06404253647864036,0
0.1853092979743789,5.5209319161089905,7.495784494641318,0.5400048083724013,0.6917055611335834,-0.2068546702107849,0.054857719426380215,1
2.1302479222385937,4.910389205469086,8.518397619726356,0.4729146352114258,0.8119270357269288,0.015362259626385549,0.2864079277514485,1
0.31313797315952197,5.289691817858044,8.61624379709236,0.4353718986010677,0.4164303185601701,-0.15919199874150178,0.010746119278978514,0
0.7062785466429142,3.422885765938457,6.2346941287610464,0.5526848159872152,0.5446884568910638,-0.1741794276643738,0.34952793751880334,0
0.4738730255740817,0.8558181494096568,3.776349185054998,0.4358593006965252,0.9434290680241719,-0.4158028277924821,0.23534978471486026,0
0.8005889667103965,6.051912182786047,9.948440353156538,0.43772754043293377,0.34191045220416716,-0.150900260575651,0.19392709168356426,0
0.9222660459962347,4.720198347607285,6.994224700320565,0.5494741482069082,0.6214217108862736,-0.11154252820214863,0.1730302701756043,0
2.3412861739984,3.160031697567346,7.35478203928441,0.34224483107948855,0.8447011603343461,0.09409831045610442,0.3729577859492021,1
0.42752977685587173,2.0417925962962267,6.2080400258815045,0.4609305292917513,0.5562734674036982,-0.49884199764975434,0.2303687405490076,0
0.896124174786413,1.442805997119858,7.6793984662638355,0.4129017663787232,0.276369930882472,-0.3129761729857866,0.41826829836845975,0
0.7743347791949723,1.2409432532054578,10.181457594337994,0.5305110682339651,0.7878548783540368,-0.17063822155174027,0.24213372008462922,0
1.44248970196896,6.42311709232359,8.59621932537424,0.4197732503991962,0.6156311723799536,-0.06788046796101828,0.07352663149164149,0
0.6072954156515288,1.0128583890718243,4.911198640468137,0.36629696332357575,0.44430135446739133,-0.7231330500765515,0.17405837349991776,0
0.2924338268489733,4.160424375100161,6.7120029731400725,0.336483046070429,0.5113882537454562,-0.34596963286695714,0.1239946923805323,0
1.5746629156206142,3.3644401403726194,6.423714570471651,0.3907090806852061,0.7477382188568779,-0.10983518808717578,0.2701194594889827,0
1.0134513436337345,3.0902212802239886,6.940912663158762,0.5415262376625554,0.6513917121671757,-0.14043356392931317,0.155310481014959,0
0.592993005383787,7.192450897288744,10.971189895344722,0.37289931214748545,0.4420069914193401,-0.14232860120572707,0.05183565658246192,0
0.40454309418177425,4.967911021890581,7.474053068641097,0.3671423666202641,0.6724640995852058,-0.20050126247778272,0.13247812170403114,0
1.0146694441676938,6.2634303740365365,9.721629241599809,0.4960810869755877,0.5707196191032509,-0.06508100191063403,0.1614931106535297,0
1.119312755982732,4.437166405045439,8.941853808946222,0.4706328927872969,0.6682136044454873,-0.11993776635880986,0.14782937721491948,0
1.1708245507506352,2.9264594517547295,7.156881983406542,0.5057655213405093,0.35753173515740155,-0.12713463909970227,0.32233122571588796,1
0.5924798347693122,5.118058035424725,11.281086215447974,0.36501829530388574,0.6842801877800493,-0.18476486928659178,0.09490922274178881,0
0.9894833980847302,1.7473148846729392,5.755199547913081,0.5862781189584912,0.6122432707119149,-0.1826483528021408,0.15248388484233982,0
1.3850776956741777,3.980862619285164,7.832960752883236,0.43131079759028157,0.5401787073474409,-0.12022076299114222,0.14057488794977888,0
0.871403245470271,3.639339650977424,6.0256942225800945,0.3851083202546683,0.3970617075547489,-0.25216713300553945,0.1904468870772849,0
1.0416204877946844,4.11113177295938,8.025283794707233,0.41309858464350874,0.6037546908113653,-0.14740290723400712,0.04209866127312893,0
2.6106632934436864,2.083855827822526,8.911141432554324,0.554629838882138,0.39001368739543485,0.06904542601783847,0.8689678730962743,1
2.7361027544622067,7.8529343700625605,9.722951687118654,0.46078055863938777,0.613379018782771,0.05623670424178462,0.15271010592974218,2
0.6690228274115955,2.274736719149815,7.53889078353834,0.384765226807667,0.6086953049613363,-0.14062261526808523,0.05611430708006687,0
0.4845300111661474,4.718987475889069,7.295147633779035,0.416599966211947,0.790011341679797,-0.27567437865553485,0.05555612120547449,0
1.2119956250376611,4.552490138240095,8.535034810745818,0.5884977778245964,0.8089011479102282,-0.07891799764771547,0.2144126023169316,0
0.9851495413006871,3.3030234741296645,6.9002194109702675,0.47807318433728196,0.3147749979199003,-0.196967363867125,0.07350629867765271,0
2.1021186585218476,3.3556718743294343,6.279754155377731,0.5203845337876062,0.36738297971163447,0.01718317324351978,0.2243628937813735,1
1.719079458677191,4.329976842149861,6.382690597509084,0.46587277053568027,0.7724268318891895,-0.04398905669401977,0.16554756921181982,0
1.0463500956444973,7.729829527231454,8.986897397601714,0.3395168709945393,0.4900911459305011,-0.06466916071813816,0.10866567730334478,0
1.5268136891721062,2.0283177201518563,7.781402445405243,0.518019490844298,0.8678959125562644,-0.07159480790376817,0.22344869062433775,1
0.5879257819226478,3.2755523947774643,6.120655523959293,0.4308460670834445,0.4771150152721419,-0.34892823027094927,0.18547311488066023,0
0.766824680513086,1.94330719040772,5.105397267755483,0.5208952119523836,0.6010317802860368,-0.2531738223448641,0.14175565043978489,0
0.4438968828572463,4.111924882435273,6.951399243906753,0.4292652398368313,0.08548922671545564,-0.27588426391031495,0.052611741040758324,0
0.6356189307771,2.860038286870014,5.245621613822912,0.43575503018010897,0.6381629803081201,-0.27439473898807837,0.19685240130183174,0
0.7496919011131739,6.284170822251704,7.648947552145088,0.5240315100666629,0.8069141330412403,-0.09261075341291686,0.09427160843707524,0
0.8827242971396447,4.5662277841658545,6.098204432831474,0.4659043202046262,0.6256955747554196,-0.1109535377158103,0.10169123310273268,0
1.139005428628091,3.3312833084281404,6.602086731800963,0.42214789111121465,0.5673943887449856,-0.1820474245333234,0.1824814375859148,0
0.8739293807501702,4.4246294295716995,11.43511080367272,0.5102120247869579,0.9779420199066619,-0.12242195797287037,0.0362007936031389,0
2.2782826943653696,1.265290794921561,7.719926679282695,0.46646379395693455,0.8271452153515215,0.056611066737639104,0.05076241124609633,1
1.8163042359589172,7.517017634060334,12.725244080406483,0.5212887046733722,0.25270890573446214,-0.016142860429052115,0.22835842258972108,1
1.7442969211475996,3.937529898128706,8.272265333563393,0.5576682921700223,0.6310545128139433,-0.019945159977605573,0.26506495380566686,1
0.6048789859319726,3.491062233466539,8.15223461961712,0.40689576859446047,0.4254912293269274,-0.14851737031810214,0.04559394397741909,0
0.9177119316708595,4.881023119655035,9.85450005745725,0.6433894154657347,0.7185596667663479,-0.05724063872817674,0.11010754960580178,0
0.9324025519700547,5.732468006521667,10.3421754157481,0.4045673373840749,0.5792660877532634,-0.17066478554075326,0.23140018837046172,0
1.160082781735459,3.9141379261695564,6.752469544039443,0.4728902322433216,0.5414075478615803,-0.1445594448263311,0.1493855920848087,0
2.8764417412633345,3.168368943559852,9.653578469206732,0.3852311334600036,0.435646595726051,0.1158963526641063,0.16122114098901333,2
1.7812715760653455,0.8112505749691427,6.6790974144652795,0.4401531058070967,0.5164771977158792,-0.07268873744730737,0.1043641252604542,1
1.7539969264743562,4.677014697830373,8.277126150154938,0.4156665479861627,0.5397315555827965,-0.03497007037462474,0.10040759598153957,0
0.4993666590033357,7.544682910676753,9.631794352718748,0.5100927575018365,0.5393448405743748,-0.11159220387170636,0.08491385194631612,0
1.1397465924123602,4.214215063273126,9.05310437914994,0.6174624285334088,0.651091207186862,-0.05174853978388681,0.1438390048880207,0
1.209676225770753,2.980606083240156,10.975720986981731,0.4695592420816888,0.6404477708683743,-0.1546533625483355,0.04526890866951574,0
0.7772033734521844,4.007057969318704,4.859574457070328,0.5155948229369086,0.835108183336606,-0.22597940567449104,0.2463485870053572,1
1.8371611363048588,2.9849330024862786,9.848273495259551,0.3829494333473925,0.46743479188769366,-0.03626931495557835,0.04750914322369601,0
1.5019465233067721,3.5826165339280616,5.155238095362845,0.4878093321049927,0.2421210634150175,-0.09087532726592769,0.534351744879668,1
0.8321841973255333,4.625152746244399,7.437453390064177,0.44112451370984834,0.37687958282340583,-0.20034536295625882,0.3388272915477324,0
1.0973841670720215,5.212025919984529,8.557260768742639,0.35274368778925325,0.7546111715066364,-0.13951677828621598,0.14713012094910338,0
0.9439332172364464,3.7036564980878772,10.150719885193169,0.4195549759519524,0.8712113362024674,-0.1257698546236909,0.05330450887973145,0
1.1060418248472736,1.4417736524995595,5.978147913126613,0.4705620555533221,0.3640317515822297,-0.3475414841610216,0.5164571904208994,1
1.7214897608373778,10.452952790575406,11.13529048483034,0.37997419918311615,0.6806572453990337,-0.03195038188952684,0.09724881962525984,0
0.6235103114833151,4.867232916666525,8.090593265388044,0.5490671747806829,0.31998969973823654,-0.13566326426916764,0.22091180800398427,0
2.352394049560264,4.21855538897975,4.571931368634734,0.4136416911638264,0.6390489187608186,0.06157686293669508,0.2527019113777623,1
0.9544368412678234,1.3428527843649238,8.067911665643223,0.5498483612589112,0.795088322758731,-0.1765752187836863,0.14406398529482178,0
2.505105082923121,4.454077084856773,6.848997140159726,0.6089478026489598,0.5860046115630724,0.05999608213231958,0.34420784388313014,1
1.0043006000913643,4.912964355537262,9.843417235702912,0.4284393371383159,0.4003729353275865,-0.14222078592318335,0.13727499892026176,0
1.1128821456501026,7.21588986122492,8.661473287053392,0.5109725121944769,0.5061740594981606,-0.07976422478294268,0.2503783061168312,0
1.1290998557317917,3.8599006126411397,6.723354276710549,0.5265410442052149,0.5906460440599283,-0.0691369664868268,0.08437378990373573,0
1.227083263082706,4.536292511464407,6.062306472357724,0.4601618814456341,0.8635700718427775,-0.08247164990438642,0.07256493227685519,0
0.7262655324029991,2.866806651560224,8.476246775134,0.4787092469162265,0.7394190710828156,-0.2026146920590966,0.1331036198350097,0
0.5417590430181244,6.666521022435369,9.539969531066525,0.44154854608677796,0.5125514493974116,-0.13029266072493131,0.20063752614145708,0
1.135257799290507,1.8779633073414594,9.14358487747928,0.5898002382173824,0.7794546099919984,-0.12269091901223213,0.14252047082715377,0
1.217728952155438,2.3908093935778276,6.816983628625918,0.4028803605650626,0.3145179476888088,-0.18495923103773,0.12082700240123555,1
0.3394508004038573,6.335225644873368,8.042084590107406,0.47496231163909136,0.6570320032027565,-0.21673480098883807,0.08888228692133063,0
0.41405366378138,3.3292637592095176,7.182848457974019,0.35163486516545717,0.40884423788327784,-0.3816786301319221,0.06827639684309654,0
0.6231741271720167,1.393088232927612,7.633725458261401,0.4077085716115737,0.4516016053196687,-0.36877285979579,0.29537636853772603,0
2.5029972677015606,6.729997614981225,9.68644404852673,0.4929977685587295,0.6974004525717957,0.058322552475969756,0.22413945585029504,2
0.6465983222328391,5.345664438514558,7.920461621719928,0.4206136226743049,0.7493455056232938,-0.23271184048630428,0.3507155800694982,0
1.4779790716363597,1.6901370055224518,6.485588139614185,0.5821427707402593,0.39912760675590564,-0.1239534799056131,0.40177893410691395,1
1.0334035443903968,5.884719959544785,12.119097990612316,0.38732976475554903,0.7309910639791481,-0.11509604156872814,0.13786252963945486,0
0.8636273503810648,2.8853521504246733,9.900031042687822,0.49622163308736905,0.520346630269663,-0.13089868565529783,0.15553116752740426,0
0.6205978571516779,3.678433433473635,12.45443390159012,0.4683982298173526,0.47907815813168436,-0.1287658364854596,0.17089642521379078,0
1.008306501813927,1.4778648820979674,12.993625492702295,0.5278040281398481,0.384187474639028,-0.10593707805020891,0.16208992775723566,0
1.2649561636245017,5.216140796252966,6.4674281799708355,0.44392823717212754,0.37999706812135076,-0.13013340350524932,0.16636065332610028,1
1.3214184177727621,5.362706548583646,11.512986148299506,0.4833376379513613,0.29170985357815915,-0.057018902880526794,0.12684656079545645,0
1.0353572820514618,8.091632396012399,14.186904094223902,0.47236761798569316,0.4741607451594161,-0.0903719581648255,0.07239944359139058,0
1.9602958083609292,8.026025962751126,8.354600049011424,0.4019047121634642,0.7096438492517545,-0.005782399879849323,0.284114488920428,1
0.832663347345648,5.162890973001643,11.97125589930664,0.41459327315701416,0.746917887226534,-0.14685189029107193,0.18563301619571004,0
0.5860773765237121,2.026575801584116,10.114985288984583,0.4089611625609852,0.8629404592150796,-0.3292555316009389,0.17971862316160897,0
0.4734381225365271,3.41651583718332,10.282673465743805,0.42461633368321955,0.4224344172671011,-0.17824532973465373,0.03610023952143009,0
2.528501884122851,2.265915419568743,8.21792516304633,0.4952638853493017,0.25200361119939024,0.08281402919968359,0.34479753409189046,1
2.7420551745646176,5.776659058536788,9.816797955015796,0.5736892201403717,0.697577907924688,0.07484813521926909,0.23244238265642395,2
2.4168313954803717,6.887571285635667,10.601973044410384,0.43999527149895057,0.7918005646950412,0.056078052780742134,0.19985364163050795,1
0.6229445101232539,5.88843112058011,9.318956322760227,0.38090986339185395,0.48311442294594903,-0.17937086532760865,0.08569480089256742,0
1.0062430127403656,4.880361263798907,12.02474074833969,0.4040629834275073,0.6160748083154512,-0.1302174244478806,0.009459496910937304,0
0.9956564221846821,5.360385927983895,9.547973239243769,0.3675705379809087,0.5322178750641975,-0.13874865588907775,0.059452569960232335,0
3.7671758062627227,0.9618954328236268,8.485667371626976,0.5822717904289277,0.528094291998994,0.6415658156075646,0.4595598319859885,2
1.7264391828396877,2.872848288238831,5.755405099230603,0.40185928964829937,0.2519964520132692,-0.055583414106468776,0.28719801956891855,0
0.32847953933088037,3.8000950209064386,7.2388442651873754,0.46798948594553463,0.8811343548453402,-0.14639659492790902,0.027917016197243422,0
1.8042478305500003,5.791695632930766,8.921379253333692,0.4716216180333436,0.5282784317510004,-0.024674880468639464,0.08709668255841126,0
0.6419555575711895,8.617444418878776,10.494915121711205,0.42149951759892806,0.8969164118946252,-0.13444585481866966,0.041597695665215165,0
0.5183484783919791,4.786553832172653,7.677333057757292,0.4346585442865253,0.20297025221732948,-0.15664606968980563,0.304701487879277,0
1.6674627133533855,4.864267097603638,10.216145357580379,0.5365157727004835,0.1950730765500827,-0.02453924202593697,0.17778207281254457,0
0.8512286167364168,3.376079712675925,9.066662113996058,0.6385253665487148,0.692418592646061,-0.08219786838465894,0.19692504891042778,0
1.1874358785285748,4.781003506117223,12.201415067819866,0.44816398106493743,0.40221496848731264,-0.10581254979278458,0.020462248026052326,0
0.4213737601252733,5.99091284389272,8.680193972236319,0.42439333095858855,0.8306124703424668,-0.22983653240177676,0.0777525089842878,0
0.688974276800522,4.380667599089717,9.082103478158103,0.5262013994123571,0.2741324814789963,-0.1609484985259364,0.10515102783952768,0
2.9862890557185295,4.49896490435983,7.332599154550363,0.4781052720886596,0.4471310274770965,0.11579172673539079,0.295730165238053,1
1.6692370314581475,2.25484302257654,6.324681645144865,0.4625854522018512,0.6737647694534578,-0.07008376096367444,0.44173840743460324,1
1.0199855792073291,5.273718485282561,10.782495262460863,0.5776042650477354,0.5189144563263637,-0.0707270685247868,0.2679004517533473,0
1.1407661218007532,3.914330362253559,8.119090704691558,0.5116568379291402,0.7759374725517049,-0.11285381306899854,0.2379052123056913,1
1.6110748835459803,6.662936022163825,9.835436736345075,0.36207957316303974,0.8114797150363395,-0.06532357471002805,0.27631190261946065,1
1.810502721169208,5.6029391510340725,10.222703347059868,0.399995053267134,0.7881404115915462,-0.02317772054040664,0.15698287948653125,0
2.0890490957145653,5.1116738973746,9.215805876334247,0.5443775602501014,0.23508706294400558,0.004972632533921939,0.2197471786074172,1
0.8888783889780005,5.157072570728037,8.115897132129302,0.4547693966665656,0.6372953305794741,-0.06513946383624168,0.09665961722158942,0
1.3851568395233824,5.136906312743615,5.589945162996966,0.47538911311630994,0.6664424346284752,-0.08820691856329373,0.1010012562888608,0
1.2185511172920211,2.7568475931463476,8.727888248432407,0.47530637801766307,0.40289521312068005,-0.1276512809557808,0.0978667659989611,0
0.8329210320738023,7.767451658150622,9.819108170220295,0.4466507913956451,0.3867274964038182,-0.1275776031050248,0.15934332881268795,0
0.6034977623632091,4.833772182003245,8.419715322818305,0.44025166394393994,0.7466960193497736,-0.1292014933937486,0.20611641385295806,0
2.468564301335295,4.428297448703667,7.28859323269145,0.3444433761067831,0.4332777436770646,0.09603778859202301,0.20776535253514777,1
0.3628245553099202,8.018029988670747,10.336270594950188,0.4489043538078589,0.39691756046749876,-0.0779409103406816,0.05423220526963817,0
0.5256224259384804,4.652688472332734,7.367201227165493,0.4620830747887299,0.8580884169749703,-0.22750524273562653,0.1133488711144255,0
0.6745535625199073,2.174616598886084,2.7020004279120244,0.3853659332668248,0.7851253980836099,-0.2954733309653477,0.03298759332850892,0
1.764073838645838,3.6245321842748375,7.196821522037361,0.512420520680741,0.7394949058093356,-0.024002344770420788,0.20618056117694641,1
2.1496185673597674,4.270062231906312,8.503435678294794,0.4461308153369592,0.155536987217608,0.015582663105762529,0.17224122803245662,1
0.7108799997248121,3.3417153513074513,8.779917174801495,0.45471126288697644,0.8183212196216205,-0.12093648222854979,0.06559435087831789,0
2.653199356790407,1.4141965839201873,6.946377372838571,0.3773263103606691,0.33178376271199933,0.20407792109536557,0.36573534738913366,2
1.1139505303203998,2.758116766455371,6.454184716948071,0.5360546020821729,0.7644659019367102,-0.10653406450490382,0.16987872639694807,0
0.44255116722380256,4.566506735222352,7.288001997484107,0.5885488370774608,0.5858399233054812,-0.13153209777450467,0.15454630751829435,0
1.1580744273951493,5.566915672049705,10.6688400060457,0.41729689879976184,0.5700903118157928,-0.12418480282168012,0.26885752147377007,0
2.3013317072624564,3.877893257444548,9.100479617142586,0.42269270159983946,0.36861786699250293,0.045815025924975314,0.11206003572479646,1
2.001724083000543,4.2233688464952674,9.453957904506199,0.3943621937143115,0.6841035372112929,0.00024469657499278356,0.20657596974330575,0
1.4587707454939196,6.363744300196393,6.951118208607153,0.530205460810029,0.4696943718757791,-0.051850695921926274,0.19998491209254585,0
1.3857477666428315,2.1470204391378083,14.454871796790753,0.44513006915096615,0.2885107595670967,-0.11865721863507456,0.37552190392951457,0
0.9615167463341852,1.6402279515978213,8.21239710256188,0.40170333340682374,0.4952724362382077,-0.30866331771014893,0.13689212830993516,0
0.7614541500034618,4.250860863832627,4.905395425787654,0.45318527638405226,0.6094470625957974,-0.27066849613646227,0.18872531797599118,1
1.3973817626838003,5.02293116550395,11.280434931375867,0.39607266589655976,0.7700334398414188,-0.09347528785826667,0.36944238547585717,1
1.5314591892597733,2.216846103202216,9.461092515294421,0.42721880230754267,0.8294389956861888,-0.13410745091907728,0.5920499603608774,1
0.8399628641053115,6.3492716581183615,10.447058602671154,0.5734515163918814,0.6042465518366501,-0.06999244289208262,0.07978775719451618,0
0.5082528638260716,6.5273681246656166,12.65420015699525,0.6352267559878685,0.25676099597604424,-0.10508310660571737,0.17554398570151614,0
1.788508319648549,3.056528870112431,6.795635297846608,0.4212922165986737,0.3684237604574154,-0.053967664996554116,0.1754457737278734,0
0.46599993277809443,2.8684187146774374,6.856670026382441,0.41408016929995617,0.4739316334142034,-0.1752799645881948,0.12342094298081216,0
1.2518651070439104,5.18455029299353,10.527164193365351,0.4178071632909531,0.3844988434171016,-0.09133159408389056,0.19545491530371986,0
0.9655543671309155,6.4661995831617505,8.58944686786747,0.45733558089332405,0.3619410421404051,-0.05050179978470498,0.04566237953260499,0
1.040834091823622,3.945623307789257,4.718568839256052,0.40967479655175026,0.5795535731518416,-0.095622274574577,0.14987968739653465,0
0.9276176541357503,5.502478592984795,7.186144900071841,0.396036757085554,0.8393775982923828,-0.17034175037169064,0.11538286829902882,0
0.662629541577905,1.9616428739240344,3.99822774148659,0.6265505428864876,0.6093018732991217,-0.2881658576161824,0.24228859219814142,0
2.3299838521176564,4.296374311535901,11.582392840474283,0.4514801961393373,0.453187710255974,0.03140378855178327,0.3720082841504599,1
1.4689164447827816,5.6976984558451855,7.274336967920422,0.42581600243898055,0.7396322447381383,-0.09479352980439576,0.42160788681007316,1
0.5511403535414324,3.764496632514652,9.137357194474049,0.452863584411815,0.2422949790574261,-0.15853780062938588,0.18997116931910285,0
0.5688342989857379,7.4817981800652635,9.518191616464494,0.4247782805607671,0.868403921318486,-0.1177426224181943,0.09473425837216273,0
0.3860387867942644,5.926819750803086,8.104304997421272,0.41891974301309015,0.6795676743308294,-0.2689680236568814,0.15191138010294256,0
0.8428332735143806,5.249834052328506,7.7528322533552485,0.4716747813234724,0.8151430135721658,-0.1298980519710346,0.12662238141709625,0
0.9021960092457469,3.481749856428205,7.074555515456623,0.6032768657325241,0.3962944203998968,-0.15250593406640703,0.20327667672174288,0
1.4539345616872617,3.17136490446523,7.414494547367434,0.3894833165203966,0.5967872944773804,-0.07402959102746555,0.147989651917183,0
2.2343541923872237,2.0317483782776495,5.696998410997257,0.46330437359844523,0.45921439535914754,0.030444716567382554,0.26315602822626455,1
0.4317348552026905,3.6385757618327483,10.708975093171453,0.39034333278514166,0.32656834743947416,-0.20560743909568316,0.09458534621463903,0
0.8659609016262327,5.321672204926212,6.90561330896854,0.4118676749937193,0.8071037857077574,-0.2176178391847483,0.10457570046852199,0
2.2891171893594775,7.266390551697643,10.503493889808292,0.5315954300434069,0.5794277429897756,0.01713269119802459,0.07274193890630026,1
0.615068664592262,4.894431534462438,11.937101843040281,0.46542551023299245,0.6082144039782988,-0.1397320623921068,0.07898188376287785,0
1.9924421164057877,5.159676851457706,6.708489047202942,0.4652886265048009,0.5724294125102758,-0.0007989599728277135,0.1520018700533632,1
1.6562779226995585,4.399538571670676,7.278347886352588,0.37740039936575864,0.6351282514149323,-0.05561119162315692,0.24987595645959437,0
0.7825532027161107,5.015085699214395,9.210110822204708,0.5048891466309541,0.4888731621910292,-0.15844085538069783,0.08876215908798184,0
0.7565536358165882,2.1100553870775314,7.688994070606288,0.3532411000465478,0.6887973701729627,-0.3657660100069039,0.10936365605615042,0
0.38098971207751997,2.574137396645851,8.081258723836493,0.4383664053823704,0.4806337615922637,-0.39882672396939434,0.06465435752561484,0
3.1166740234686245,4.990372831276601,11.210863343655587,0.4987852235638842,0.43055879796241725,0.11412014636942433,0.3389503385736204,1
0.4997769288515967,6.6736604645194015,7.730503051518763,0.547644288243998,0.3157808650268528,-0.12792311526033787,0.1418496683584471,0
0.7710683958001905,3.294532780953016,7.4905982675391405,0.4005339778629335,0.440207934953829,-0.2873451532766886,0.20421793450079187,0
1.4700409200896314,3.880994129435533,9.737901341462806,0.41115659299976637,0.2143649940377085,-0.07948940634801711,0.057015060974424187,0
1.3813979660319422,7.126168439377182,11.59547637359942,0.43411484386441906,0.4872143896916653,-0.05213749141410061,0.16673717215742978,0
2.1545777530212677,3.954968335391013,7.91964878694116,0.4600610557755602,0.7910169107400146,0.016960628945254703,0.0817070566664869,1
2.628201787207079,7.283100192693558,12.326378332039065,0.39813964554431447,0.7679474606364558,0.07135901313637007,0.31937955875079765,1
0.3879486565280694,4.109273075357286,13.472754978908776,0.5328145804483452,0.8207523152317412,-0.1058883989438052,0.09540977423489765,0
0.9725388196489179,1.4413786447864632,5.2996738055409125,0.49533367738067313,0.6576274885366852,-0.2297212952788486,0.2262746901339627,0
0.9447843838883196,4.584372148429957,9.93894648760954,0.4607242576762774,0.3006891819157132,-0.1670970769571238,0.15477564387082646,0
0.6314842451268937,4.049383352027715,10.044604480631437,0.4299643434908396,0.6829979908898948,-0.2028913645403065,0.08199651406244528,0
1.1740629710455102,7.317904200366308,9.448593153382552,0.40382883357130944,0.8907974511150458,-0.07918044453497265,0.0689140819999998,0
0.5360213930567036,3.087612839391069,9.640983482844659,0.45334226000276695,0.5730781344509573,-0.21731702897736016,0.030493454553742944,0
2.160382861143806,7.252406125107189,12.290800965992611,0.4090812303333859,0.7086123892497771,0.020486132313527736,0.15912481651393032,1
1.1034578834456326,5.004976319475271,8.00749601513512,0.3470090636833911,0.245907157804039,-0.14464435474430795,0.11259883666942415,0
1.6457062925658763,4.279074663469577,6.520263980260895,0.46486828572269084,0.5132198309677074,-0.053934323583268426,0.6012779348233392,1
1.8527679849498253,8.047203965312656,9.791125734225217,0.34422857878479457,0.36987448769440806,-0.005953717499486694,0.12845120513745517,1
1.4904045031594964,4.548751555823777,10.158212557901837,0.3777046597761227,0.4550931095330052,-0.09057906868682945,0.30048461246289176,0
1.0144277369204966,0.7203175187032985,4.181972370860807,0.450913225574752,0.8763893512379279,-0.4956125329925581,0.19536682135390945,1
0.5705203101873559,5.550884365604239,8.498073892529394,0.35399796577889164,0.5341213580404192,-0.21970421299473242,0.036551589327231945,0
0.740339690891376,7.736398512114483,9.651801349900783,0.5258684460842448,0.24138407270995987,-0.11038618300976347,0.09538012236416946,0
3.1295074061660717,3.3055035286784036,8.515747375337874,0.3788714107835772,0.7673366025771818,0.08488046098506265,0.1238490054559061,2
0.5521120351102262,6.115469464249772,11.090086292679683,0.34983815955149483,0.6180814213739819,-0.22608865536554984,0.10528903476821859,0
0.9272203274697353,4.400619039719761,10.787372530570035,0.4855558305643518,0.7313551915543365,-0.1285501109817913,0.1774661882931077,0
1.157882213540564,6.337753603150429,10.930967091774495,0.4067746593882033,0.5651015272490102,-0.0921891324264605,0.037982525019692875,0
1.0734401494267733,3.1559276670067447,10.978735666049104,0.4346622656978507,0.8741378702872887,-0.16841146195676937,0.41478559405808646,1
1.3239243318139002,8.711625912837833,9.831580605709696,0.3835776527604703,0.7473743410046451,-0.04768679561161192,0.15468979938561003,0
1.8806118688537896,2.3504745391319597,6.546224216924588,0.4929174338868485,0.111129717123409,-0.029725519867378643,0.4245531760371045,1
0.8210668874614843,3.903688607984091,4.533491534385898,0.5129330609445144,0.5190651568013093,-0.21728962590305084,0.2165808359885113,0
0.3358794911025262,5.149940717480033,10.766054338819956,0.5219152854338556,0.2358184064857083,-0.12366225538599378,0.07023354022186011,1
0.6257304658658457,1.1000582189492343,6.404589553035432,0.434230305582471,0.8330162422115874,-0.47126808855605395,0.13071554011022227,0
2.2989573770311,5.322784290375714,10.423828693605648,0.4839410544678543,0.8236970042097258,0.02463048951522079,0.15628255674438654,1
0.957802529449066,4.435384483822327,10.602974614060312,0.3594085174928899,0.41818849464350955,-0.17330604239024483,0.18847371793141632,0
1.6970522361497955,3.794896104765388,5.635441170129741,0.5774434778797972,0.5257119549897099,-0.026591186433214436,0.28729108891811017,1
0.8045975008530334,6.904008559240505,10.636000794329004,0.40203450773218624,0.7550991866694008,-0.16414461343471934,0.09589763476495247,0
1.1854165950472004,5.16601906299501,7.086745835324425,0.5388464842247485,0.6127880013031031,-0.09439005332666192,0.11700350448940135,0
2.316022720637221,7.325390050880852,7.775195660135401,0.5295988273892012,0.45506499974145775,0.030529155805662463,0.39246986405453,1
1.4084833810146684,5.185293544883453,6.61562998084668,0.47291304509953663,0.691484079508268,-0.0794970023430532,0.10789194313306018,0
0.5359850535708366,4.6564148451978795,11.094013203271615,0.5377680332012131,0.5769104739272887,-0.13631515130302715,0.11722872814927211,0
0.39473247993095917,7.795086105240486,9.899407880954433,0.5599289062636679,0.5354198643193694,-0.11892020390349159,0.17397860255759398,0
1.3747955962500296,4.273403434438386,6.424185428718663,0.5411642952844798,0.46285630984335113,-0.08113904532155447,0.22013529332568693,0
0.5577610584789363,2.5056281045465294,4.85962781309951,0.5900977793066613,0.5582170776222616,-0.2925916496441562,0.0840942472964495,0
1.2044476112999578,7.505055726458839,8.462188525932742,0.4827950678926908,0.6391912974506498,-0.07866448894897002,0.32577986649370894,0
0.2753847313884818,4.700316058853899,7.0688399222909055,0.3860983938684008,0.7340585525337064,-0.34656746480255735,0.08181764332848863,0
1.4290230042678862,3.959001722009251,6.898215891517681,0.5025472722354866,0.6548044625887496,-0.06400174087635149,0.15396466225270358,0
1.2021222940644314,3.852149273513581,4.367358887805581,0.50682606017656,0.9343114537209883,-0.12664878649835945,0.11052329789399579,0
0.31620177078476397,7.035838738393076,9.042912221069416,0.4216297015936583,0.7266513792416682,-0.2311308546182238,0.12288068159113219,0
1.6805193195980426,6.404993387900877,9.968531968030735,0.5025798508370569,0.5001427275069615,-0.03347760831027766,0.1956404206466089,0
0.9065706503461253,4.154194343327613,9.395173072199794,0.4727757605888432,0.21321028046873705,-0.07820467999097203,0.23380430023300347,0
0.7701504465687958,5.979194019172728,9.047047742131657,0.5608282867129329,0.31549101787029327,-0.12104480821307317,0.11993871364595474,0
0.3559805156022549,4.242406574271193,9.755537542657335,0.4613931368326449,0.5480153906011467,-0.22727965777288037,0.10385390059752156,0
1.5440112637952472,3.9885963743776114,8.374956033031049,0.35158404614379324,0.12404332522605913,-0.07493330492062367,0.2551519577576952,1
1.7573075951351964,2.6961108293416065,10.457936675312846,0.4813970717936916,0.4946877049321942,-0.0431698927069989,0.016558681956001527,0
1.5103363415679212,3.498272814629448,10.768903164025243,0.4552364694914831,0.3492320442724699,-0.04682893998004807,0.29941112573045475,0
0.8240859125454368,2.7042366888017315,4.555532215257591,0.5752656538198537,0.28303591206787115,-0.1496488794003233,0.3601901423568053,0
1.4978966606573756,3.366335954852428,7.640250177845262,0.3773913776761184,0.4527897058794965,-0.06295618303648796,0.08117775532751446,0
0.7962005740683092,4.535125886797184,9.020768784707869,0.41222223298902766,0.6618229262139196,-0.22184053665896197,0.24681782702866376,0
1.0811390891499593,5.4353001738994235,7.193785496358601,0.440064199502943,0.5301632776487599,-0.12451440098661055,0.12846927617160714,0
2.963129476193713,4.888635339565277,5.781485124164621,0.3608439460023088,0.09013199653635785,0.1683080267826747,0.13482469204551356,2
2.923391076838035,6.686167237435805,11.682692742659187,0.3584799716668659,0.36731453617120813,0.07338123212632776,0.2521258215636471,2
2.0569988047706094,4.090397221489986,6.110601376601009,0.46992594503462,0.6659588774654049,0.00935437139663602,0.4016746255188306,1
0.6464366515651292,6.794276428903678,10.039028095643618,0.5474977833531228,0.3050137619349189,-0.12463534293791258,0.054783116979784045,0
0.8501506687070305,3.630647887570743,9.841556971879609,0.47999868897124626,0.7189360998803959,-0.1686735776030241,0.1845169724214694,0
0.7538057058608961,4.807106760553682,10.975275605202786,0.4841968809964266,0.23391704791338627,-0.1489878949460325,0.17543908652721824,0
1.8750650745816173,3.968402150419273,10.039539466934627,0.3738966964727156,0.9010966891696289,-0.01324473900624196,0.0770199104412557,1
0.693555344825458,7.748011710637025,9.018721459181112,0.47198543738233206,0.287034792558666,-0.11959645524266496,0.16712974852694337,0
1.3187623536952249,7.022146165504993,9.66045247095389,0.4750277829480698,0.7255980406559208,-0.06992361575668457,0.054679378280607,0
1.0838548483784596,5.825812507101574,11.395146272716598,0.4057465490614501,0.5802360430828498,-0.10576189866171724,0.05490575042212349,0
1.4813248621951536,2.169381136445413,6.554572134026452,0.40497314859724504,0.8804323562643172,-0.079312750841679,0.129470560704708,0
1.3268819430129897,5.08924836629465,10.014530000444859,0.6208771669322062,0.5352813330709604,-0.03631495208028832,0.18944114938620227,0
1.8847031268267795,3.635014492009802,5.796029308972222,0.45320125548527684,0.4890340911877336,-0.016752569991379116,0.3093885593997086,1
1.6201745674445016,2.898744776814436,6.25206311035538,0.44506046458149,0.8056112077093424,-0.0625123645222353,0.05562097003286442,0
1.1209919104248507,3.6725450689638883,6.140054225662741,0.36849117272718623,0.23111388357023452,-0.22005603297450532,0.14929756350364298,0
1.9122559881092451,3.7810860571061484,8.014159413057545,0.5328167749142815,0.9349398668543886,-0.010763905662436913,0.12919693658343306,0
2.2539556578952498,5.513677832105213,12.218370516483978,0.5072851001631989,0.1392808997935186,0.014666676584290852,0.2038127546982159,1
1.1188073044252038,5.451244186708606,7.892500568231823,0.5954264691051657,0.5757769941008434,-0.07475720309044631,0.27420902568845074,0
0.9755961575797102,5.175673639870354,8.684128623474026,0.4891702362670664,0.41121813428659254,-0.1503033536794624,0.18422162565317812,0
0.6082970092813053,2.4388214871272584,7.818625573964101,0.4833055710698988,0.5440372176859946,-0.31118239237705886,0.13887843979770897,0
0.5608093207614855,3.7409739332007304,5.098211301925724,0.4447990715755146,0.39786704125073735,-0.22673164317211453,0.3539016491417915,0
1.5495908020816693,5.543816275340886,8.200568033635394,0.38702759591410724,0.48555390442919527,-0.06710009492545346,0.14727870557983794,0
1.1066292009399568,6.5478128117103775,8.69792113186058,0.39792034915822866,0.6056342032643552,-0.12189493881700357,0.14393799747169156,0
0.9662266893969018,3.8584712247613706,8.324691933555838,0.4703977304899636,0.6306211731313416,-0.1612709045977803,0.13382996432594488,0
0.41370233885168917,4.233235364894447,10.939040889798012,0.48941907199469226,0.6443491341352835,-0.198928451421792,0.12420441752752473,0
0.8392948526054496,10.040538321152033,11.567736477021501,0.5498922847017215,0.4383416886103422,-0.07184139664305872,0.2270395225685081,0
1.776754571835057,7.213120181525725,9.90248534111587,0.45438050134956687,0.6302079264138453,-0.017992361038912354,0.07996051272399898,0
0.648340588487372,2.4225030287886953,5.142564178664104,0.40992166294312044,0.7572453825980745,-0.2883791935869757,0.0893568153442779,0
3.0839255877553393,4.404130870895155,6.901407466137579,0.45639016433214413,0.14966608625297104,0.09151375908567733,0.3424205039211392,2
0.9245483122679498,4.0446112479311545,8.624704267413591,0.3729542235517246,0.8128853910985755,-0.23217824100916973,0.03616850160202372,0
0.6939562562924233,6.5882352202134005,9.893928879774355,0.38160441216379315,0.4784467908048761,-0.2028067413500908,0.06015510012284489,0
0.6346162785699934,2.54236083308266,9.44021216270624,0.3955622854564824,0.692409124410589,-0.11779717675551434,0.1310855835583904,0
3.356326874374316,4.151411657585849,8.907207562384682,0.3652694069516207,0.7607374328762465,0.30014863791231094,0.2943700192724465,2
0.6147656283183249,4.797490687395646,9.446078177715956,0.4837575089229009,0.3038823815121646,-0.2138917983478816,0.11872203157279447,0
1.7637411793872253,5.318959315664656,6.889297334133029,0.3945769227166555,0.6163796277255088,-0.03898670316255861,0.20309648286704712,0
0.7519142057331138,4.705293317359031,9.04917244020039,0.5316696037368862,0.5674044672981703,-0.18916486838584512,0.2624954367186939,0
1.2278319363433858,3.6761647656054355,6.202499304166389,0.5539062332222083,0.6550806962534959,-0.07908644545772194,0.16287356515765097,0
0.7584527445393501,4.337339442365331,7.868614654614301,0.44956052484084796,0.47683291707720105,-0.16668969268829348,0.10826113586602584,1
1.2604880236495186,4.702453293954806,8.770963047436947,0.448577902749466,0.7042875567539736,-0.10681160566807057,0.588719434280792,1
0.9555877741062354,0.7815674598292496,4.269914119753537,0.43134846512545066,0.6016023941005488,-0.6976467423469471,0.4570446005502496,1
0.9120979703083725,4.169316478280917,8.146630020896763,0.45751771488692144,0.5540289797795604,-0.19790379935434876,0.013753725936783454,0
5.856221005823068,1.9173293363101378,4.44589272357438,0.6051377038503133,0.43154785103181265,0.7498891020239122,0.7968349536451325,2
1.0870967796879443,5.7148010921414905,6.755604134871298,0.4186690895657695,0.8284643751249576,-0.10841942206861012,0.08764581046212684,0
3.432126493067004,5.910876208049791,12.159014904535246,0.42481978176910673,0.6766408860010843,0.12173125382286999,0.08014971957893467,2
2.4619753332511802,6.378250855369717,10.280458114221892,0.4573867394981329,0.4408402872984933,0.04759067476984665,0.24680295705214605,1
0.36174125831140247,2.3722132303156904,9.383239668074891,0.42221948554236494,0.7454559985738438,-0.20948172956029618,0.07914290327783148,0
0.48219008111804273,6.192177000260388,11.626977516063317,0.448669935610182,0.39668894172132474,-0.14406354948173467,0.2591165697065388,0
0.5756483697499843,2.8250050484851834,9.035066636830985,0.45813757983174597,0.7991251266993812,-0.2330954393130445,0.18881742587536046,0
1.4423582346513912,4.223447084856211,8.030442502199506,0.5527395895253763,0.692064416656155,-0.05003210852017898,0.26739522725312154,0
1.07649367864814,7.266904052431855,9.378080335523734,0.6433271543815631,0.45797067734880703,-0.052468301873400736,0.19270523078205928,0
1.0212528112103176,4.232403774093847,10.067007327827271,0.4340569846706892,0.8232588198763967,-0.13072942981116803,0.22637008155963612,0
0.7458804141476225,3.9778415616218474,6.983647233055698,0.38993309490406414,0.2531737753725291,-0.12462295870459333,0.08654147823953075,0
0.5907702176461708,5.827307047555077,6.6312473136974734,0.3438282783709769,0.5759429187981722,-0.28998617486311623,0.07168460354413508,0
1.0535093300133886,4.9674170366921855,9.68857839338925,0.36169060347962806,0.7043927063340221,-0.054720254112714674,0.13337070825582817,0
0.682626075079428,7.890421591527997,11.93108294098479,0.38757475125454655,0.8599579796064667,-0.15611973940532037,0.12605634426522047,0
0.48807831264896834,6.718689836356066,9.855562197439546,0.39025992964153833,0.580564165185927,-0.20390898817573277,0.1475514498921507,0
1.6372254213040376,4.567240883300127,8.268446218546204,0.5047863959634032,0.6335461669089,-0.045572463292049656,0.17289974434545322,0
0.9893503808170587,3.56010044082074,6.5470249628071,0.3540488440807679,0.443144300522085,-0.2576660458156824,0.34298448485631067,0
0.5024096220069905,2.6433035199500408,6.773059742236244,0.554500509150351,0.6242453572917028,-0.3099292470803563,0.13196544676487101,0
0.7100284425058478,1.074362811659177,4.9035767695446255,0.39345260262914755,0.6615968084643166,-0.5486283945477765,0.4009391230599055,0
0.7061588906814633,4.962926877489469,9.007289029144975,0.5005173671352953,0.9072724552108905,-0.17530004766621957,0.13291532490115582,0
1.709874372202911,3.2480930448756125,5.707983648116699,0.5310626352506266,0.5666594675615636,-0.05509944004228214,0.6217861940586512,1
0.4008681425595054,7.606803934270865,10.24991565587497,0.4240565648209993,0.6480809719518046,-0.19097451263364196,0.10310485766391962,0
0.7153026141774946,3.8615361471457192,7.798002822466729,0.41619528470517325,0.2808694598904649,-0.22458995587198383,0.2036471194423053,0
0.7666053278532476,2.3532157196266454,8.134949639749294,0.35167106572152834,0.7078031445425227,-0.35520329702291786,0.23787333756954995,0
1.8046505385044214,8.658757972779577,11.88922067208103,0.3748191130480681,0.42012215622718463,-0.01813100357388847,0.07893283247573196,0
1.7252709590100594,5.422927534843421,8.498384759978954,0.42699574441088023,0.8028864667586537,-0.02118541927153356,0.12874565819468567,0
0.5859841909036919,6.489435210663677,7.326381878540149,0.5355482048380719,0.19816180405984862,-0.16464485688316902,0.03792163025645599,0
1.3068249768081268,3.065651030901102,4.057678778432132,0.42792989031172923,0.8046308735081711,-0.17074625789683945,0.16923804825186495,0
0.7972635139416957,2.92751785224626,7.5237981894049915,0.47589210631243917,0.7821112514010841,-0.10280405952751041,0.19552624743459524,0
0.25746505827148874,3.5761427624491593,7.0151888843045365,0.6287437419140027,0.8612852722617154,-0.18857640573441276,0.10679435124542669,0
2.4902838767417483,2.025002773414119,9.770728153595064,0.4175249730602872,0.895880739289524,0.1164230676984737,0.29038160593614076,1
0.8742063789833794,3.214813945929257,8.951018607169408,0.6506064350355715,0.9489931045617149,-0.11977397766337289,0.38231438054246975,1
0.6396456084768417,3.8743194230516256,11.187029838131973,0.5398637118649029,0.6815248177157402,-0.10960353430535959,0.09690683557513938,0
1.050229805827185,5.60225665844682,8.441559838109486,0.4768382047628899,0.6562992066102471,-0.07551545714512492,0.20939037624265025,0
0.6994290087769608,5.959063483075105,9.227544992465281,0.384104481788061,0.3245090905777289,-0.08867411983917534,0.08506959429930992,0
2.190774788698866,5.176544151906652,8.997583137291114,0.47174244246945235,0.7407872838710252,0.019357717131465408,0.04277131202497776,1
3.3387202628611083,1.517530907244504,8.381903109795502,0.42249147347666605,0.9291100732393665,0.44089003694340734,1.019536972778278,1
2.571813349619195,6.9880731647378305,11.672107205090219,0.4581891138402792,0.4432513587806241,0.05055753230303761,0.22785893285633677,2
0.5630049670155106,3.63696385021163,6.806042650945321,0.4293911578582361,0.3119094961790306,-0.24677645215674723,0.22616782624967413,0
1.7880517576415733,3.8794702607466216,8.049817251434336,0.44634896725674694,0.219004724913402,-0.032712105871132574,0.22716157920793412,0
0.7208189250310174,8.060111399847464,8.507950504982173,0.43698844913377605,0.7648923435878463,-0.1161024865850953,0.048064284196314554,0
0.44242238443965554,5.0500133207818525,7.539987602308292,0.4235301221949238,0.5836296959765058,-0.15286168591127489,0.05079189460376423,0
1.611718638533419,3.329688403819718,7.48056570566764,0.42891124563926214,0.2386621104427862,-0.08810975346718562,0.15284277042691208,0
0.5658708934312613,8.654606544079524,9.761899462558095,0.44702836054515444,0.6636114476733195,-0.15190785828836514,0.0821173934121682,0
1.1631895289782948,2.1815592856253265,5.162466180809216,0.361937256736374,0.6509344782693235,-0.23063884932725293,0.17321988567953317,0
1.6023065080900283,5.0766278432246965,8.534948084102309,0.37181684877607907,0.42721061746789046,-0.07935100501237416,0.1463450236754447,0
0.5925624743355842,5.4600766237448495,9.404055870638336,0.39669342180306966,0.29474887714209985,-0.23500025276341843,0.09416832477109545,0
0.8362262892256123,3.5737767357392185,8.736821656540764,0.6281370694106448,0.5436502271535765,-0.10975916534479446,0.21396704269020886,0
0.6595607847612306,2.545829789781948,7.428105274365731,0.40895073784607705,0.32209949479774286,-0.3934286601320797,0.27323863812702825,0
2.109007506792713,5.162354977865054,8.06982642779716,0.3729115674939145,0.7072553820138336,0.009102798958763402,0.030717437092171503,1
1.4717045586794713,7.30568259328792,9.756499695776881,0.3645408503847571,0.8861976701920921,-0.06905897209480587,0.09347387917383919,0
0.934324678844314,5.458741155229233,8.18055922690213,0.3719901287386023,0.27591557245719606,-0.1880356256841244,0.20765054191332674,0
0.6606086820156807,4.085857943056092,8.13093869090321,0.4719572012356303,0.5461269854189363,-0.1547002448241172,0.03878823332151219,0
0.8662783591559866,5.454581987609253,9.70293504170268,0.3971338445209986,0.8488148228513379,-0.09617014872240079,0.17962367979968322,0
1.8285711794477124,5.659094200839465,8.943230721585275,0.4240321618847375,0.6012873069525856,-0.023279611813145005,0.12231000989087862,0
1.1439002182037006,7.015943369151044,8.545370392351465,0.5013588242331244,0.5936090702583244,-0.04693391399435477,0.12013963714604133,0
1.394182800722593,4.011488433502393,6.213312487976718,0.5227154579520595,0.8109647869050521,-0.10722652189231818,0.0718323306013709,0
0.7236904785785231,2.308746596105598,9.210280175842376,0.4586183233337744,0.6845358631113322,-0.2300347911622342,0.10915763001566961,0
1.5639344216252657,3.8738085512640574,9.097490719713203,0.4224354326231322,0.33435195026995723,-0.0693524460946912,0.37876056618582243,0
0.4948365042571791,4.374665465486243,9.175935825967079,0.466258898100801,0.6910531394064576,-0.09921943504018739,0.05941612573349103,0
1.564985403432176,3.3639989976190843,10.093087554347427,0.464233220031567,0.782706289939174,-0.03860410216710235,0.029267915505826213,0
0.5513263680279124,5.3678681668138,10.34462677671708,0.4904561008621641,0.14975613535379353,-0.1179017487863104,0.04403451331731862,0
0.9930780495904349,5.860938109146962,7.106614988478808,0.4955928124138042,0.6424412333015164,-0.14343540460908907,0.25177707412058575,0
0.8837996437234282,2.608499971335874,5.364410228508895,0.4364577442763407,0.8167893022519903,-0.3393500092430264,0.03484228953746896,0
0.3616180992202939,4.410450807782063,5.706107070833836,0.41723589330881694,0.4425619435756717,-0.16174735594940196,0.13948012805352342,0
1.0268516469807565,4.668413139922955,7.740777824753464,0.4817097064519875,0.7487112537583658,-0.16313050862178516,0.06798998905959225,0
1.1803676022869587,5.891011001333833,9.172121703094124,0.3652805891550314,0.8878978435544045,-0.10497968998693587,0.1610932938275952,0
0.46200285099633104,0.886393781504674,2.4895531500695554,0.4874044379959375,0.5115856152531362,-0.8506666208548356,0.021491917660022578,0
0.9538468096547729,4.223054666114193,9.086752555781048,0.37478272639039845,0.2527980065201109,-0.11138717337494865,0.14363684206550478,0
1.943762349096639,5.045286573285043,7.201052550105083,0.5604558808902275,0.2720549198881492,-0.006881723557058162,0.4292929384083176,1
1.6303073953156495,4.737507883745123,8.756396713439843,0.5724195619666452,0.6042612021669335,-0.025767239407999184,0.18358909511861624,0
0.7906828221971142,6.374140048397402,8.80098813718103,0.4594940917561735,0.10547460516608154,-0.12377755534978613,0.10917612990281472,1
1.5217524695599614,7.696652337378608,10.196663059376931,0.41096661297124726,0.8786900785896259,-0.03286283976461289,0.12513394314405776,0
0.455265580503344,7.453340782609926,13.622852179455908,0.44629923360057505,0.26024454950564807,-0.11974753315113536,0.0690357662112313,0
2.157358795404732,0.7764285508764397,4.313940064507049,0.39473471977796626,0.15188455137127763,0.11287568181235294,0.5294297426058961,0
2.957175205935638,3.243333948291055,5.980736534652306,0.6582064236937758,0.7333425100112178,0.11890056894193066,0.5705463106183566,1
1.5911885009510782,4.597213450364395,6.268225046123455,0.39333166575799117,0.718400825551078,-0.07574741516391066,0.3433293744583045,1
0.7324407468466004,3.4620062545139128,9.102368986436069,0.3581157362980644,0.5220190040221354,-0.24409791780843515,0.0777187377888214,0
1.0137566106738478,6.5893112938586755,10.060555865510615,0.48970678969319004,0.48701783715961827,-0.09892768224355063,0.0806746432593049,0
0.8128028335033269,5.858234808489263,7.099636109699301,0.41811800337919736,0.8120664218642479,-0.16170966746693843,0.2013609568191366,0
1.5588620779873585,5.738510151265701,10.961900953676558,0.41107919142492344,0.21932111709772661,-0.05327385429827004,0.2558018126864085,1
0.5976727038540008,6.025974530189486,9.077850251612416,0.42958583250801713,0.5162297823906002,-0.135601617803962,0.048429163608602596,0
0.7803101071877814,7.24746065433546,10.943084535866511,0.5625766047567614,0.37859178327906184,-0.05659204378809671,0.03962782580380281,0
1.3249888947780153,5.348756627931077,6.661442686644039,0.490503664968425,0.5116523749854256,-0.09718608555345211,0.10778219014045438,0
0.6821350436750034,4.123979728009911,8.337485030951743,0.3872483588846297,0.21691362447705367,-0.23328645713045731,0.1699632751705644,0
2.5917462363996084,6.875232595096745,9.91029446187231,0.44888667672197474,0.5940716221054875,0.05220858647832017,0.11556548833200457,1
0.8689441544505464,6.3650132106437685,9.260552412314876,0.39003896932040133,0.77814333061875,-0.09864031918632707,0.13356231543782615,0
0.35299531650301064,5.6193601588422135,6.5656958132576655,0.5218175360361946,0.5557625159514249,-0.1911674786049427,0.05201275523246065,0
1.8244831982100953,4.895062544352492,9.604682792211703,0.384628171827935,0.8188312393499216,-0.029813447241184992,0.1643728964416288,0
0.9885783735949724,4.834334325961062,9.591545011114796,0.48457687786250375,0.8408475214341569,-0.15144824199435178,0.01438455631072355,0
0.24421343419932065,3.134372905521575,6.348185444920236,0.4883627471086953,0.8545954696240063,-0.3242543668704647,0.01208334733464102,0
0.5033545365821471,4.927079620572421,10.367315847667774,0.35731373616678525,0.30296579319613065,-0.21934241911222932,0.0693266136892533,0
1.074612972195631,2.2412565759588894,10.723240568938438,0.4306791769978907,0.1624600573404452,-0.193727369760118,0.05436852808363906,0
1.4938747891892596,7.011479323803487,7.989704984766929,0.5282715241781094,0.5510119311817719,-0.05080302333772535,0.18612319578686168,0
1.6693281937299036,4.481706839291398,10.725697422089222,0.48245854186593934,0.1555558537365948,-0.0474152008767237,0.21625028490370216,0
1.268285872929058,6.787108979883027,8.52438746312267,0.42873186431454474,0.48898195097253405,-0.06889258929445909,0.1779343612458059,0
1.9184381107329447,8.738635563996201,10.929734062495665,0.45620030306577025,0.4717101756509506,-0.0061503892903013785,0.3099437001950871,1
0.7993850642893074,5.819610772669639,10.320009088037967,0.37944981825215013,0.7533494792709818,-0.2108170230571064,0.14559807805468747,0
2.429899428552374,2.668065933803729,6.609162699422129,0.4613573966816759,0.48496268753792837,0.11502432042544367,0.14441611477250893,2
0.5508250786526222,6.800281579829119,13.076704184805335,0.4327485277300796,0.28142321302729,-0.17401566707965024,0.09196428895859696,0
0.7916549358019483,1.63204805834779,6.584106271099374,0.40682326225265975,0.5753382351738736,-0.2214011839501601,0.11120250883095564,0
1.6772923682586314,6.240642459445163,12.556793158936914,0.5172286408617383,0.7073753006008081,-0.020614153881872647,0.16975886884168412,1
0.7698501670601208,4.658826478285911,12.449470612213167,0.3558984849981747,0.2689647008071238,-0.10342864767784789,0.07853260671642746,0
1.1727100151362826,7.233698809018041,9.095057387217667,0.3574410702365174,0.49883631401247086,-0.06691504850745011,0.11707945395640834,0
3.0689933031999788,5.6073573480983265,8.263822804754195,0.3703038086253333,0.26615383372341683,0.09171931467419671,0.10585039849590958,2
2.2682565088655307,5.626562538561743,11.279063653316236,0.3865487540889302,0.3019630741458499,0.03072207392568535,0.09619750714468131,1
0.9933832328966811,4.742543684297505,11.296642678179174,0.3643785894870424,0.2713053227456713,-0.06086824561864811,0.0928648968933305,0
1.021525762728682,5.236962932995796,12.150367981688493,0.41625199293780496,0.6467562671451415,-0.12395042475830279,0.23887141775955573,0
0.7395266898143562,4.6361487192338435,6.8901544023326995,0.5700701271427902,0.7824402204110497,-0.17242886354584674,0.08257804902855527,0
1.1222439182581787,5.554256301523546,11.526796022061427,0.4462303017258566,0.5329086492574915,-0.11632687144356503,0.17054049424358944,0
0.2874410128911185,5.454603340658269,10.914834727327278,0.3875381036170707,0.6868107481687845,-0.0756307266189412,0.030370394018211427,0
0.6434962890866209,1.550689078674042,3.809283563880831,0.4241397435561167,0.38829076832550885,-0.4972107738052866,0.29249584902662207,0
1.3123014686033403,3.211836969597953,8.95705508800271,0.43043434028072375,0.3952785931651968,-0.12957741707109457,0.4086478279388632,1
0.4647573476749226,4.511085285947218,10.233841749823478,0.37638416204517017,0.31759541125649055,-0.26469131612233854,0.12856771932895147,0
0.9198334389478229,4.476194671568232,8.469613781757026,0.512664254231143,0.26403425082457965,-0.08235818309637717,0.12550423868764074,0
1.4422897627424838,4.836997371050761,6.765470351640399,0.44791105528525593,0.4184378715066367,-0.08987286715610086,0.43050456452736896,0
1.118624529227919,4.674421988060415,9.528040567040549,0.5211607686077908,0.4613659463410438,-0.10799332383864078,0.10064459408589321,0
0.4091886806600801,2.201023217438308,9.558330247959942,0.5047232910314684,0.4163943630135504,-0.1608783977602461,0.1272019647043967,0
0.552433317225693,5.8263367311032,10.66565620058377,0.4893740214901316,0.3985536289432528,-0.11075370545460964,0.27548679161399847,0
1.2126945253630987,3.845045440069549,6.794374869800096,0.48162363708556155,0.908293255260632,-0.09302752684261362,0.008424464016349246,0
1.35960891522777,6.004723583230091,8.698486894317764,0.473503927029766,0.4038926889978816,-0.07290243743472116,0.20654691747337076,0
2.45283953133208,6.043887898648701,7.408630460692923,0.4580683845556786,0.4528975232015295,0.06629872634042137,0.3019959340937842,1
0.6670422278609722,5.8358178453326905,7.4699006157864165,0.3987881389700152,0.7965912076379243,-0.1987805942202265,0.06372173531270883,0
0.9267518978092835,5.589441657954272,9.290488239512044,0.5830389490820977,0.6317725443268595,-0.08834147177917176,0.17680117086659528,0
1.0705814836826446,5.054021025221722,8.385404579687684,0.4996116648390791,0.6008103736181027,-0.1293919505209262,0.2370891952151634,0
0.5921990999618124,2.9654463309281414,5.045547449078999,0.41365612107484745,0.33281183646702356,-0.32611540058504546,0.19288477201924176,0
0.7039474659953222,2.6990637029845477,5.189368482696414,0.351404017178914,0.4320672723578298,-0.2972132230347892,0.22962678439816864,0
0.5399322641701945,2.5445445553479087,8.9333946028908,0.4494495265664375,0.7237273046502823,-0.3424732591856132,0.14588916665082785,0
0.7552697991328586,6.013309619960307,8.900578565417549,0.43539330645115165,0.62219849897392,-0.19286146707449506,0.08690247939949407,0
1.0717751674168694,4.231518111406893,9.1592737607043,0.45866759443466226,0.7652844801511919,-0.08984173127631745,0.08669999158830968,0
0.7469864534579213,8.009527710088781,12.605081628521102,0.48293068040796494,0.45925821309994586,-0.0792948504797111,0.0946045661660766,0
0.4911418840594657,4.268203829415826,8.076302541644305,0.395025233764958,0.6748812633292,-0.3218467948978755,0.17969623189969983,0
0.9381746022296726,2.455507127194313,6.181408912306303,0.4687796270135081,0.7536463784041866,-0.2552787301582765,0.3514014326356153,1
1.5728810922969452,7.997395128425386,12.327944576211351,0.3716617428522851,0.7472513656846239,-0.023863378689504142,0.11608472567182433,0
4.884750237551122,6.288104556434964,8.40890908409946,0.5609107549851355,0.6422498986144477,0.23544177841355282,0.18676254399193337,2
1.4273690481702557,5.247051784217183,7.9838129675829625,0.4219245920253543,0.4664032203487539,-0.0835482323159234,0.08210827610711117,0
0.9061976232536605,6.487240137254253,9.75845260162859,0.45730316882800925,0.3662348534261437,-0.09647436483682416,0.19841647636878523,0
3.2941219352222544,4.1721710154322045,4.985395725542526,0.46778031040271223,0.5728056893063325,0.234051053998783,0.1203224876466004,2
1.1095281602254123,5.774621992401384,9.88764745674405,0.5614087182125851,0.7787062198323347,-0.07916447559749448,0.1218282691070067,0
1.0307868669914662,1.7003808207088416,6.000211518496515,0.5260352863543616,0.40273957110505054,-0.16229395384663384,0.0402353064054831,0
1.3851072863206733,3.4880832882005115,7.788298309534012,0.4504140422793733,0.5142382952548697,-0.07239389025733527,0.18530353454531023,0
0.26594655653379184,4.784833770156654,6.625983542573932,0.5102003791806851,0.341822394348227,-0.13526392790200498,0.015828778206751604,1
1.1024732758499571,3.6777981132135755,9.898308298813863,0.36019644284606517,0.36364782827824366,-0.14377031206242022,0.24559818229725255,0
0.9501169894018069,1.656350340686117,3.332216703701522,0.4260990609404885,0.6253973056996144,-0.28872284726745173,0.11569916232134396,1
1.1079141944253428,5.332650253483503,6.377552062758555,0.37604855969938045,0.6220320999250097,-0.19006070798429203,0.17142640411268834,0
1.0232801810554393,4.498973674006771,11.087092098182817,0.42340009064058354,0.7391064701920278,-0.14078031240025968,0.15137108872653562,0
0.5952247103538675,3.2726112827561042,8.56765347599371,0.5044834089265491,0.6842657305798705,-0.1994093204689089,0.11963553020622418,0
1.9483896335907294,3.356676197485575,5.329004781073408,0.37497086889502895,0.6544021372805866,-0.01611085025042457,0.25338271827694586,1
0.3592071646671037,2.598951161577749,9.672281065928713,0.47890782748470156,0.5360305522168206,-0.24979675642177285,0.0974989254157425,0
2.102187740528089,5.57472573658797,8.821236161189425,0.4524379266275282,0.6687327350318735,0.010090997529709692,0.00807131204166021,1
2.2385322161316923,3.0742934774297406,7.66571974753946,0.4549192273619926,0.5090516339341882,0.03888429259982766,0.3027077589341577,1
1.4458569094379685,1.896353175167985,4.038212433335089,0.38738855476400413,0.7055571332922999,-0.21045810684708918,0.33329251647471403,0
1.4096415232203467,3.2863364295044577,4.8867816205625045,0.4421026956487841,0.5191146463762956,-0.1384387523618331,0.6078209867761344,1
0.840808171947633,2.92288979911101,5.429351235055347,0.4686616126124064,0.4863873829688489,-0.1813567743908714,0.025671672391248426,1
1.0565345809300775,4.397466338366541,8.036510589050156,0.5232130971975057,0.40847789946076646,-0.14155789504711472,0.05239658086535088,0
0.44669058798846695,4.4266731253430445,11.103826465054617,0.3856446248852667,0.6597286993104129,-0.2679807514259199,0.05875135317812952,1
1.70366244103104,5.398671954035889,8.723458736928261,0.5085663366193403,0.4258017797655636,-0.03325406287275123,0.39019611422039624,1
1.750445943363428,5.27149816021788,9.134328921706592,0.3582827233149427,0.5018659803756791,-0.025670887326461216,0.06741940422954187,0
0.9500967687599688,7.790272905087565,9.714321880278245,0.5769199739235168,0.6298363736553333,-0.08596213677962737,0.09992962492767876,0
0.8748753195560475,4.9812764410704515,9.892423027436775,0.4552025587571414,0.617515758139965,-0.13660961863874574,0.15110330642738634,0
0.8999656881981538,5.186930868406119,6.851940681265938,0.49882067527830304,0.8261113286818623,-0.1392253085912002,0.033398779200165395,0
2.2509390877161954,4.574802085819939,6.905004867060874,0.5532338734635271,0.6918303386001674,0.03421777903066917,0.20296881270471206,1
0.8980319546590819,4.802424599842972,9.50972737293883,0.4658629072415747,0.5752059560996157,-0.14194530850470544,0.24198108887223108,0
1.0064614723964136,5.184390471468194,8.414723087841589,0.37631564826295694,0.9613815033128098,-0.09534312450673574,0.05986014283567307,0
0.7825104229503076,3.4537800873902933,5.2705786835393145,0.435418744546292,0.5078916972358554,-0.18137517505194786,0.17872215615067502,0
0.4723662374881366,5.181995828491871,6.4550038341055895,0.5514286641048299,0.5286517678409868,-0.15898698043922432,0.12799299502633105,0
0.8323218430010803,5.196200114772682,8.3499889374201,0.5345871085907932,0.47448831433068944,-0.10618354839900174,0.05102162236521632,0
1.0531862156599638,4.862997902406103,9.717971145610138,0.6619448892119166,0.4478619921376229,-0.07857262959022739,0.22224469142548323,0
0.6126498423529112,5.772774051037918,6.56425653537332,0.379208363436987,0.4245590930460989,-0.2864035920148408,0.1507709406849915,0
0.29644433794365704,1.6070780816536128,2.322211430836151,0.46810796088179,0.8116071215888391,-0.5354137846066158,0.11750162171244737,0
0.45775159486094485,5.880127842456316,6.545767244800992,0.5834515907769217,0.219141492588367,-0.13662622623946685,0.10622354878592888,0
2.372717808882764,5.598477943534254,7.830857446670779,0.4979718389987242,0.6742637029469258,0.041978183989582786,0.20292130457379837,1
1.2867032018017726,3.58070002926063,5.99448856256773,0.3643325266801083,0.7228912801983355,-0.11798671009644796,0.1334116634011061,0
0.5915615097321129,6.854496591779353,9.41493890559828,0.4533859481880494,0.4425493256763399,-0.1499251705787974,0.11256552203402741,0
0.753188872743414,2.494420955369182,12.476794482763955,0.39591525851688275,0.4637528753922875,-0.27705172518862375,0.17558635578852066,0
0.6215764466673162,5.277162250320661,10.997005443812165,0.4552472009889759,0.7616524855697764,-0.19296517510848318,0.14627172733725002,0
0.7049419007907587,2.961933277155427,5.610061695267431,0.37102269026276385,0.45706471306847357,-0.27928595079521623,0.11359642252224293,0
2.9250619278188488,1.9579047128118312,4.304510102770409,0.46004241905849147,0.5234758334415274,0.3430471694572122,0.3288454782465087,2
0.8689084228291536,4.08191204500678,8.947367512766624,0.4289024395770724,0.6131899664860944,-0.19069619862050996,0.24806886171106154,0
1.0604740401985877,5.604464512437081,6.5078227171571275,0.3876637771366977,0.557604849361205,-0.14097241807395994,0.07896313109108126,0
0.3831746578182317,2.674624570546005,8.193685049182534,0.38303073164082624,0.45926441012533054,-0.4148776771621147,0.15761301645466333,0
1.2641006846126168,3.0035283865693767,8.287038350277742,0.4524724484684584,0.15107270584126653,-0.17173775617734943,0.19803577359373198,0
1.2148700769324488,2.820739464144346,6.967872860464966,0.4447237148800286,0.732606942796324,-0.13653093632659336,0.46127468669431526,0
1.0485814821970592,7.056603674467997,7.626250919948033,0.35986302149503435,0.5049184210715802,-0.1648439024497122,0.17372655878549864,0
0.65021214506847,2.6910066255083485,4.646903002793541,0.4262495999388214,0.6432924435902869,-0.39815834173916254,0.2671866142782211,0
0.5359017400166862,1.5080788064115689,2.518144057691567,0.6226830519732299,0.2927014883935264,-0.3132552344840802,0.32429341300021874,0
0.5973322158474214,1.475723498552689,3.463146175007145,0.46227903919537583,0.3450038092855777,-0.4490813405229997,0.49748554548156704,1
0.364827705344913,4.83331965229,8.84006728099813,0.5234142461391198,0.6783780757481899,-0.21947010633195368,0.26942503100312015,0
2.5407954702364046,3.8486669823587567,7.508269423213078,0.39181110139495284,0.6318606325537239,0.10932791797573276,0.10485228376134108,2
1.9804395167218563,4.2392874308803945,6.4440703496577925,0.3769306489420822,0.5043463378097257,-0.002073154535965531,0.2793661537194128,1
0.9935267017787852,2.3047315261710972,4.920226409826179,0.349555947810752,0.7775476416818985,-0.42463066361675933,0.06240024428223765,0
0.4736962030958979,0.3667011075178988,3.521256175816379,0.35620928128418144,0.16611130024298512,-1.5723525065885988,0.34972059720854903,0
1.3102863295024163,2.4328898677164026,6.6215667774073905,0.3810161234795527,0.5566401686712245,-0.14474352601891044,0.3620097828790581,0
2.598816819194216,5.902913067025422,6.487610132325048,0.41795970859263915,0.5056006142097491,0.09575925458958638,0.3293652659534687,2
0.6447722013705541,3.7225751896080146,5.717170085862818,0.42331926679855864,0.5739922369265814,-0.321487735233791,0.07075984709176013,0
4.326711108991778,2.4513671794109686,9.288556714508216,0.38623746814646304,0.9241842363667817,0.4352080410237957,0.41170186587551005,2
0.46636236606495846,1.380468311734974,7.456846849723971,0.5130796531491645,0.8542465658880495,-0.29696910387083253,0.02265715374614245,0
0.33355061637977207,5.429104911560963,8.874635154956408,0.463720313520198,0.5193777944206059,-0.18643000593650785,0.09298343879623716,0
0.8183868713778193,5.048769568268577,8.745849535699374,0.4843365558643958,0.8451933177074408,-0.12674459242507322,0.10192005791557898,0
1.8147214301715404,3.54400078639795,7.528837630974896,0.3923040644976344,0.7999243913353001,-0.0210550124464959,0.10178140715495017,1
0.7948505174418313,4.218418705853595,8.248276059395204,0.6023591758292297,0.7714962856309282,-0.12012185283817764,0.12065440967255192,1
1.079302092917477,7.239824422211953,9.027335472188915,0.3555240358437014,0.39887616840496337,-0.0743620571149128,0.12469941807295992,0
1.5473540058752795,3.367920726242648,5.463271939760716,0.37537009962164447,0.5472524514219693,-0.1077575692329016,0.2417345965838771,0
1.3141908048541624,3.4675954086730107,7.814242825371975,0.46578108218298353,0.25947044532008817,-0.09524731859635992,0.11141261661559593,0
0.7354550489943381,5.301245598400338,6.828129503488975,0.4237417350294192,0.3977373830919493,-0.2250402059553365,0.17196228168411642,0
0.45769340211057125,5.818701171324428,10.13570643607178,0.4408143366074825,0.1683952625255625,-0.1415018904911149,0.09182783194481507,0
0.3232854089056521,3.305943532116805,8.09722680333404,0.36142137729269014,0.5067203026404861,-0.2747939155328902,0.05212861022589784,0
0.4366802976520236,5.878898762313095,11.638731630068667,0.46767130132060025,0.20706819801642226,-0.1626714263634665,0.13420675074471544,0
1.8494353794256386,6.183198365891764,10.526295652003581,0.38769703772019737,0.6425753751677595,-0.008910741142487317,0.026434598885897106,0
1.2972654651313726,1.655470475595567,4.501051535547998,0.46473523364581587,0.534293495208127,-0.18068142088484668,0.39456947074419024,0
1.8858151361344586,3.8657031741713235,6.451262201909337,0.49526951755756865,0.2273031791264176,-0.010228375328911781,0.1982092646619442,0
1.0987101956945533,2.596203115796794,8.059961237328713,0.4907384789572079,0.8269661327871441,-0.09057254643847912,0.1702299334811964,0
0.5480625596326082,5.279368583020366,10.564764135108927,0.4088611256485713,0.5927616261441906,-0.16541755247513165,0.11690978578113828,0
1.376972848527362,4.716856792234122,11.274753274749003,0.4709910647054106,0.9210074242860906,-0.04497159369542303,0.20160121253163088,0
0.7884327160391916,3.613343256898545,9.244271440199105,0.5207062251990574,0.9083781536109058,-0.11379132798485635,0.11117608369718252,0
1.0116359209162813,3.374789719141664,10.218893111729418,0.6684672108252279,0.2172425483976236,-0.10729564019206755,0.2866002665979201,0
4.201003132814289,4.948402903738373,9.504634837260873,0.4925993086688571,0.6110350990597564,0.23107396241650768,0.38594046607971816,2
0.8662917015513673,3.3258464934498213,5.51611919767044,0.6037627072057329,0.5474608992162525,-0.1644650598528122,0.12191700756455467,0
1.3688721761429472,8.062539672206087,8.659711153233886,0.4397421881038106,0.6037915427440703,-0.04155688014045346,0.06778039647017076,0
0.4230850370058077,7.6372822782888505,9.757090402645238,0.40339575960661,0.46131344464137664,-0.1385897433015887,0.055693429867692615,0
1.248939379212043,3.9508938447672413,11.600865503017342,0.4242964549391613,0.2300297431772783,-0.0677259596506636,0.22352795848610985,0
1.4246293681349849,7.401606726737358,11.252400359870474,0.35745098459626773,0.8395777427748895,-0.04326244622770548,0.20917826883136087,0
1.1042133423958942,2.8642369846459337,7.3499778878913,0.4181160493020284,0.5747281150992296,-0.20195480851505468,0.2565641437517251,0
0.8141984539144179,4.963681045824928,8.146471833052821,0.3815391153876746,0.52038132659178,-0.2358585107949789,0.22299600396890695,0
0.3106787445331548,2.829587842570542,5.804803139477441,0.3845370317872148,0.9022668956954614,-0.3551735912252828,0.18031298667312495,0
1.0132054848377263,5.842816488283785,9.080404783972783,0.6092897479010351,0.6920726846839896,-0.06209537978480354,0.08619697723516398,0
0.2573115982897863,4.509548003525292,9.783109745082953,0.48866980039770874,0.8225799401723639,-0.17839610545817738,0.06414159637321194,0
1.3040645386161882,7.350690353418584,9.772744617218613,0.673701213550387,0.7352962651303756,-0.03375683003753665,0.23873416556647573,0
1.3148065589710642,5.771728600147187,11.28919723412227,0.46070397051377193,0.45773084091532784,-0.06031080335341798,0.32786514368627684,0
0.722129992821471,1.00246474691421,6.302167361519187,0.40811263890511446,0.6243067883984702,-0.24232220806382487,0.21834123686968412,0
0.47346883101240067,5.1522780118726255,8.651772955256702,0.40315096692022606,0.23865256541911933,-0.21964913435851974,0.11353633494288735,0
0.6568209049675503,5.2241893056051465,8.964955166826432,0.41759197069703574,0.8347436355681738,-0.13507787320517878,0.05815904625058963,0
1.1908185781401401,3.138605450739821,9.401513048909822,0.45805056620983775,0.7696338101279699,-0.09962797637589915,0.15433265578513317,0
1.4025612760028523,5.544718116922998,9.165773374334469,0.43002817101369706,0.14116745604145106,-0.06048139138941271,0.11352811766239113,0
2.0485616873246846,3.872056978715292,7.4589228624081825,0.4629860593426523,0.7226403607307714,0.009006108106764738,0.2557984110740207,0
1.5891302236386364,3.8044924762121184,9.622601436924912,0.4293265424048051,0.7643289090096355,-0.0698764294941256,0.08255221834263365,0
0.7618735973122417,2.795954891595482,8.886176117070118,0.5036606776369424,0.36882116400209336,-0.26873457699846465,0.5591731161557087,1
1.1439273595222679,3.3833349284050964,6.870882197141554,0.5226112149100756,0.8556353918359499,-0.06741008122934539,0.11214717905378215,0
0.5150466390282303,2.084809957883779,6.723314858682472,0.41112770952016187,0.07877780235414784,-0.44894473733033446,0.1262804824787428,0
1.4654327914966883,7.907414954496629,9.286779583588963,0.42549942451307987,0.6965608764311193,-0.059551231457300124,0.13159732431651475,0
1.272470958722864,5.892777399053932,7.493846086940035,0.39069922962519266,0.8713651265868173,-0.13805535797609833,0.05861602297483229,0
0.7045996797525054,5.497347720290302,7.524219793773095,0.4738947490961629,0.5781483135298174,-0.18579391160295308,0.04511825303320116,0
0.5951103220901498,4.127668205251998,8.933600255706327,0.3664112996867994,0.873429581345655,-0.31261296607820377,0.25031309409846253,0
0.6066888916647791,5.634726676120896,7.993653624853342,0.42576025695172715,0.39733439123215797,-0.18323440529845708,0.025986191951768205,0
0.6983177635681577,2.7679163686640345,8.744144016596334,0.4377395193074352,0.4942173889569269,-0.11944690253204844,0.1197156738324382,0
1.5996458587732085,8.365796201175803,11.517425653758753,0.5398469843032968,0.7180326558278504,-0.034511989254835625,0.08394272859480797,0
1.03234516281623,5.884848378539486,8.578449432617548,0.4292823091842926,0.5176750897387074,-0.13063102407696148,0.07842313440235757,0
0.7006888231969058,3.452493286094092,8.12425725788286,0.38118624980321253,0.5614084393977637,-0.16567730250846413,0.10052614606016039,0
1.0830924422404855,7.531970906623644,9.542052610806085,0.6013553155952969,0.4628813770428295,-0.059874390189750465,0.23138403148463083,0
0.7897655860943497,3.273213813104339,10.22265711752984,0.5407074746533054,0.6663151761162937,-0.12926777365493444,0.139240963455181,0
1.818184455763021,4.570585463243523,8.451887011201508,0.4502750640054729,0.8758256983451457,-0.02295983681122048,0.06575317206815476,0
0.6548024852986591,4.563566327999753,6.519259002582886,0.4280688451847435,0.6954423094740013,-0.2057866487042716,0.04005997636404823,0
0.8220771164120381,5.866437653264991,8.801216090626124,0.4551654574824979,0.7522838271312449,-0.17499119207409683,0.06148893414171529,0
1.897383285428648,5.609469015939499,9.964624032354441,0.5677775966372641,0.39694864340970504,-0.010309076701781746,0.16261518032986996,0
0.6293039016054304,7.727029199336677,10.24537441264486,0.4514800113998559,0.7419469747671712,-0.11111279201397911,0.2437908328641181,0
0.4037700887651636,3.0261501204630745,8.161953453979041,0.4345733260684827,0.40968608093472525,-0.2162241561106405,0.0835884374445742,0
1.101952093309051,6.248876870368043,9.19647826901425,0.4257919996650464,0.5464800461209955,-0.11866684403621598,0.06960445366967292,0
0.5045968908532288,4.416654266478421,9.64469463792022,0.49793901024398746,0.5843434785648167,-0.17097193856633802,0.11985544658024437,0
1.008719643905591,2.708860586042363,7.117259157806019,0.4182062025417229,0.622592909834075,-0.2867481229924613,0.0696401853319509,0
0.9820844772542566,8.162040712610047,10.346334228281867,0.39451253967434413,0.40662993091386995,-0.07229801843934118,0.05343887185085361,0
0.83400579268563,5.32569174273532,13.32608572300392,0.6181826246524859,0.7925376100418526,-0.09614024807013961,0.3472332060525186,1
2.3760409108246714,6.382139739044716,9.853037899201707,0.6066929316422064,0.4210801648669041,0.024812431005373486,0.39867973173335997,1
1.2656424577505354,5.764447837288903,7.2775407957012765,0.4546360200071439,0.9075400265573487,-0.11421957375122682,0.08602336417868815,0
0.9790583548643027,5.411108436177526,8.825982090410704,0.4771047618454916,0.5664892166937087,-0.09636629737520337,0.023160215900614022,0
0.9672093232958464,3.800581469541527,11.684375592028132,0.40432939217896546,0.7948546534001877,-0.14622392293232642,0.13855704292227974,0
0.47132283361934874,5.409198811858577,10.651150384865462,0.527178172500393,0.6239855637953902,-0.15195603933839832,0.17587704798675705,0
3.152305405679445,3.619043856541524,7.1564739818173475,0.5159157360432808,0.8944285841895616,0.13069145369408375,0.05672264853295561,2
2.893532818616624,7.225571525562567,10.396204398400004,0.500199368699473,0.4381304644375145,0.06247056356278165,0.17941861996713915,2
0.3274576397550226,1.7387675206475834,7.04686381795574,0.5541947702442255,0.7408779772457758,-0.17109616893146512,0.06305714623243887,0
0.7079034537172927,7.288587878925194,11.166721957497451,0.40618555184704364,0.7215526795244752,-0.06093650304738062,0.07191415418837148,0
1.2056831781138462,3.7777229179883287,5.007105282818246,0.4419980668904134,0.40768285723805053,-0.12950529458560245,0.21580119642580048,0
1.346042843885054,2.818125901882687,5.581780315749544,0.36339458241762845,0.29760912731770883,-0.2412973875840247,0.3470559557317678,0
1.3655403325379858,4.65447046384333,6.816108860184904,0.44122091271059427,0.6903029317680763,-0.07931840441604444,0.18159203000866583,0
0.6325548078477539,4.040948671334249,6.672164419249107,0.6162304894588339,0.3631199692844171,-0.11905223610707355,0.2420070479824197,0
0.8672586672015146,5.866656904529752,11.980497944189214,0.41729441177789234,0.9228874667006446,-0.1313738352512846,0.10917517459006489,0
0.9528803899618074,5.341308285214236,11.106882291118374,0.5210084601476297,0.06204322636739884,-0.09731750534973202,0.3010440083434283,0
0.418469937026835,6.006248377647572,7.751419490999893,0.4828938729017662,0.5234483155388526,-0.16153767279234874,0.13274400275786283,0
1.6792778114568812,7.446021373993423,9.731898549984958,0.5818205962584402,0.7173863392611256,-0.022941644841008496,0.16914094494749243,0
1.9093436699082431,3.316444628697029,10.317075936826079,0.3736695496583413,0.7379907450241698,-0.021137960940220465,0.3302707869905318,1
0.473875445906839,4.852978187385285,8.513116955284039,0.424503165231583,0.48777746540491157,-0.0780760026072308,0.07642044577950838,0
0.7690724354715198,3.2291128926721884,8.114468885209256,0.39578002990882233,0.6510748249697619,-0.284812139961148,0.20026094561428992,0
1.1168490311598822,4.554788819662226,6.558187661007966,0.3720778449804943,0.5714439546445522,-0.18779752700573696,0.1651395938153393,0
1.348097666693608,3.613829121413939,9.214967021550969,0.5387360297357312,0.8490690450170608,-0.05729636760704852,0.17446340961562196,0
0.6537715700734044,5.511473464596144,10.543466041639,0.47956270082612046,0.7821803034755133,-0.15533235814473237,0.07161126958237614,0
1.7677894511561836,1.7340976697245316,8.876348776819698,0.6154866112663259,0.5875027292542917,-0.03944985646855643,0.3477615254592718,1
2.657074659902669,4.4848836417023366,7.432557219146264,0.45186207111542015,0.5684569268853665,0.09495083002918019,0.23973836771350227,1
0.47883180597704555,2.127360361934181,6.828201366814739,0.36642438516910203,0.6695772312509909,-0.4738066336551673,0.16032761943430218,0
1.0872312839312963,2.73578115869821,8.476848886835617,0.5791601879147265,0.4216369094345864,-0.1260707580702244,0.3542936247054642,0
1.5416032471833254,4.119633608356752,9.095364809453452,0.40603758660915623,0.6268820548578368,-0.08521296118990623,0.22100364388923635,0
0.5369357128354271,6.1803437948819155,8.143667881972025,0.4128652498855788,0.6457611008430066,-0.19835537988916813,0.12054361348720324,0
0.4985642344271165,4.84869325167653,9.636551750556425,0.4341048873965539,0.26994209971216654,-0.18978820729109366,0.014212798313230461,0
0.8482754440642984,4.896933148267132,10.660178449912118,0.38224624311496924,0.5575579793377988,-0.1873268568652369,0.13162935779251259,0
0.4326600022138833,4.436709485289979,9.919670757552883,0.4834034637954277,0.808757562773869,-0.1986540653354831,0.13593010269830708,0
0.4169973983623736,5.841095875880942,8.499705523135056,0.49888426424268245,0.4779124929521779,-0.2030969883047935,0.10921202601625862,0
1.384582347665912,4.0498851078823,6.872188588847771,0.38824791235927475,0.20854257661645692,-0.03848780395133578,0.09654103513101882,0
0.19355390968290714,5.214091523028306,8.717949075716106,0.4532283732464863,0.4413247634409403,-0.231740482103337,0.09189662989859776,0
0.8911012740951268,3.5907019268572284,8.162432596660075,0.4845426596634255,0.46136187852924865,-0.16807735203853505,0.17360334905774324,0
0.32049758859143695,5.267048246992236,10.67110091643843,0.36095429548157504,0.7491996771047814,-0.2677942743087841,0.0667636851872859,0
1.190194645922845,3.2254363452404693,8.337452413612374,0.5587942937807903,0.41865301290840784,-0.11431616771040286,0.3036905756967106,0
1.0755733223480608,4.337298266884463,6.9385094763248025,0.6342376506944418,0.6443779079863063,-0.07556351480268989,0.16484822871700114,0
0.9087110708851546,8.313887758736524,10.542280882860926,0.574543128418592,0.7110152767017646,-0.07716868659201273,0.06967744518436564,0
1.1432348038912143,5.609568385018619,10.520169894439109,0.4717400383159943,0.3294742540057876,-0.0828560382002254,0.17121657486291422,0
0.5167323310573549,6.462350392695135,13.04784125023123,0.4077634205737646,0.41533679880933866,-0.11544910509488726,0.07166769811616708,0
1.6945605420410823,8.383888042255645,10.783749450272685,0.4209592278615559,0.6735484426589675,-0.034390631659276416,0.18997309172013532,1
1.748408529168948,5.360591478144645,7.736725864643379,0.527961379140248,0.6139834608497442,-0.021312421788375547,0.0986873227338594,0
0.991968367747667,6.65686273875377,12.915020722736429,0.39688622837460774,0.14791110417073514,-0.1403223579300777,0.20872988628950154,1
1.74154754527989,3.542421280716736,6.330828811220655,0.39920639345257614,0.5807328296446362,-0.030560509163318487,0.278137640011926,0
1.9824977357239404,3.022275936915743,6.848401384102046,0.461958928104396,0.7883558557459361,-0.0024440927840057203,0.32834158501813204,1
1.8758771058564483,4.84665445863292,6.380445898021198,0.4700689468722171,0.6145114859703639,-0.021238251567631632,0.2695279769618897,1
1.757637024771797,5.421013564453237,6.875521842293253,0.43949099955753973,0.7518495885574845,-0.040445284341359605,0.16874273249527744,0
0.6143331600416588,7.954751699381508,11.58892834539521,0.39522977897116984,0.5182662411766535,-0.15362418033861366,0.01966170836862679,0
2.1282698718346094,5.029977602930851,8.60941829918648,0.4949698188964411,0.5600892781389206,0.017642933424584235,0.07398704946944328,0
1.548589545535658,5.458717154062966,8.237245648342014,0.5232215467640933,0.1569293721755691,-0.0529380968559249,0.3221010150222646,1
1.592321758543884,4.995734118467878,8.964274624963267,0.5013093830613937,0.6526701147001961,-0.05041381937902263,0.32943227516522894,1
0.7563609060595763,5.949744630814578,8.392683840299833,0.43031887752104614,0.11265243440023509,-0.15517671842513597,0.13391022873451355,1
0.9716059151117971,3.758799638023505,5.2657067351360825,0.6186917501882852,0.581747209812933,-0.13739501400351337,0.1936187744248958,0
0.7467351013867345,2.5463013175743545,5.7637002671132676,0.3687634441678552,0.5537600039911824,-0.2160607293546011,0.049691320230707686,0
0.5442775964040105,3.2425927056329793,11.912048666806562,0.4403614750135716,0.8649578267766673,-0.13731071769866407,0.025049676810247203,0
1.5771700582407686,5.696151793096412,7.72390031214243,0.4785567965865957,0.5449269023943155,-0.04089469721840792,0.17155086580588888,0
0.793839394273625,7.449878881747926,7.660277568348686,0.5048521315911776,0.6591505653008705,-0.10744822268219646,0.158152898997187,0
1.1934299906388877,3.4724171136282402,5.520666415219832,0.3783442808861108,0.4635418904673735,-0.17234256174821933,0.24822190012772494,0
0.4909635164608038,4.5406305750838145,9.545899085701826,0.4567970386972897,0.2270141493347726,-0.20543467800801188,0.056749953770191534,0
1.932259476728925,4.594579428684982,9.254118771336596,0.4294545779552385,0.8759354710524057,-0.011377527556067382,0.26708362837129535,1
1.5006393778092946,6.945227838715513,9.629199182580091,0.5304001171926156,0.833444470621584,-0.04096530991393387,0.09535255891010787,0
0.5910015036862157,2.121199673707525,7.299619748364781,0.5532665443948579,0.5247512859119084,-0.2597507361098497,0.18064474713186912,0
0.2656891191329541,4.3275555715138925,10.576977588215666,0.4199200671773054,0.5535174459490809,-0.18465476209961357,0.047321252512267396,0
2.639629190901962,6.680512208699099,7.778750953193417,0.5232027450303247,0.33624364933429735,0.061383811228641075,0.20025531082968304,2
1.9778067553313505,5.643646903403808,8.39911237938056,0.4854785339309781,0.5176216130729255,-0.0029084035293149677,0.2035096779781046,1
0.4602684026809149,5.424588167720997,7.674863102154925,0.5499469338052547,0.5686415054626479,-0.19406317985364505,0.07078563458460602,0
1.125731676546937,5.635323139477734,8.805243530360052,0.4705914926676861,0.22886899264474006,-0.09638079545664692,0.313753711704222,1
0.6533889784671109,3.7033428382389064,7.460474729367657,0.46891842250438825,0.6291867792553933,-0.19721984864069475,0.10262896374920491,0
1.333393469421274,2.733016353607325,4.462759212427877,0.5677161423391676,0.6470631807707427,-0.09382459762177166,0.2589972784099976,0
1.1549722942799634,2.394675827398124,8.91927995190731,0.42229581314764764,0.8393273944397871,-0.1749757268827296,0.17267694631069358,1
0.754142426518904,5.471642298916272,9.960619882389514,0.3977170275427337,0.7537221744368678,-0.19074994341334284,0.17252886469836504,0
0.4002587359568086,4.6786426424778185,7.970660327059557,0.4397382668118522,0.42234447155026617,-0.19612936799793393,0.04911765049384409,0
1.8276226653119505,3.7257093047838086,5.959959456973569,0.3696161626429209,0.513563486810067,-0.014821522923723482,0.13325124183896667,0
0.6074152627086878,4.653885256097425,11.494004879206656,0.5832704106807701,0.8803748983061447,-0.10704940626350198,0.11057659120098266,0
1.147958077759626,4.943086893445614,9.982698393287865,0.4523991418874362,0.6050105088802578,-0.08297405476696354,0.033326737410675,0
1.7476509640532836,11.530302471719127,11.891254720847906,0.4377591896669553,0.5128303651098065,-0.017330433993562773,0.2559795131415307,0
0.8852083003680475,6.268622612981451,7.2546450887581315,0.34927585251192594,0.6355768653071866,-0.2028268744776809,0.17665986913007697,0
0.7849549874136167,8.507150432234864,9.503491911638402,0.4430098568417283,0.7529015024124872,-0.11909561741508827,0.19534428783304691,0
1.0651101504804743,5.1537296144282445,8.935071215840475,0.4448872539409351,0.4867215849765159,-0.125216717304036,0.19620597223618932,0
1.4097579125648305,6.069030070017572,6.743297349541392,0.42122175167940556,0.3359193644418224,-0.06229541692070461,0.177445787207941,0
0.7325920400066862,2.147454966741162,6.723519947700348,0.5448817524875742,0.3122182466615258,-0.1654236597025875,0.20538176570013725,0
0.7607090305493401,4.99381598224584,8.187921833665422,0.3947560974653935,0.2390617523389448,-0.22011413594670315,0.09738460326948477,0
1.2698317781636956,5.476315935210762,9.199658136704137,0.41869881945155296,0.6570229979095401,-0.05813887344234687,0.18005188785737553,0
0.7312859910207269,3.535679083900322,8.420820156348597,0.4506483334700801,0.5281702441797301,-0.17482262221966627,0.3927126098206136,1
1.515263927183465,4.392516815843171,8.37625195390453,0.3532326802535706,0.35735867930774073,-0.08832710017476235,0.028622067845776603,0
0.53940157355231,2.139110028242923,4.770477115901254,0.4105954669219353,0.7172377295882022,-0.5205762150461917,0.09192347063965775,0
0.531507621886513,4.0007177982181865,9.307895360810033,0.4304564230197627,0.03463895817453419,-0.2973546367215167,0.14688115944015304,0
0.9516572225936714,3.8221888433623517,6.973152017442025,0.38928499582676607,0.4995226186760952,-0.21381483204997898,0.21588046298679486,0
0.8358434752565063,2.2933231503151847,9.62464895454215,0.5757714806952038,0.8014950676066446,-0.16617045992620186,0.3032878197689493,0
0.7845624686151109,3.6395842349515792,9.641687188892156,0.3873833448751454,0.45978867884809305,-0.14312838665769853,0.06510756176347109,0
2.232421287586663,4.084933548892528,6.90702485982896,0.3930048496423462,0.9434293771168346,0.032882973517783465,0.31778859045410707,1
0.7958475416107408,6.824131453795585,8.818686606740417,0.41146006022751946,0.4018415489452926,-0.15409116970714057,0.14451657656239664,0
0.8612471259817965,3.3413667393391453,8.034624482462121,0.5304432222219514,0.4037706249387235,-0.20710990383975864,0.277571137898841,0
1.668500987356545,5.89601402067917,10.414702880347606,0.3551427717162445,0.6170153917255451,-0.05785976740156069,0.16806284370191327,0
0.9907554226271299,5.8843315598464345,9.417833500780684,0.46533648430784846,0.3615782919797666,-0.12246943970019908,0.217268383702692,0
0.7395188398995056,6.240700772267214,7.976871805914725,0.521435822024048,0.785174222995796,-0.10699306662150504,0.23263756408679298,0
1.0644033367533194,2.4500140688026675,4.373424104796479,0.5520952694494442,0.42273687424471174,-0.2168302714776065,0.29025593518393494,0
0.9927256704388427,2.6570434257725632,5.289055365479856,0.5120841987984803,0.5735228834930923,-0.13264692151216062,0.1760571420318316,0
0.6651249854427358,4.141508668451517,6.948459464546486,0.5461576855459533,0.4057646947442472,-0.165501239604744,0.12039025050863879,0
0.7543668769081513,3.4066669959703537,5.7555182136299035,0.4227194971608177,0.3889111734832276,-0.25867976771014123,0.27611722393482463,0
1.026920692703839,6.890770465241229,11.351694382577897,0.5315324720154693,0.7190709822591556,-0.04308351866389867,0.13042976477961468,0
1.2649209989648091,5.0808776404484775,10.985736211908014,0.42794111626745246,0.881607376042891,-0.11057362547293031,0.3557374530535862,0
1.1119815519045344,3.0378284263179154,9.23856664977414,0.4367165102706178,0.5584945598983149,-0.13803905333901637,0.25841156731380016,0
0.6019478127975861,2.8932540906120106,6.270519218134294,0.4669773066141279,0.7408012484465328,-0.3065746039883349,0.05216789218769923,0
1.0839625161477098,4.338470860486532,9.067812040674612,0.4908413369538849,0.23293184116425691,-0.14597053406823088,0.08825290089958654,0
1.14311427497586,5.116993213957595,6.676938354616519,0.45742765037742034,0.6235090494612373,-0.10873052915366517,0.2895381404920734,0
0.5427215983095619,4.64091446375893,9.047091248098258,0.44349974968133865,0.4339595919798203,-0.2643347971640712,0.06329882905846833,0
3.235963082346405,8.097688855314088,11.627415013741027,0.5031561396984661,0.8854063400167121,0.09458847396585666,0.16738649474544381,2
0.7219406499996831,1.1797164920136365,4.3736375022301015,0.4757100911982873,0.8196320980926782,-0.2922261275337666,0.16762556164843168,0
1.272417255852795,3.456556645646617,6.004459387953791,0.46666375422858836,0.5834324831969193,-0.10578399941191471,0.12643677028646894,0
1.4646992501958402,4.191282390592637,6.8311028486305485,0.4562993092585851,0.788094272336521,-0.0561925071577982,0.18293477892928106,0
2.725298273103569,2.4133075957722263,4.264010422447128,0.4136888293149233,0.24583424507970958,0.21024156253666837,0.3163985174295742,2
0.7648593771941894,3.5056729255409516,6.722308013653505,0.44595659576907093,0.5261677127970902,-0.15301852672553062,0.26404966031285815,0
0.35785065009043804,2.8934393050991423,9.48658341485397,0.43984315226923854,0.3934253746478277,-0.28701729635786327,0.10329105063647612,0
0.6373534489857252,5.514354683895134,11.631170085827012,0.43651136005038216,0.23279688363844492,-0.19320236183135484,0.055405477715611336,0
0.8547346432830819,3.1893776621302483,6.727288328615658,0.45319273045706054,0.5035258753348869,-0.24974619785563323,0.08901783794574057,0
1.2545812458398653,2.494961297383568,8.27588852239436,0.4995224637574264,0.45578934799227067,-0.14541066510968853,0.2611738013335915,0
1.0977435339285084,5.058682901884045,11.283787036535811,0.5610305647995137,0.6916193835207415,-0.09806465532335171,0.21986774001918236,0
0.26744031470933854,5.776064882250528,8.991186009737783,0.3975617525381653,0.36721274182437896,-0.2785751265194767,0.02176779838612049,0
1.1562375336077109,6.301930542260418,7.838216540740361,0.4528172202738101,0.435725512705954,-0.09293477035155526,0.12300611184772818,0
1.1962247349756059,1.5372984557665044,10.417712070772662,0.4633898765882147,0.26258861216438395,-0.10238394333784763,0.2795037631477781,0
0.5544978631689453,6.235146276756363,6.902561430725318,0.41108645032321856,0.7873202200548,-0.1473603842226437,0.09992899753187642,0
1.9157998257848872,7.242021145224408,11.879174870327422,0.41172157051775476,0.31026504239380015,-0.010748322554103022,0.06901534143736586,0
0.9235263814052237,2.7386257926260913,6.414480723866232,0.41975685934188844,0.4758960132164541,-0.22161778621566122,0.3027263585168363,0
0.922475011205374,2.522416023912059,6.134752144280203,0.4262505106760884,0.550698849791215,-0.1913379963770375,0.1658644873640995,0
0.3684534818279229,5.262472279387373,7.908739833920429,0.5303259075351668,0.3650877231416812,-0.2191389061925925,0.08039780454586776,0
1.6981402516049102,6.67724049367655,9.487490110587196,0.3927541414780166,0.8379765578991157,-0.04201366722216617,0.11629378906419371,0
0.8492944544554393,7.063096400537834,7.662492063342506,0.49261566811578894,0.5690609241990422,-0.1432403309892048,0.051372587276058236,0
0.5168986919956158,1.7833761128310504,5.874218882039488,0.5126763494018794,0.2287611052718946,-0.31366118251744696,0.09851050718188405,0
0.34399477776960596,5.623703329682288,10.990539046396762,0.4427722677530613,0.39666481391877256,-0.1397279259370081,0.05797320012493083,0
0.4237484329426466,4.013396967283322,4.275342423389453,0.51976942253806,0.7213196532456595,-0.29091370959996643,0.13695994754428686,0
1.1567356241975477,5.104325372747665,10.082141871494217,0.36776682228908836,0.3541070689471361,-0.13739264491247924,0.08411419714569646,0
3.232955490876757,4.228215981313571,8.879293872832903,0.6344175374168894,0.7842618147096175,0.12703637076510932,0.5234110390324085,2
1.4392841677425805,3.868017738559564,7.437274754563784,0.43654846362905286,0.7470744503050307,-0.12367957880274408,0.10028250927181612,0
0.5786831424178812,4.097650372625649,5.721242849611992,0.496153989372579,0.5516411045921213,-0.24987605805826082,0.27605067785165255,0
1.0716293743986942,7.357733244708914,12.145491783119882,0.44273755950786353,0.49290498565229984,-0.07472498318574071,0.107077998747188,0
2.379180879339508,5.904678877336015,12.027139673280999,0.3904703032981382,0.8074884508762219,0.05506972601436565,0.18555751478806923,2
1.485573408750524,4.484224346339142,6.192146896568821,0.41618537563719643,0.08010013623888473,-0.11119072597243052,0.21346617951839078,0
0.8177960323576563,4.758625412724863,8.307385990226065,0.466743307828903,0.6515261591019005,-0.1786943562450961,0.08447378916492244,0
1.1020110410761907,6.328014576647799,10.960102842653214,0.41826306027897026,0.7271014931435809,-0.12262666501939344,0.19250982290281812,0
0.35891571051436016,5.445615397011623,8.923797649208417,0.5066916603912296,0.40039304897630656,-0.18964920545201688,0.15201002622391876,0
0.9810109739900502,3.3773800580146345,6.670321849658944,0.47501151706819156,0.5534075055005214,-0.15361976252113452,0.2000379491910561,0
0.7185723683644678,2.904200747442729,7.016358782835297,0.5384632653713146,0.8365170215529796,-0.16468215045614232,0.05087978929989702,0
1.3679710299254282,2.6192751363898488,8.067056120361196,0.592798868475863,0.27374747193248916,-0.08893066886711158,0.5770849964716996,1
0.5747391008641723,6.308050332248747,12.519113753897654,0.41741670032638306,0.7537121145581618,-0.16258797402660277,0.06289022602202124,0
1.093237072861888,4.000521179161831,8.134380752322654,0.42507811676682195,0.4545497763957838,-0.18318397042824006,0.02757892059892739,0
0.8705501765088581,2.7041267379528584,7.117915873940176,0.47593118535921103,0.3593306073207354,-0.24604037282194696,0.058212688426603626,0
0.9426171483334139,3.5896197160522787,9.026789987859965,0.35709539809743146,0.7025793269014371,-0.15728351593279724,0.06687340828852167,0
1.3489175125673571,5.888884151319263,8.215109124407848,0.5229159223805792,0.5004040084967059,-0.08179768762915637,0.16428592842639722,0
2.2577104362148033,6.1569472664326375,8.511926080673042,0.3480715112015983,0.6834513530617354,0.024354557461521556,0.18213534929133962,1
1.5481794764351227,3.137825554309138,5.982158081282791,0.41472634612645587,0.8585712238771781,-0.11333314064649554,0.37723064640190923,0
2.2768379058147303,2.894934602666727,9.335936340189097,0.438652590513594,0.47226474235784105,0.059905071368114675,0.090527722495687,1
0.5725164344637271,8.294164019533591,10.997319627855871,0.4372167959244461,0.5751537374184876,-0.11469536591981189,0.07962970340707483,0
0.5542166787566349,6.019823681090058,11.209175999090512,0.35459651709407164,0.6700152165424197,-0.2596900028653122,0.11865140762833465,0
1.9902496608719595,6.363301019059506,8.989009039990462,0.4685686762673768,0.5308683411931873,-0.0010784896364546106,0.16441306824469987,1
1.4809251184608503,5.637392289102295,10.307395360387485,0.42478275085578393,0.7231781862994694,-0.06259228080822664,0.10456069640213339,0
0.4929183463400381,4.2728038953847705,8.76105119464023,0.5055716191273867,0.4643426161092305,-0.2223299463619185,0.13058893634158453,0
0.7614963713121912,2.6443818621603072,6.58106591932805,0.5757540161152561,0.9322419316153109,-0.15172375611474673,0.15249067611228906,0
1.480790823275153,5.308184870985552,10.551965276594178,0.5003279382837539,0.4302176404554986,-0.06372733326224135,0.29016160611117003,1
0.4848558066209305,5.000608449094202,9.603784544817126,0.3894349616435413,0.38000012583746584,-0.25513513495525136,0.13674623905085873,0
0.571231095684219,4.754034649122515,8.323212146357124,0.591330895576883,0.7139035003509357,-0.1605202753011478,0.15873934269530643,0
0.7364577837074778,4.400244719895347,8.790883762460806,0.455076905264279,0.6478418988461103,-0.16533255788617254,0.15293933017864283,0
0.7987000383193874,3.743308816177592,4.807980744981946,0.5055758036752862,0.44488586312317835,-0.139268289686703,0.2303482296347269,0
2.0487412808687995,3.9745991772192992,9.037000970568645,0.542859839967611,0.3360644116431731,0.0049886199315682615,0.19403835722439597,1
0.5360430317462321,7.870954851487335,9.617738751568249,0.3786081850658876,0.6900338703223164,-0.18583654882581224,0.07694871752728781,0
0.47331166007095554,3.438460257207494,8.451358582540465,0.5192086709992448,0.917028280290959,-0.1533475477778175,0.061465546311911486,0
1.589552380872915,2.9469660928218384,6.553252797326362,0.47893129719614086,0.5846366225344907,-0.07159607713327379,0.04980611805636934,1
0.5392437510905935,2.2394205975445605,3.4071661754973825,0.5004016576787335,0.2587472685889466,-0.37822767371772104,0.17564410986484408,0
0.8753010367001978,3.0582929012985822,8.006769900083262,0.4889878586816754,0.5299900519773318,-0.17707148238159434,0.08818385015736627,0
1.2879995347756488,3.6948907196187952,4.109823931076765,0.47278655999147895,0.5125491733962843,-0.15675938093282438,0.3881580344560637,0
1.804714140641446,3.5530010885157166,9.484139392286554,0.434908646022868,0.29582824393254553,-0.03171537986147919,0.18946062266107647,1
1.9115635528218482,4.104341032402473,7.836520822747057,0.4539628310621071,0.5071534600764095,-0.014587809973472626,0.24212512489959878,0
2.085608263526422,6.199703766804158,7.9675077487308075,0.36493295421691996,0.38293817022943344,0.013807768205948688,0.21775508466184712,1
1.7347306447360817,4.442868166945406,8.027349765320782,0.4546015653760837,0.4562877907222025,-0.021307148247397583,0.33170250312214417,1
1.7612634613542364,2.8174153989336346,10.424584490287053,0.49328286436355495,0.7018978385255741,-0.04881816433727431,0.7307942863072062,1
0.5908227595782033,4.6178159606751645,6.531638360160095,0.5784399586131028,0.7217443115228763,-0.18087743607113793,0.17820653329425873,0
0.8460196104222563,0.48528931210356624,3.9868382610170747,0.38830394269406593,0.404982092477185,-0.6170230449655799,0.3430765978337406,0
1.5186977681533922,2.3066400412828223,7.542279114588433,0.5488022280575751,0.8334338776147231,-0.06642413711196647,0.21574497742399112,1
0.5954163728492721,2.6830931488899665,5.201807783809986,0.3467882389923358,0.3008227624641934,-0.3388344758804119,0.11247895511023635,0
0.4615616839353057,2.6814833752192526,7.72243643219428,0.46980233705927993,0.244561366404973,-0.2979542951450871,0.23803455025372533,1
0.8162953887639518,3.8965267515130577,10.970248232385748,0.4003981859134977,0.11060769110032906,-0.2037669606786544,0.1551700204339062,0
0.6323824197471276,5.688475911329957,7.008794480533381,0.38057043054036044,0.7777422785861291,-0.16013730000505175,0.1430550078122901,0
0.5093800839029472,4.813254606383169,8.485534884941934,0.3567158850576725,0.740808541579316,-0.2189073201163096,0.06625144479812259,0
1.634775824257005,3.692965457233206,7.071821501059815,0.3491438518517957,0.45616586432052947,-0.0808960222394273,0.011866646161242483,0
1.0532269354006738,1.2740829513877956,9.88006762719389,0.5007296361551412,0.8776134561896285,-0.1414852353567253,0.05897255456316443,0
0.38753980547607136,6.055324509830102,10.690427457053143,0.41107120779403733,0.947910754280607,-0.22567088836498417,0.06465222375352404,0
0.5125090704522393,5.01022504509417,5.56745608317945,0.40573336780049957,0.8264763640149473,-0.09986830819824426,0.030720255895400082,0
0.8325497175645273,4.788387543507958,9.526766032360143,0.48337755994002546,0.5945026103981865,-0.09575527302677897,0.11605335219549638,0
0.6919772637795301,8.585334664889604,10.805421417253028,0.4727146755640909,0.4324760471210101,-0.12217043371158252,0.09204051983872993,0
1.2339148876577377,2.4966875883794284,7.526627941102906,0.40803341313350006,0.7504994842982035,-0.19202597814854128,0.2433225730439377,1
2.2266267667345394,4.7545505992142445,9.07367247379856,0.3852287737939947,0.6648518775841356,0.026805498183357392,0.0730270914618777,1
0.8357208458145666,6.084544764245498,8.674904566184548,0.4206182749223167,0.5397907234734607,-0.13456293476848125,0.09565955567654014,0
1.1216351267040496,3.011719401897902,6.825902819653085,0.4176168570762275,0.4461776579855735,-0.1956777183835389,0.28896397531383533,0
1.2149885152806703,6.090127312240153,8.430384133697538,0.42677940598363473,0.23397517288996492,-0.10854065395007896,0.1531268150489729,0
0.9082198769446977,7.312886041636241,8.163529385051053,0.40887811814623654,0.442789725740544,-0.09663383375009817,0.06975222367995461,0
0.7775129448658781,6.83620976414011,8.30003646948102,0.4503670142948601,0.8746442830116192,-0.14198727742261827,0.07166199247607918,0
2.0865256895975475,5.745731575231842,7.0191404093030885,0.5972383049377863,0.6149428811619417,0.00860949829962111,0.2026635287388205,0
0.8135206094042541,6.172720752395267,8.511180949928411,0.546526085613533,0.41293028341507837,-0.10886410131646372,0.2962143826367786,1
1.0112893977919533,6.545236135858293,8.501217411550195,0.3873502671962587,0.3808345638261673,-0.15011576082029104,0.19765909900132755,0
0.7596426981885508,5.073924673992334,8.756812392637704,0.47095868768696914,0.3180523102790153,-0.13718637939976192,0.15265878719261494,0
2.9565724333594194,4.21999150104625,8.584129622040463,0.5102356884896889,0.8490761543888811,0.1422730761181672,0.5513347737624158,1
1.516395283682379,4.665315695627192,8.287808643854483,0.4728046415123916,0.5907631752294316,-0.08089620734318177,0.6353900896826633,1
2.359409377584003,5.229599138391808,6.896525640335979,0.43261267972300105,0.22066854604622996,0.05433581051241066,0.475168253381669,1
2.2391418480317995,7.055894656073667,9.313664974151655,0.4568367223576887,0.43484920206448896,0.024372708627808076,0.18962847211784253,1
2.99765061476159,6.486769295316789,7.459152829444421,0.461573006764781,0.8394428122262221,0.07642524595994865,0.22210883531768055,2
0.5228944481792562,6.253321990326309,9.64038497741088,0.556270785963792,0.599656242917455,-0.1343644626895669,0.1839972948354193,0
0.6134856846246276,4.603894738648596,7.909627474749812,0.3867501009565451,0.6807870869678067,-0.1913279979556292,0.1159107725285673,0
0.6439652166459343,2.8694435898681006,9.740179463117501,0.3872731333061889,0.372976884881667,-0.27942517885691737,0.12725889077207025,0
1.154292894363809,4.482818321221969,6.521515119849315,0.35426848874115985,0.3789782215371843,-0.07548779537744972,0.19229229733025516,0
1.0115057587188507,5.7885728253384,7.019163169026788,0.5523705372652389,0.8561746407218875,-0.06146384807782372,0.12184549103731138,0
1.7415832745719282,2.3463799120741515,12.267692839172907,0.4011589696780422,0.6837711371098623,-0.05446423123144965,0.2234316199386923,1
0.6561412845029168,7.49079725057603,10.797410383019214,0.37658416318563126,0.801917917186724,-0.07278025409060436,0.04617505849660082,0
1.6046446847807483,2.8711651232065796,8.081717045391306,0.3505714949517351,0.20517397074488852,-0.09425506216660015,0.40813588699549547,0
0.7146817762484221,2.928821053065826,8.97365085074427,0.4775997776380735,0.5720226132755725,-0.1957366316808863,0.14661706331066113,0
0.48505819147593626,7.926786974232645,9.47293312569245,0.5326700987074624,0.4074385226535335,-0.13188425802200698,0.04267314312615972,0
1.8323352342202304,3.3406640544545447,6.3048655227295285,0.5619137142428121,0.3355785188237048,-0.024273957986615892,0.10558032245758972,1
2.6932830725565693,4.160345607234604,8.854409088132872,0.5452347449211983,0.6500154865507635,0.10094990672604265,0.1171106377008524,1
1.2889830364907768,4.841471456531052,5.4387697861987,0.4545408918648912,0.808804420119271,-0.05453254779427174,0.11010259208395418,0
0.605594090348672,3.4989619154540788,11.46383263305918,0.4601950657248083,0.9303118873910285,-0.12686426761823114,0.04219969595727165,0
1.081258112336732,3.1925628445863885,6.984917188250955,0.3495998037102142,0.7209690358210458,-0.18516433350445508,0.1224562627041675,0
0.7774368209357864,2.725621935239192,4.478683603652542,0.3973404707520841,0.7239346037599139,-0.4542232732916589,0.3448768600199355,0
0.8584682084026812,1.8279163701232661,3.9186401465079617,0.4948825533953283,0.1664080072662862,-0.24014818087645934,0.41166852790209607,0
2.173893945394589,6.333755123519575,7.237883360164512,0.42641443385293604,0.5614304458251201,0.028765255621764903,0.39092354147477404,1
1.9058505832096095,1.6774006684434963,11.043410023170146,0.5356316688151727,0.4623046512014648,-0.017111900121767627,0.24830174256410822,0
0.6453024714754153,3.963785359099236,6.869471993455737,0.44934908727834316,0.29715437637898184,-0.24030643074686653,0.2874062485194786,0
2.2766159013493845,1.8623123476380898,4.087913241631649,0.5206020383920336,0.6024192743257396,0.08257681022378903,0.809090930843615,1
1.449809695131478,5.283282494467228,7.239651025848671,0.42897783604545264,0.6353395300652307,-0.05191838632547351,0.11593308803149813,0
0.6418644599467593,2.0400690957519827,9.340468450777482,0.4863434148872344,0.3526300256371907,-0.1841931483952125,0.20444973176502113,0
1.9744091849618202,5.445523701159391,8.283393056212443,0.5056091436416121,0.3534406246496671,-0.002138738988319544,0.5408422973605528,1
0.565749714909394,4.880007617599919,7.287231232065134,0.41436120491020473,0.8128355212660668,-0.14319858360233992,0.07207189442381455,0
1.598790183172944,2.6661902496228356,8.689501140307021,0.5005282205958392,0.7280977287676795,-0.04970550818582995,0.17029788580860267,0
1.6662297874253715,4.518756841067072,8.654876245086276,0.46344848671662026,0.28235672377039983,-0.025946191170771273,0.23124461431125956,1
1.1765976815990724,0.7384539152822034,4.4149903863341144,0.4922296492538583,0.9823472943747367,-0.3419886285914798,0.45466236488977,1
0.6555224403126366,5.491149842359897,8.009814237124942,0.40095474447725665,0.3198425088694354,-0.17459866443072464,0.0757519692086941,0
0.6178610081691308,5.644603958919851,9.215178002083661,0.4168120762466723,0.7397470838431923,-0.2334153551362971,0.11359299110797436,0
5.230421673281269,5.804401751066844,10.81713668277804,0.49205832530055726,0.3514214915434303,0.2636394512433708,0.21179661506294292,2
0.9941989166874855,4.490691088719178,6.117326104167222,0.40296404758431414,0.31960004627558397,-0.2014892891193377,0.2120642115242898,0
1.2059932949907006,5.414865827841649,9.145001639693204,0.4296450924450075,0.4757501570959129,-0.11852130255930332,0.11368057153471074,1
0.7858143285162608,1.7754829716136817,4.9971123012097625,0.3812783921685422,0.21238810327106733,-0.45636289789998485,0.18730569238213246,0
1.8374703996870705,1.3277940328501445,7.962321128836524,0.4708309481618877,0.18906203275746078,-0.024491999019920767,0.16943460655901202,1
1.070846488011766,3.3962538212790947,8.393571662241568,0.40830815583720437,0.31791955125217364,-0.18727727796492588,0.17284344686105949,0
2.043359200564055,6.901218371435406,11.283046746727997,0.5497976908748476,0.8513195380518872,0.001733459237062319,0.06634047056836676,0
1.2011849489998803,4.978558261837755,7.868113328789551,0.4853325654682013,0.624630271317885,-0.09867072528987816,0.17880850437153056,0
0.4315003840495608,5.78192001955938,6.953014396241429,0.5033258563811815,0.3731506326596167,-0.1837086036283382,0.12845677589848964,0
0.5906429390424316,2.391854827921963,5.6275607696805645,0.5045858848308141,0.6148443407096252,-0.15905642818085536,0.1283878890927681,0
0.8882349743460449,2.8952911429847505,7.113281557452477,0.621503258434224,0.20251785880370887,-0.1425635453368477,0.24487137365829362,0
0.9384517582998168,3.813382983781849,8.877047127666447,0.4324271954427781,0.48875603268376844,-0.193286536336104,0.11048755252977356,0
2.3114046179700187,3.7504354654064045,6.886801330832483,0.55782006745146,0.7293517954726687,0.036115573013353594,0.3174492260022212,2
0.7365335247449412,2.381270667803496,8.494129427243983,0.5357317597343556,0.6191893944823156,-0.18804121226322498,0.15582536312465756,0
0.5913082187283124,2.913928838765001,7.459156080017228,0.4341598350460967,0.7253629669858728,-0.2404173757032891,0.08845137233271039,0
0.9702932414126269,8.692475957159735,9.576482274436039,0.41159262179753164,0.45374498183457695,-0.11784494983038114,0.2875548347210614,0
1.0323160276489778,5.45732515444914,5.792393463381849,0.461819995467337,0.8662494078506561,-0.09529756258412125,0.09229777352161461,0
2.4529301650088677,6.6059543918707195,8.268873011059728,0.5810054183906315,0.7771586595886378,0.041016989817604994,0.19235708821826558,1
1.640377863685849,3.738897833206648,8.616320959401213,0.4740384237301231,0.6814645532487965,-0.06189802362421901,0.06502482751359102,0
0.9946025194761899,2.3722497842266166,7.98688435229005,0.5827155591622312,0.5818052010439239,-0.10694524371385801,0.22506005141137933,0
0.6179808009715536,6.490532922462509,14.02094800276888,0.4747073743434192,0.24259506711609538,-0.10354387109929476,0.042403477941842946,1
0.3434447745223915,4.505194949323923,8.533245222338323,0.6229167322195,0.6248086601689365,-0.11377888424644843,0.08848026945599329,0
1.9464603787013839,8.260805780359899,11.312064208700187,0.39161741622604923,0.08953111583179305,-0.0042493125829023825,0.21739124216947023,0
0.7912108850662607,4.733849760804866,6.584651682460274,0.3476117121401312,0.45222323288022126,-0.2977223103379832,0.031614566185219524,0
1.2786272664012024,3.6417448821020715,7.99960581598375,0.42379423982750597,0.5089920091140558,-0.09826477292769407,0.09240104623357126,0
1.3850012661950788,3.0060568836110684,9.326173132077956,0.4768321325138561,0.11800614937252879,-0.08365619376325702,0.2195952568820557,0
0.7626158574143186,2.632419026573359,4.258639362646108,0.38511043736381645,0.6912963594836806,-0.35059067097064256,0.07076845507323457,0
0.48661285462958725,4.1597317944565795,8.142863036287862,0.4729836507521612,0.848330869958973,-0.1800557725731624,0.0868407347510302,0
0.7614753226571871,4.829353887014357,9.077442494699326,0.40888143545534594,0.782752410344263,-0.17750035556049398,0.07797907759392789,0
1.4933727587673185,3.047529285693683,9.333268023409984,0.4129881753737295,0.8615296749576419,-0.0841704141030339,0.28542201093447456,1
0.7687443164589851,4.682546949006599,5.1661892733240835,0.460139639917242,0.673495170084747,-0.17818500565048592,0.2181542233687096,0
1.4242105873620161,6.785397079366188,7.806105974708443,0.366248910345367,0.8453900382171798,-0.0917277827723436,0.12072183039784821,0
0.5863007324857364,4.988721803847145,10.133971609905995,0.5026505086389027,0.7489654398224402,-0.15965201339021817,0.11866747314054163,0
0.678757355869714,4.6987901501637745,4.8000229722518,0.4214601572959234,0.5311926314927176,-0.2407033213990618,0.11574395747137062,0
1.7864635582178616,3.1793170407516045,8.932923494765324,0.34833033282364634,0.2826242076919998,-0.03141777283516619,0.15994140487428657,0
0.6200176443659503,5.343036862397734,8.47028971456897,0.4354021765007619,0.47384034639322653,-0.11862132907760302,0.08545482347805114,0
0.5951327723175514,6.61102096555294,9.371009159379359,0.37904388703548897,0.37576952914851763,-0.16910467165602017,0.11303010888142281,0
1.8877725299284496,6.0097481972255915,9.138970520799976,0.5841172012230712,0.492430711062571,-0.011263708270941584,0.2799183239337187,0
1.573168464118592,3.1920596742345366,5.052336605930499,0.43206282243827154,0.8076422500162883,-0.10454489694166602,0.2064576743818755,0
1.0878443869139862,4.333383531938907,5.101737012718144,0.48485206575640794,0.5362421418987338,-0.12607190330894333,0.3320791472802804,0
2.9779347626770396,3.561906010959394,6.118493345483711,0.377877462326067,0.8124364452671916,0.23087691550706982,0.2988971741088314,2
0.6976791101147456,5.88454206239947,7.494769362495908,0.4749079341479407,0.7279498803974798,-0.1701901210186325,0.16524159504564978,0
1.3935048416907934,6.782459704010271,8.421619116820112,0.5470136953470768,0.6648301878016395,-0.04166328509186313,0.15139191898270463,0
2.157771364314526,6.442196310156948,9.213913114988271,0.5626300861114866,0.6464984749950702,0.010893267075062824,0.31220050772157104,1
1.4016228201952028,6.242810102520553,8.307246371717895,0.3855622916464982,0.6210442604870466,-0.10262353938861069,0.3225268433223948,0
3.289947446835529,5.20877343128889,8.596462083307944,0.36534028665848384,0.3629108370684047,0.24244954123447734,0.16208821978923754,2
0.5206537157225073,3.414586978873261,5.001057991820065,0.34874351198691556,0.43483857862839026,-0.5092989467638094,0.24420987063934468,0
1.352462187989585,6.1158976932516,10.444804687058083,0.3986448394047619,0.7780348613197252,-0.10437395104089923,0.24904372611731007,0
2.6010940524112907,4.438202787564427,9.287008043274255,0.44990817245244413,0.09453087303643261,0.07777773940362541,0.671720464162691,1
0.6665597412890866,5.645093419958741,9.66872406542122,0.4059427313780589,0.5415058591406287,-0.0982020350464607,0.1765368380905475,0
0.9968847623830521,3.5432599041017374,8.847526362849159,0.43107660924050467,0.7705777812686267,-0.19206387373764916,0.1756153551014075,0
0.9652504722848779,2.7976480926418086,8.962330629941409,0.4978246754124044,0.5778120000104967,-0.11528378824503237,0.24939908545078018,0
1.0415503537733084,5.497997861105,11.060508511307054,0.34599596715675424,0.9267965326390533,-0.160560645735247,0.17653674029524677,0
0.833366219194235,3.7894707927844915,7.8117801744002096,0.38359539397311193,0.9070395907528327,-0.19659900288042126,0.20261200000981885,0
1.2724130016246522,1.5010439938966953,7.341207629868459,0.388496172861361,0.69834305441636,-0.07474940268595064,0.24106099445039506,0
1.0852197410739015,6.780791721029064,10.938466946446482,0.4302693912236275,0.34084393962529147,-0.06343362985059271,0.15448038735638714,0
0.9494083512531716,4.622611388582587,9.217438594817581,0.45346929910693334,0.6639490133374997,-0.10318005330909212,0.08080458147535481,0
1.5858384055940697,4.1864234925508335,6.763835241931607,0.4193609274294643,0.6192810404179934,-0.054490366565526215,0.161502476421044,0
1.1257103140841056,4.68142394707074,7.314997538811355,0.44820988241878573,0.6651673614311248,-0.09496786080023831,0.2938560560256629,1
1.2097466509616455,4.594913654524436,9.099541192652655,0.44586673062453197,0.601568539237596,-0.11609660997766151,0.21443381268570627,0
0.6300396429009696,3.6550870375821494,9.595214583774808,0.6615368542636622,0.3751975179897225,-0.1311218064289408,0.19849559636205452,0
0.355136827224147,2.3352205905798695,5.678754142939035,0.41590489016312837,0.5945822523918959,-0.2529283566129697,0.03230742685225708,0
0.6882688414763048,5.119719395265924,7.874835664494358,0.45594389679972747,0.5557695788115271,-0.1849354018349126,0.188221728855069,0
0.996786519343357,2.4039431496769983,10.019846951907848,0.39884488783697775,0.5088334340575189,-0.14975544291734422,0.031131805498112352,0
0.6747435354374282,4.17724054412903,9.336264277598445,0.3903847162168368,0.8851866333594791,-0.28343159154369213,0.2782555721785489,0
1.200910379544091,6.822948113256789,8.64083177284531,0.5853818707227663,0.31701786656859066,-0.06752912744645494,0.2808734159107808,0
0.5489693737659885,6.185313632781103,11.750193339712807,0.42713034638298525,0.7414223805200667,-0.15617109658432135,0.1554455945051076,0
0.7497949826251461,1.922053389525725,12.209324752407738,0.4582907940071983,0.7569288389733573,-0.19890035315259424,0.2222567999652669,0
0.7106580752380941,1.2155002300617972,9.094492030534923,0.47263615384939867,0.20087339508835336,-0.5747006107858753,0.12778061601542537,0
0.5055600442382284,4.291624848682342,7.240257466317957,0.34477660769459173,0.29428879947862524,-0.20876380938597358,0.15125503563769221,0
1.4049780475804996,7.49362696491184,9.468597612001671,0.4746587498405131,0.3118116904335613,-0.056159202612210996,0.10129079358928719,0
1.1071017551785134,4.837984256831151,8.879123558255829,0.42358971749534763,0.3123058187415898,-0.16247608184952037,0.04064028125531662,0
1.374793550164416,1.9849890783429391,10.319333525446279,0.537133334546018,0.6569925540561519,-0.14136322045558497,0.34414324044469036,1
0.672587708213158,4.061450975103748,7.407421941974687,0.4608146891704615,0.7193170383695431,-0.20209633151857972,0.3215752198667567,0
2.6598122343381765,5.713071809947045,10.328172604578407,0.6457954183240183,0.4165473696427201,0.05099883430784273,0.23743332637881895,2
0.9451709639034804,4.995976988239486,7.974032016869185,0.39830085978974417,0.6093838489020149,-0.1187614385037813,0.195711789047248,0
0.8649226343738646,6.285612663890026,10.930140852068831,0.45452841237024544,0.3486392427407945,-0.10249997234136687,0.1387123005906773,0
0.915797650347019,5.2590912178655405,9.338642100814514,0.4876828959489674,0.5618627242471393,-0.13895140345005985,0.20992282796832312,0
0.8481022361400301,3.6910676646314102,9.525449762020083,0.3925834635852218,0.1435631751341535,-0.17602466270357045,0.05443884213213765,0
0.3649814770591008,2.19556684492558,7.41623013750217,0.4473882331644348,0.24861534984614683,-0.3546109635929038,0.27133737841851274,0
1.3548227913185993,5.92195740171647,10.560398474698182,0.5983700930933739,0.5541889586574945,-0.04844902659964482,0.10665573989968988,0
0.8589983531651183,3.912036112218893,12.352927019296143,0.4190320208891114,0.5535557072397976,-0.08283173751557131,0.039525064609859044,0
1.0009605540626552,2.1345331295421195,5.250596943973332,0.44217104868407364,0.5871028156881725,-0.21007441872223387,0.06716625486096843,0
3.2295349914092064,1.7849847711065192,4.091538766463449,0.3828018611379199,0.8258425561486648,0.4611464216361621,0.8325057439512642,1
1.1284931292755425,4.3200519463806,7.055827168081538,0.493227993858825,0.2938105347183641,-0.13673057177966352,0.15591249748261474,0
0.3673558558817512,2.6468396067540874,5.386606746857851,0.4680832440296324,0.7811893607593607,-0.3737284007071787,0.03735865766324142,0
1.0366963075495137,3.113375415854425,7.337869152132685,0.37256530393469195,0.7025572691657883,-0.21308940650644342,0.3557626502748655,0
0.840344145682286,5.180805729256852,9.6749273920955,0.5061166924739592,0.493066870694892,-0.13842496949071934,0.28415988877918175,0
1.2511730323078052,2.547974095597638,4.473838362662443,0.5172816246294277,0.570791797152083,-0.10740183723873031,0.2809250547933486,0
0.8218007437173448,1.890292181595325,8.415547117993425,0.42484875920362475,0.9276433414948159,-0.29398233447582733,0.16057025458495386,0
0.45302175898385905,4.558963579576361,7.888659075838768,0.3604044621477766,0.4153938502821505,-0.26437936932133255,0.004810056929491004,0
1.4000473910128868,3.309330692354246,5.053871211420826,0.45216144832093436,0.2642325538894051,-0.12823306244846944,0.08437251038493705,0
1.0896696552408072,4.470428354934002,8.198813784813993,0.5129864484746981,0.5110684487827083,-0.12690491659004352,0.2623515817226736,0
0.37353035361482134,5.941899225801107,8.731873678151981,0.3768579820233315,0.30179481004953634,-0.24107566470668632,0.15944230347067798,0
0.7863929247441557,5.059386541574136,9.674802581679243,0.4277946964926174,0.46956699520912515,-0.1731087138193749,0.02617711099559433,0
0.5576380705750466,5.8763333023676365,6.289558331961754,0.4573067671262969,0.5239817928778451,-0.15321325972845276,0.19149452435548417,0
1.1646751432209217,3.402480500826828,4.744338640575633,0.46514821243111615,0.8025776782795051,-0.1567733881044037,0.033485149946406535,0
0.708446823910751,5.305734848154048,9.934945901027803,0.38153236289194303,0.5099177551730812,-0.1854765903879942,0.1829178046374077,0
0.8908671118222281,4.478379667316674,6.5805406835732185,0.5426784442978053,0.5851072221278879,-0.11491216004438404,0.14789817526860694,0
0.7158100686256873,6.9418260330224495,8.188604782451,0.5291015268379123,0.8524042214125132,-0.13210626977372034,0.16607362649467833,0
0.5307839477902181,2.1319684478350167,9.126478906551613,0.5022359938736735,0.40403326270205125,-0.24990068595102574,0.05533682291012684,0
1.8860167641993741,2.534106308906841,3.6442518287650625,0.495241435544084,0.3880243573634303,-0.023471193356467534,0.5844965905913413,1
0.8464270293138214,8.92251792214103,10.409319724467569,0.4742302142143317,0.8311089095398548,-0.10931704968258452,0.13607952473778318,0
2.803316719726717,3.6332775791712915,9.939374076613364,0.4849518241038593,0.705116457865014,0.0984667932530695,0.2634133612527605,1
0.8024770246028731,6.771902951831417,11.218554611403547,0.35479094026080077,0.5406391178958649,-0.17154714586951228,0.1686015825426134,0
0.6522056274889341,3.523564816927013,10.40815334735614,0.44311165049152673,0.7296745591530807,-0.17372134177856388,0.08989049996231963,0
0.82057893142713,3.041588788257044,6.233171177126411,0.4139544425197777,0.1751437951864033,-0.28950255470452274,0.09263261886268227,0
0.8450000011260216,4.177346682129693,9.186255251747648,0.6287109023709212,0.8917024678114459,-0.1260300078852065,0.28065507648100724,0
0.45447483568254976,7.408102979221588,8.789220967274332,0.44051820430659255,0.47989151352384823,-0.14663832890687387,0.12047149007643831,0
1.138127655524342,6.92591159550334,10.791821293000677,0.42602747026853127,0.5773268865780561,-0.08654371931826241,0.11533984336366003,0
2.6528238962300974,3.949940743409253,7.806828891769391,0.4421260106701763,0.6930934046905116,0.07781836346652106,0.10225606541453468,1
0.8744668776028248,4.375394478412512,7.169544106124122,0.6545703070391489,0.4006698308779422,-0.11580321485596917,0.1806218717303883,0
0.787480132828304,1.46642980374633,6.900271426836509,0.5326232135443301,0.6935865784044346,-0.2584092434499387,0.20353840252905733,0
1.8106474718645362,2.668228519707976,6.166487952259655,0.5602650165705815,0.8729985826532549,-0.02865888230412035,0.20963291837940293,1
1.2850013626661236,3.2644365969600644,8.561706904900705,0.45061901720123393,0.31791813861882673,-0.08869854429624247,0.3066598994623191,0
0.6697408192219655,2.2309386084658014,5.263930908157144,0.3973817208090777,0.8671309691520408,-0.40066388548773063,0.27975375450005463,0
1.0915020333953034,4.630660172844643,6.275495308229615,0.4082040801979246,0.5832037145634833,-0.1748614642809317,0.23415979218819225,0
1.2801609505773401,6.138323070347781,8.357902920654944,0.3963843173039418,0.5820427914494095,-0.03511987092905224,0.09749842065432669,0
0.6446687295937403,4.272465871921128,5.601635250688875,0.43503532237318193,0.7404863609661408,-0.19636729620420693,0.17283800600553967,0
1.4402831120947848,1.1621661684513693,3.26650106634896,0.4973582119819562,0.40621957992228985,-0.17092202235938253,0.21611039350033207,1
0.3002241034195734,5.338465323066725,7.880895202636537,0.3506132452246144,0.5254482618049703,-0.2688819336467665,0.12355492116097344,0
1.7979835213297704,5.738059789898201,7.409918397864624,0.5030576590562105,0.6663226127186582,-0.018865267402878364,0.4101535869294429,1
1.478050369433819,5.308442825936999,8.144018086726584,0.4855047915602531,0.2534348060368681,-0.04082685429813605,0.26103148209624705,0
0.7845332247001313,5.572693928541828,9.925103844825685,0.46769164243925926,0.36069419604959957,-0.09594136130151847,0.13650616918189368,0
0.8651161454538743,3.7673747390761485,7.769275572680016,0.47687681577429497,0.8745175610367689,-0.11402990329174452,0.07567598937247792,0
0.4340552260085648,3.141402346095785,6.103396021770904,0.46979408402248896,0.6354453917528868,-0.2233641160422685,0.26023374704954505,1
1.2125017153543807,3.5989132227617375,6.90404012446605,0.5657473672855382,0.5096288984099852,-0.11505531648438111,0.16772166053654713,0
0.9951623204890864,3.7075903308580562,6.994067082398027,0.6581385455710317,0.5203924040863543,-0.1115623797727437,0.1964665375762227,0
1.2379511667450165,5.4999793368465015,7.783938977057881,0.424849137876286,0.3400259183166232,-0.10115993505913039,0.23652331300932922,0
2.2060223541939603,1.2837494195519012,5.163089362323702,0.514246861595194,0.7337525999342327,0.05401732564338685,0.2421880290609561,1
1.0406978081922633,2.460960998612346,7.324179770769168,0.466397254475606,0.8706180192076248,-0.10336328860525802,0.1281275244300542,0
0.6851337529912095,2.219948758961108,5.857426571648338,0.6269807191735728,0.1669245508352237,-0.22207477413048862,0.17463448526637818,0
1.5382204354498723,2.106357725164654,7.762297247475928,0.4810235590770612,0.4523283434204246,-0.1044472161722445,0.16636045485174789,0
1.1693604972634069,7.154005271299506,10.161388830420222,0.41588893029593216,0.29127560598600166,-0.11273549269982971,0.04689253873269705,0
0.9461847416246025,4.808377801928479,10.917569663068315,0.3668148677484492,0.375297160397524,-0.18568389239243757,0.19570855833493633,0
0.8648636860669462,4.481843181100185,7.716983888298624,0.5027863439937246,0.5424015348112313,-0.12983718767962807,0.15851192806790518,0
3.3447930777757153,4.18457110220667,9.75169106981067,0.40912565563006087,0.850504593642598,0.16827128494469892,0.3473047497754688,1
1.3901666574979812,2.9346589810280017,4.410925197612058,0.4402639151587035,0.6362101041328672,-0.18412400372027266,0.23807421256557937,0
0.2293232832309851,4.401429866198011,12.026327335312775,0.383617920000744,0.10878510157478578,-0.25603922385936384,0.06383607392884252,0
0.7878953060002861,6.829701161466223,8.940632909548007,0.5550798974358346,0.8454785380965639,-0.10734431289711753,0.07932459656689764,0
1.0256207066197376,5.8786724766456935,10.52197227764111,0.508949665348261,0.3360408232653322,-0.10308685334457492,0.19097603640120886,0
1.0418917682068496,5.420993815808683,9.10268340095246,0.5381437966661945,0.1499871325454143,-0.11318793557859266,0.42265702472386274,1
0.8694302477771552,5.159838848503225,10.700619865860405,0.37419645371090476,0.8952521322025573,-0.13578333070209936,0.07002119613189016,0
1.3952093043736402,5.715280336796197,8.778343640245799,0.4105995253946942,0.7811823983746432,-0.07505839057053791,0.25131185834283803,0
0.8547267221686472,5.009006496217862,6.847151910575196,0.5367555145561259,0.55134530445521,-0.09769915813490486,0.06830584536069624,0
0.49501386467620634,6.113952213581301,10.04681893407847,0.37897708791791307,0.449107067631298,-0.13195840776846607,0.08021116354636132,0
0.7964496995326722,3.3061270121882993,4.224617977114773,0.4797192848011068,0.8135448670699656,-0.25875822104321206,0.18680854162110636,0
0.8773427181797337,3.3440554842496524,11.681006004205264,0.36546720559659096,0.3342265848101879,-0.2424857532018626,0.14088683061879576,0
1.6530412413990387,0.9306681189951227,6.658102904124302,0.3908768657865764,0.20739378959445853,-0.15012005221831862,0.32814162662978014,1
1.4897408558968201,5.110881772618523,8.425979700095306,0.5837687203743626,0.43846050009352167,-0.04936767436393234,0.13465309712765083,0
0.6973380243236379,4.470628769499424,8.91523317740028,0.44377177946911367,0.525699515936903,-0.08511562901060776,0.037711926657493164,0
1.3690742581789968,8.702145482244593,9.040563070984062,0.6429858712264918,0.654710274145271,-0.03960661099380527,0.21229840584408036,0
1.2309539953485473,7.321395638328179,10.417050668359735,0.37033274921122256,0.9109631888778392,-0.10722622361190987,0.06044639683137383,0
0.7299015538195439,4.130849920204748,6.058323165927885,0.36240810814352564,0.6536588485730896,-0.2195439760514226,0.09979828410305792,0
1.0908652462033477,2.9108992218241587,8.60727624544413,0.5852235355969733,0.21451691211263207,-0.1283477552479589,0.3372191690345117,0
0.4259863896112132,5.880445888396973,6.7932326318498255,0.4607200760171528,0.707173382907505,-0.19468608764426895,0.02775278160122592,0
1.1731139682151341,7.830144073838803,9.197549162872825,0.5734032390582666,0.8503227826175132,-0.060345467164269494,0.17288967700059693,0
1.175482744478902,5.361935252595306,7.281153729896447,0.34928757600007887,0.7819543449951183,-0.13102946426017664,0.04425405782111174,0
0.39808085219462064,2.719794809662282,7.37291423121376,0.40683960941234537,0.5721013537798119,-0.43694242247182624,0.07549295030469716,0
2.5936207976273233,5.850516793373755,12.508528501919585,0.4318903729275013,0.7742651803891937,0.04265537043855794,0.030100683164536242,1
0.8248668630072874,4.875709584274697,6.481107466443038,0.4298118589264265,0.36069269408348364,-0.22941568498377027,0.2811792908487751,0
2.9696543954936145,6.083609166236502,10.00812446208753,0.41197887075638845,0.4329841129352747,0.12247496300013685,0.11981848954431179,2
0.7795354175743872,5.129143616193303,8.999285824428929,0.3450866999500326,0.43687634660085656,-0.2328793784461652,0.1957964411132697,0
2.259995073571332,3.397929560341551,6.658232897255452,0.48464897685602004,0.4482040086191964,0.03470776077802705,0.17476157103425347,0
0.34667313186060766,4.969074741757405,10.588331704271138,0.4554220357735531,0.5073875568412822,-0.1982888994574502,0.07059784465118694,0
0.4331988882611186,6.44382517768565,7.010085615291876,0.43108092467299725,0.5589600388867931,-0.22318224608155254,0.07588560781058352,0
0.6929625531895593,5.226227950202386,6.797308794180921,0.42773980937362455,0.8176609626365335,-0.2285602935768567,0.13444358188498634,0
1.253833031526336,2.95487698648519,9.603640777599994,0.5287801959485686,0.6942738532971534,-0.10311342449787739,0.06034803550591377,0
0.7962797861027998,4.860425965599164,7.235911034173142,0.42161710040372263,0.2221457343722388,-0.19595992018790995,0.15699592255567207,0
1.279928837821932,2.0629305489908574,4.282043917514747,0.49140806275070004,0.6381716517361198,-0.21536597598768606,0.30107420305813204,0
0.9604924271724743,4.608772889336761,9.198295586314565,0.5165236738504687,0.5905254397772627,-0.10653049150124531,0.05984450040041105,0
2.3225628867801085,3.18443779521516,9.158508764906404,0.5534119380226594,0.6339698140935898,0.039215159100446116,0.21094665695831158,1
0.8278013957764961,3.7963075565942064,7.208908234027922,0.4094297272518483,0.46003039762521486,-0.13852537658996783,0.11377169129984965,0
0.9744032701537539,3.017856895224005,12.266192858397586,0.36862813322384286,0.3327075733463588,-0.18972727580984575,0.18486944697702024,0
0.7030446095190491,2.069175941216627,5.713187310535863,0.48254470837121555,0.49749747215493406,-0.29694633906540596,0.17154394182060828,0
0.6620917751047456,5.13090140486035,12.502954123258357,0.4748973934215172,0.8214381146831513,-0.10888999718928949,0.10718820421925133,0
1.2537315951540564,3.456635777578073,12.082725353627389,0.4150093151840377,0.23130483013772984,-0.11612971163378126,0.11647357147208841,0
1.1497894392726808,6.071303621040724,8.643303718603923,0.4300944469593665,0.370875566355822,-0.12875416279825613,0.09297670948913976,0
1.1530709287653242,5.598805839935515,7.77964791339013,0.4002924435092847,0.4719250335998031,-0.09313428694698205,0.08696452062086621,0
0.6355376014754182,5.288451978450942,10.452416174924636,0.5128093548521617,0.33131347980719655,-0.13833649531429112,0.09290613157961235,0
0.9170060948980664,5.453273736874706,8.29126157207551,0.5087655948058001,0.8665704727521242,-0.106345906571835,0.11725730301971374,0
0.3292413041597806,5.804752102415279,8.659438056871492,0.6445253746929419,0.593205502841671,-0.1062616521624539,0.15587220363821855,0
1.861428421266525,5.351980092429825,7.671801708348294,0.6197338257487401,0.4107082968913974,-0.012857154192942153,0.3849494435421984,1
0.5570572736399828,6.236172792966646,10.719702045866324,0.42587583949246993,0.5449480877877024,-0.1453534887991967,0.09791371356091251,0
1.4170867877014273,4.276892355700092,11.093302729927046,0.42138783499688004,0.1722692721916138,-0.05688320750904919,0.1782610994768312,0
2.422874861446488,2.428991641204482,14.068707559696023,0.42002679772160145,0.3906470815818464,0.03780293080686224,0.09069126008612506,1
0.5866356574965882,4.255198192157472,8.276910865932491,0.5521564021468275,0.7686804761331204,-0.18540694488731996,0.1820122123211461,0
0.7068558720963279,6.18051359184855,10.868622056448372,0.44370431409546024,0.44561326787644384,-0.12910036702008953,0.12909509977612194,0
1.0841604232121795,2.677566087083555,8.573211985327315,0.4659167708564636,0.3920005145331463,-0.20330205529646767,0.07968572173136478,0
1.2858595193388707,2.9916233139471924,9.568835539875431,0.370696429559943,0.257461488138627,-0.14716368818406578,0.2049374183077187,0
1.1217081178477724,4.427706539497677,8.453347190211652,0.43699834924445735,0.8238429998019723,-0.08456075972756384,0.02663931872896548,0
1.0340701726152504,6.042666472130461,9.508186813074468,0.47355038283496387,0.6919242846626847,-0.11699090402609875,0.0759839145529562,0
0.6453025089966763,4.136990221416754,7.129438102929689,0.37826077809524006,0.6942919112162999,-0.29154094956135945,0.28420452590922723,0
1.8058672855427789,2.3156488653611085,7.871525692465945,0.5544321355957206,0.5214154002238343,-0.026272773684874243,0.2967255686906546,0
1.1002570585452673,2.960026328477101,4.67622629500776,0.35676411450994894,0.6197487709750278,-0.30724181307049725,0.3532266165304682,0
0.8374383870129307,2.0981482895187074,4.700344522678761,0.45248681764796095,0.6874910086959996,-0.2969679771370624,0.08925108809657399,0
1.5650048788567326,5.84448796422057,6.707421265116575,0.4779498409042452,0.756374715623476,-0.05677304789892572,0.268459131468463,0
0.36308537121829,6.707920531263095,10.351264904450856,0.370312740395945,0.5278011451200122,-0.26245858795965393,0.09143598016123386,0
0.9309231107570617,3.4825766337956163,5.204544425772018,0.43459357338973703,0.4711332480624259,-0.23361588959467228,0.2510346670815521,1
1.6201729700092102,4.732615042613144,7.588662724113905,0.4122860142534885,0.5030595595065707,-0.06543966717664591,0.3848643376781923,0
0.6241438578676647,3.9130044532656982,6.3478743924347265,0.37088405973032973,0.43822425752773475,-0.30158344287125116,0.20500324612239265,0
0.5798395417926546,1.7782057839610041,4.340095887077699,0.40037381363427954,0.2188642408417548,-0.4711771979926836,0.208669017414528,0
0.5466872480025604,5.3517230822980695,10.67732535419559,0.4085025767643229,0.801543412022475,-0.2074023889868887,0.11399564713621224,0
2.257781097329154,4.661140826146212,5.893407474305395,0.42195545736661255,0.7135755319502365,0.0201117240877857,0.12372056042298234,1
1.62085707266727,3.1934263553413555,8.032818218838429,0.6093604506616087,0.9120316107706269,-0.03318165532368392,0.17024062154478012,0
0.9604099322128998,3.9782457783193528,4.678598336044517,0.3550834136397633,0.4679685529297517,-0.2866207909949012,0.15855522078715334,0
1.4469112256616241,2.2537304059060475,6.751253186701421,0.4972739317085647,0.7552923375260765,-0.10209411612359919,0.1794321642916387,0
1.6050520628725826,2.8316846668485587,7.881564386834225,0.3850515646885932,0.4772142235091011,-0.09811219470090728,0.26679793269884966,0
3.5225046184096156,5.201441149672978,8.171637231055485,0.5515152881623179,0.8804085355500045,0.13979757990766586,0.2166820699234429,2
0.9366427589289865,5.254766408205311,7.6911000973481904,0.39374570700526934,0.5317443417518669,-0.1418020126783184,0.10602158012318515,0
0.8943706143571958,8.114033935270243,8.36095532864048,0.6229993464103911,0.7575077957296019,-0.0759450702905829,0.0865877164578218,0
0.64255746530243,5.595222005421001,8.789952548573536,0.40076319914887554,0.4865508460651711,-0.2311254539397884,0.16380423555382448,0
0.9300090310888972,5.5588361056595135,8.53421565024392,0.5587132322895877,0.1179898293369402,-0.12925567722399148,0.08251070564649421,0
3.862426815665897,5.786698173077649,10.62938403949493,0.6644079623191608,0.48408242492576853,0.13903467789034366,0.324305155562654,2
1.3365474559773953,4.383967220750535,8.8786383543639,0.553467060475789,0.48292042131889484,-0.06289406860240836,0.09314711351725126,0
0.894455447005472,2.7211947340601106,7.702876367400642,0.5223545735607372,0.5697516778576629,-0.16231634497910571,0.12302128805630574,0
1.8511624919437133,3.783612938400591,11.57078008997983,0.37272802364454444,0.37672082587082784,-0.030334303978850324,0.3170048373323954,0
0.5316116792130047,2.273939877041782,7.979794847639031,0.44710433640402236,0.8203477756518187,-0.32622331062872634,0.24998226982006969,0
0.9019820389545462,6.129640182180849,8.517172247742616,0.4002392378382881,0.5012741937063533,-0.1694261788021834,0.1112946079846863,0
1.1218011085987596,4.384668068257232,8.113953170246912,0.4386027192251287,0.877797910520111,-0.16145957146077491,0.34534610540519767,0
0.42925729610962526,6.18164689304947,7.646929263352081,0.37913799777090007,0.5274415962603197,-0.2617013296536572,0.10321170249780051,0
0.32513197198166394,7.552723286045046,11.8190952532512,0.5763142825285673,0.5444331699268158,-0.12738798293944176,0.08847056533556631,0
0.7647481051220746,6.51570769585111,11.069166591319956,0.5209808572022578,0.9288421790813911,-0.118468980700237,0.09939358820517315,0
0.8478443838742878,3.8477919322708023,12.205272875535169,0.4518460184313196,0.14669917224906112,-0.15443399617516224,0.11371638799954213,0
0.4253898485562491,4.208618789818527,6.002505367569528,0.3443726809602082,0.7309165500482177,-0.2276104527982304,0.06768447895749777,0
0.5169851700441879,4.417090656434987,8.350535053347102,0.563058156378118,0.6828810491259377,-0.1693188836726304,0.14983071835129702,1
1.6043360204713883,6.145332917189455,9.483969727829484,0.5033172223501557,0.7577028028597409,-0.043587657634987495,0.14563006002428103,0
0.7578956598072305,4.6741982763803875,11.353322182165932,0.39687311768083244,0.8857595641431417,-0.16902153839308323,0.11720719501389698,0
0.5601475691977559,1.5439193329976988,8.350149089430731,0.4948442516970361,0.31381000265620856,-0.2977929285067001,0.2937644431769274,0
1.7133329059891247,7.220196932729759,10.515891455217822,0.5304389345777989,0.6727307624626413,-0.024090387920570826,0.247182224641882,1
2.2623925954693016,8.20407362708723,9.625159683916586,0.4011322153225883,0.33173825682333236,0.015173912436283271,0.13209704786371151,1
0.7533922069700519,3.07819512913793,8.430553747492159,0.3970963984784171,0.40544390355244564,-0.20827535915653533,0.24518651787591372,0
1.7022308443192655,3.504151328017781,5.42608818983667,0.4300621831255874,0.5762815267311693,-0.06999358704299583,0.27131008097060005,0
2.538276237932171,3.2153924507857075,8.062939116166202,0.41853973633056674,0.34178843705835027,0.08019275770596289,0.22552159826738402,1
0.641530837722943,2.1518212820213396,9.21842839057563,0.5487949382774633,0.5487206557639641,-0.1716012835959157,0.1234994815633108,0
1.0546605505483642,5.146689009265415,9.281828185817824,0.5102478818586412,0.26791719022176524,-0.13299229543886715,0.07506590451986722,0
0.8176267602560425,2.836491768334368,9.683053320378228,0.5034276210351866,0.8874067027343254,-0.14212065683565486,0.004817159659360951,0
1.1916193438109481,6.49381401338284,9.6364422888109,0.40504847742154915,0.5964221169046726,-0.12037798084096325,0.07909055424593668,0
2.0921970793579434,5.907228279484055,11.327058288409468,0.36579877959984225,0.48082524329374626,0.014763187191044129,0.18669677792484424,0
0.8422132800549892,5.841479866255914,7.71790616674179,0.5419897741694004,0.4279147560013431,-0.12490355578253391,0.11069925915541927,0
0.7440342834406084,5.476251828959079,9.053197693385588,0.3902104808230782,0.46799032300599236,-0.2277532751086502,0.08912120702281955,0
1.0598193968573635,2.4958421611752515,7.65077831968028,0.3964132685625836,0.2738345149543257,-0.2648017533780463,0.10695668103714795,0
0.83303745798061,5.955134975566613,10.296092727169773,0.4069205391210403,0.6063139841607776,-0.1264524103148965,0.08905805699886421,0
1.0824720606952387,5.779363056357198,12.791819648605003,0.4074192932977765,0.5983462321650865,-0.09694130283500174,0.04378490671997704,0
1.0028842140042529,6.217553518131803,8.892161315978257,0.5243867297007838,0.6797793372682847,-0.0815701687265932,0.25505649077879694,0
0.9749764001535659,1.8934357767859764,8.813362402694226,0.5490104843558019,0.7621801374307459,-0.08842751919970364,0.15760001567199697,0
1.387153138019935,2.7820465097197453,7.052997910569478,0.5393506441830115,0.7889758420806988,-0.09953262472706487,0.10592253760117494,0
1.6275800972345789,6.1873629299250155,8.69010937372218,0.476919745887436,0.7894295338771413,-0.03300398190206087,0.07681972288688448,0
1.9988605850707157,1.8573222947618013,3.6884022515802743,0.46369745202167906,0.505205204540318,-0.000384464605589528,0.6247680141133266,1
1.4116095184444328,6.689952905734205,10.101982435967955,0.42037778160732364,0.7715398611340061,-0.0491415614049702,0.11652005057896832,0
0.36902932689756685,7.056891039675359,9.118624956390974,0.4206157205214946,0.5881978701133033,-0.15487491328479205,0.046057819484557276,0
0.6000884817044064,5.107794834739495,11.315560770721447,0.5176542107241201,0.4111224908967026,-0.13119111246946014,0.08397975277052967,0
1.270040974507322,5.499658651326623,9.627899508161208,0.4247394159389533,0.6023320843401453,-0.11226929232071732,0.27378587019548534,1
0.9357591402477833,3.0236822745800227,8.60911103245609,0.37811679287500066,0.6706409441933682,-0.22316700732328282,0.10403875166567014,0
1.427625940700519,3.4172491990564233,6.000776079539375,0.40915862411729464,0.7510474408294272,-0.07960025964915843,0.047267621943924316,0
1.3131514006426603,5.601416444297625,10.126479097475032,0.5113841432868094,0.46703169568808406,-0.08240673533460191,0.12774773963254968,0
1.4798435019656024,3.705754766238494,9.462800041352697,0.45474767088067997,0.5400872864560129,-0.06759219170787224,0.21848041641615898,0
1.00214913434031,2.9738084520013697,5.246948136516926,0.3688413454192187,0.4064289208832881,-0.26542284504440894,0.19575046252182404,0
1.4361425392056542,3.912344114093459,11.760978773739401,0.3816745467439484,0.2208036406496711,-0.09203720545275312,0.23974304243147593,0
1.8725690090316098,7.090742024589477,9.462519246033244,0.3888323285207134,0.37720381799815905,-0.013618413446789492,0.21172673586152493,1
1.7893720610983206,3.751537634268993,3.9698265180096923,0.48090637229646704,0.694014319902942,-0.04716833122169578,0.36710282453872173,0
0.800571632162628,1.975439695729287,7.220306020659473,0.4538031717526898,0.8930828567560408,-0.24162838785461044,0.09697061829440107,0
1.6792374677974258,6.785266948943093,12.744829820184448,0.49323151304309587,0.8122268710840824,-0.019436368964549443,0.07365946098602821,0
0.9862140987885845,6.298508224363773,8.37639009206369,0.42307218868560403,0.5902946332354727,-0.06927131313707753,0.03445344579548124,0
3.012047043862291,1.846137943594708,5.541912267681907,0.3907774283387008,0.6288202906434113,0.22987060665034134,0.4533596756013125,2
2.8715226304353587,5.802019809710242,11.061668081765006,0.506986282723989,0.2235666252126185,0.09032362030195273,0.2075911131862813,1
0.3639754002546612,1.3640985011976707,2.8294521194392,0.3963696507601368,0.6524175823627397,-0.4365947096791147,0.051976741459838494,0
1.6619360425748853,3.629311502091656,9.70738494014418,0.5545278686137534,0.4210547668818148,-0.04617004610445468,0.3002963294303839,0
1.3014026205322338,6.0999311992410625,11.574780646479658,0.4507340884625609,0.6832521555047751,-0.07112170364350132,0.17034367121856211,0
1.7102933904777875,5.32110322932231,9.482822849234434,0.47519403976978436,0.48698051923013613,-0.03006490445146938,0.09779141747236453,0
0.7509262059031913,5.176104560078327,10.870505826111431,0.3598638699729204,0.8416695378562499,-0.22338272400831263,0.11439388752558118,0
1.231783292569471,5.967260783306397,10.23996754625387,0.5992414041743123,0.6413527630678488,-0.06516622787859636,0.264499333280731,0
1.0442630262179327,5.768877754366239,7.435165959117582,0.4938464797754134,0.5128616540590767,-0.11664839007893289,0.19142538384582036,0
1.0058388764898027,3.647869704866936,12.94095299022548,0.5840499687606712,0.6419960708715421,-0.06458620438909382,0.12107877353391026,0
0.6324321419022122,6.467677989160834,9.744998119786006,0.5261833691249485,0.3532403606842186,-0.12874469619475445,0.16424395718144696,0
0.564515672724164,5.926923179345329,11.235283488027493,0.4978492836337257,0.7173019284123612,-0.06273003039986291,0.05614764179057374,0
1.3964552407160373,2.6940780086002127,9.103448537227848,0.4594779216748024,0.3120412868505913,-0.1124687990443119,0.3430007950539436,0
0.47454071923305235,5.971258207187862,11.508764958592518,0.42227431492293277,0.62926778990513,-0.21282290374903629,0.11477638286573003,0
0.8932811731578081,4.933526316316221,10.54446303970689,0.4288252293810462,0.5455453718403656,-0.13863838915209,0.05761867335967536,0
2.843645988044249,5.224372004072735,7.398670660937332,0.4062513177982575,0.7577811727985535,0.0606531371858523,0.23908489146562423,1
1.4538468625513106,4.375567896080663,5.851762614347744,0.4023279438938074,0.4518060269000314,-0.09127919675457499,0.31943090369804106,1
0.6992308590612055,3.6485314389605223,8.361591766178,0.4886596847407267,0.8672231455297328,-0.14461582453659338,0.054761020585747146,0
0.4934457578143298,2.3408579353934504,7.198603400428202,0.5019645424566467,0.6775801015691217,-0.2490481191707973,0.20878982150697734,0
0.8571909849856593,4.649158851216547,10.235728251119822,0.45169764190269657,0.7045030238142079,-0.12141932239099891,0.06116839616453303,0
0.8730065142260549,4.49695625938937,9.787308385288188,0.38069754556962015,0.1228733721892146,-0.14521912777292964,0.10537626410659146,0
2.049193096353771,3.256350689411798,8.867908785606186,0.6549627158038711,0.6109078582532536,0.005801521578949717,0.31831874836878876,1
0.466785141219005,2.7460591462435313,7.0704538203616965,0.40499426974568126,0.10830368304663245,-0.38292953197965623,0.060345809533140345,0
1.270294713349964,3.4709236960061727,8.483812203096612,0.3992023749035491,0.5422444080073754,-0.11205381765829475,0.09717734441479615,0
0.46687312817531784,5.830237652745443,10.660696155030637,0.417839397066114,0.6269950254808042,-0.15919445403824534,0.05226892875549678,0
0.6864642375761525,3.6846176412528835,5.3837614996512375,0.4527791435466164,0.5182273064670427,-0.2312151442819166,0.0872970905197935,0
1.430106600832167,6.395208708158816,10.031421106814836,0.4274024920108085,0.7537982941137256,-0.034631156252065906,0.08663763932435181,0
0.6908141107461883,2.226496610405093,9.044182854112185,0.5102852487335467,0.852994131663243,-0.22498875266729457,0.20631315584398138,0
1.4908089312108153,3.115095458981537,7.96795773049114,0.3835476896432211,0.6652130357185887,-0.08921127295945683,0.21500732244950907,1
0.8870593426317285,6.717633030596536,8.855317139959752,0.4155897528570008,0.6767883705282374,-0.13164540458306653,0.1585738156676504,0
1.416690043626652,5.3935387645408746,11.964497686760525,0.618878719318331,0.6147647381881088,-0.024196086612105618,0.14839979263735514,0
0.9494049795699648,5.968295558618442,6.448638328985556,0.37607486903061277,0.5653253149855161,-0.12512479098848692,0.07695094974974566,0
0.5178435464479015,3.2049978813809186,10.139988047367686,0.4529755917785122,0.2267020249116074,-0.18014702527620335,0.25554467699822575,0
1.910096420072653,4.037940478155091,11.484938224064509,0.4545952730755565,0.6197949994493829,-0.01599681628536258,0.08059912226610645,0
2.279950610931991,4.995200154418439,8.884393774678367,0.4690749054809636,0.7025369900076842,0.0323871615542006,0.46139003056645345,1
0.9860195272535013,4.72025633700688,9.06756588543487,0.45789758332970276,0.5618734630396791,-0.16350618004052148,0.2553949662780806,0
1.2080119001467902,3.9972063932248973,6.9222902531555075,0.37710856040468566,0.24720752334040225,-0.20672771576275256,0.2543556116611504,0
0.6027630848275332,5.7083863900059235,7.675079065496259,0.4352130300874257,0.7457948398515933,-0.1560021037678351,0.11515876736977283,0
1.5471460224405664,6.071438115043944,10.021820639781211,0.4240347485530847,0.39590819586574993,-0.04884491664276301,0.3863000709938678,1
2.129722336913419,3.6965183617289745,9.736837378099192,0.3983782643550074,0.4372745591568387,0.02415261163427497,0.2028945224987333,0
1.752982951225525,5.630187698274988,10.09599597907332,0.34718743193244367,0.42981905937644965,-0.04114269788594023,0.17773933437692527,0
2.260590218186819,3.305888361617376,5.152239142673253,0.4116056835616193,0.8835706856101552,0.04746475456884005,0.18766671781559527,2
1.4641313053212763,4.823383211359734,9.491553594606238,0.4614277046983843,0.22701723625470346,-0.06414431267639047,0.04272334570299681,0
0.7783163177207867,4.0182867791521915,7.951937145145972,0.35982362989118494,0.6936275569179591,-0.2769226380033502,0.13442136809270286,0
2.832217520117693,5.360942968095998,7.098443294077898,0.39452441870789734,0.5989301762876391,0.14522986172377478,0.3938633934730377,1
1.2753334396717757,2.5186143684816087,9.2350081968636,0.4387375810464935,0.8239222183723651,-0.1249464893983034,0.09494686403570074,0
1.4574363378509183,2.88545909072985,5.648037544000579,0.36062503344754104,0.5844372577759122,-0.12640120660472343,0.26725505884428746,0
0.8919131254250718,4.43643945878151,9.695780610639538,0.5327594766991136,0.3247929670049283,-0.11434467237047474,0.11575736717131832,0
0.8149010968248652,1.545680378387154,9.688448130384405,0.48358140415513284,0.4824670973079968,-0.2803741123897963,0.14658948039436712,0
0.8700051243391282,5.1410230582748815,10.592343504626413,0.4495445615004776,0.4635746717648331,-0.15835991607291394,0.04885712539950301,0
0.6299185090898368,3.533386846242961,8.939934180025364,0.4541716261039889,0.68058323826999,-0.1484924344072677,0.07831650596096612,0
0.4569394528103454,1.7323873749729102,3.4992999935964746,0.596749313099108,0.7467670789901626,-0.2840898125865695,0.22668313590530095,0
1.2231699498618174,3.2565451695579646,5.026722142513653,0.33780911086650284,0.7198804208182769,-0.24428045081233912,0.2837961673453112,0
1.0646466175463358,5.245381951268433,8.938540678230236,0.430849304070975,0.8719376812240208,-0.12845360405670717,0.15665088790210827,0
2.6205903640440984,7.195719158456835,8.67352346970737,0.41161811632670464,0.5612143160668254,0.08556536841491215,0.16891493345166156,2
1.8271684025103334,4.513463430886721,6.948820694167529,0.4423216690402352,0.44922894650756406,-0.02492023177026989,0.2535952609358348,1
0.5624252688138006,5.896474976369821,8.261530984493485,0.4783438429310803,0.6016881974102599,-0.18829232028435813,0.10954608719651554,0
0.9159375728140018,5.931382968536494,11.323995461979424,0.4045724662244377,0.18711117230321472,-0.16071015256700005,0.020707532812058838,0
0.36509445981216615,5.970560436933948,8.86699030392736,0.5099265492408862,0.5424298900838489,-0.18000948937777023,0.11059852153141651,0
1.1846338348485648,5.210265949735702,7.0544924890066625,0.4183698128391614,0.34175702758701193,-0.13850124220391435,0.31137862605028294,0
2.590889063672021,7.513232104255488,10.243797295140448,0.48082075666720037,0.7725568325650569,0.05965968192595753,0.1823703046133772,1
1.1029125703803073,4.723324279396038,8.210816952874255,0.4246551292682984,0.8556984394648238,-0.15624017132521406,0.28980921500182855,0
0.8334898280906492,8.881718098418744,11.017534964475798,0.5012096454671061,0.4494646361671017,-0.09329962945209042,0.0645219784903346,0
1.480151103886047,6.09324644585354,6.3099274971786246,0.4133856422448657,0.5750972519996604,-0.07029544233497968,0.35023550306777096,0
0.6839923216440517,3.7282246027492407,9.593208690360122,0.4317347847621645,0.15538113812067625,-0.20494745697780317,0.23187698086116246,0
1.1505852004745547,1.6480413094038409,6.40006148606546,0.48058293777071753,0.6644087054539031,-0.1334492121636501,0.13852602855564944,0
0.4623490254872773,3.695871690193059,6.972007820324571,0.5712771849818999,0.7320883188323791,-0.22437445251636792,0.11244971204555436,0
1.8093487568258995,2.5183271872101898,8.693806656923115,0.45600178036286054,0.49910347931606003,-0.036510273168698766,0.31481138037615297,0
0.9655820166501073,2.911775647978953,7.79568145107195,0.5777223316184349,0.6230187003894885,-0.11448450676962837,0.19348429841578585,0
1.424625605082008,5.387088205020669,8.504761856033447,0.653421750597275,0.8090768426011872,-0.04576775445159643,0.19618257458348937,0
1.0523142104543575,3.0710425831231833,7.848493227343036,0.36331460059888704,0.6797330171783682,-0.15019795558554735,0.1635033109822709,0
0.9606623530362656,6.89432793510361,7.190237710075028,0.47532333963578843,0.6016291478782467,-0.12708699109949678,0.1456964583628791,0
0.6971702546912532,4.147487191777901,5.749930937334883,0.3722451378486162,0.8534567979016774,-0.10140275576133086,0.08085590906762688,0
0.8453947727961982,5.48518227283345,9.31004949337412,0.4753678492996266,0.521750726182341,-0.1267361550327211,0.19063857917750682,0
0.653976816154331,2.6197397942079275,5.155417495028915,0.3887081989260621,0.5958978648453636,-0.2597533476937653,0.08160055531222077,0
0.9505223414460647,4.183426781126348,10.910014289980754,0.434900236528763,0.4811244352617264,-0.1132755831134522,0.1378023627366229,0
0.8852927665800583,5.439618631048891,8.524217330724204,0.43368102018700366,0.6935433238694776,-0.1535944260026103,0.07213688046792079,0
0.5135413212863601,3.2958945300423843,6.74635903968268,0.5657804186241019,0.33479524224315643,-0.18736591907770456,0.19205844322756588,0
0.9413999373744942,4.786146364605211,8.545314073415605,0.338043662807567,0.8895433899858036,-0.18479788542745038,0.10798591709887302,0
1.3102278788330022,7.268087372643574,10.247707751643343,0.35005778500069584,0.5573852677535833,-0.10702914550784436,0.1999776189878778,0
0.4664433589617386,1.602789806982524,5.007751847919704,0.5293298019302449,0.4649366715076497,-0.4087639117188674,0.09182186476174059,0
1.2556618367058807,4.529322754593932,8.875450478177228,0.36584109546617705,0.436640807597162,-0.11956302195466403,0.28166971362820686,0
0.5948633130910916,3.235877849782463,8.494099940088597,0.4183207905665898,0.47707820173085813,-0.24349436321663176,0.13718346246957633,0
0.5223167616150437,8.264320320744085,11.947914404287287,0.5053528801501023,0.848802338764175,-0.1345609576661149,0.17658381081739524,0
0.9611012875907079,2.6263808698174067,7.513638923676343,0.3853915867414955,0.19128306842053588,-0.07174289590794086,0.041322421839874654,0
1.0743938343975628,2.462596991910012,4.355720408032294,0.3779244715702286,0.7128036918674259,-0.36011971037600576,0.37689152917928365,0
0.7103837824084941,4.375933446365426,7.894918123716973,0.48350593482765336,0.20187410442701384,-0.1142717042809203,0.12161911300036934,0
0.6679605485056375,6.131828534995111,7.786213146276519,0.3926760426554185,0.4884572620788153,-0.08527355290140519,0.12370604864365868,0
0.7887281540966546,4.189044585017613,7.164924326193214,0.49863139238261067,0.4829660270672904,-0.1374066822103021,0.11951934130266965,0
0.6425722527100273,2.2003467147574285,9.938152146733938,0.5759946107545558,0.4486430726619074,-0.19448783326073824,0.135016521071267,0
1.4509988228520962,3.5238643146700026,8.326863917712819,0.5613798005619506,0.5169678643008219,-0.0763646075272876,0.20721976849564858,0
1.607840345707339,4.637894880869056,12.379596505309523,0.4274145134359358,0.4241600256595999,-0.04853520412240628,0.46178568901998673,1
0.6293513082250438,6.524149910679538,11.207614743438345,0.41061572922456946,0.6503513715364805,-0.1700909923755811,0.20261977579940108,0
1.2751051261282433,7.139205635887428,10.24836060140913,0.49436649467297367,0.495213011063685,-0.07454582779900344,0.13938842337078666,0
1.8549036019087433,5.451528832817437,9.070276539035538,0.37081266259147344,0.5061927134031076,-0.020232670670589623,0.2713789857868081,1
0.30179441650847294,3.012646566278619,6.786935167033099,0.42175422618985553,0.40191768376840453,-0.3003645185222294,0.11595445052388247,1
0.7295666810335113,3.086945782735167,7.351586248016544,0.4460577111169796,0.554922126381815,-0.25624418202605775,0.22217663682021446,0
0.3645910869798292,3.9435790011724676,9.94400421720107,0.5484300490112229,0.78463739913454,-0.14215442762528732,0.07211005503173401,0
1.0491643403326496,1.8867859580548518,6.436083432722939,0.3998922520051847,0.6460761380802623,-0.18355351810069032,0.23387576977342187,0
1.5128572395414563,6.036739773963789,6.99483293713321,0.43675422938938246,0.606930499658574,-0.05457169676339707,0.13043337550403244,0
1.550618497941701,6.0217861432777395,8.09974030784205,0.4703928683142675,0.7516165324030614,-0.06178440641952759,0.16585712296888117,0
1.2811382200945485,6.457048019073707,8.354993597360709,0.5133752033450212,0.4075622487346507,-0.07679469547896185,0.176775849680346,0
1.6583832141156278,4.658891418578831,6.688072330693842,0.5710892365860006,0.34873246816149156,-0.036136621444438445,0.2815807700510199,0
0.4480519384570973,2.6163556995538726,7.3881351365057135,0.4150605058463824,0.37896808167092033,-0.24438011474846566,0.27260631327011764,0
1.062447873641901,5.41029614907019,10.585582415795058,0.5332680347480176,0.45296541036014637,-0.08625874966589586,0.07849288584887194,0
1.175860632809568,5.071804613534475,5.9582900413988975,0.3837543989763318,0.6148402796482353,-0.1538315937016186,0.20389534494956582,0
2.8316697070256653,5.718299139922713,6.666923876816873,0.41622924577869225,0.5179449773399797,0.11766621903852169,0.10044218056195432,2
2.1201960060193374,1.560028919154583,12.34473298091187,0.43795586479328286,0.6465645342366741,0.021654568132014905,0.33559123596718154,1
1.2851974360400602,3.966690278471837,11.382402508296273,0.3684092014937175,0.4237404582575991,-0.12381549990914352,0.1495275930437487,0
0.8022104598793031,4.3505707234891515,10.114168789901948,0.4826375808735309,0.5938947660604507,-0.1054784914821905,0.20893278811867622,0
0.4976538498442508,7.0732308750568915,8.542199714054352,0.38331591140002946,0.5786094453628741,-0.1979978910333959,0.05025841600494837,0
0.7852229660249423,5.228617709245711,11.15928100365078,0.3476936488605908,0.7061254146047662,-0.14021154126121504,0.056566553263082076,0
0.8719854940708701,4.812552695045219,11.497946656439213,0.3925904268353132,0.7173046814311562,-0.15718309614570222,0.032612913656414534,0
0.7374783590484464,4.571844163930122,10.480559396880901,0.591954217272909,0.3946862419277316,-0.08399047925016867,0.16467980005987828,0
0.5896748941107781,6.567633700899704,8.241876040892748,0.4056790515909711,0.5839099572145658,-0.12627527365160732,0.030285405963726454,0
0.7774703806205786,7.241690331963876,10.527608807639302,0.4252224971027692,0.403976894716612,-0.13654227779947406,0.22144921082107644,0
0.5591718826910244,3.260395582537194,6.682806304907662,0.3893397396533935,0.7831798738899375,-0.33570337641173914,0.2658880340594259,0
1.6608864005600248,3.8586416752422283,7.166813096836383,0.4036348129576049,0.5805149897592016,-0.07146404416036391,0.018823272405520328,0
0.3346028131150299,4.880989026199694,7.589670953780735,0.4112629767220124,0.3880725707964298,-0.12603586843502632,0.033177250506667776,0
0.622209579594918,2.9776560797342837,10.137599728644854,0.5039328785211927,0.7704272614500387,-0.2591294192050941,0.2274767152952357,0
1.1283633184116006,3.5388336133319283,9.991856767377833,0.4132205939454286,0.6039628139402403,-0.15140410519501318,0.2570779951308909,0
2.328775120808909,5.384548442403021,8.616911623993673,0.40417935849157477,0.7955831267730569,0.04440158662839981,0.06195499869424058,2
0.7603737819247401,4.254515309692357,7.726464023914532,0.4768929971967622,0.2838525157324802,-0.1980890508721383,0.16917130249306245,0
1.2597484690554523,2.362095863501939,5.473102858018984,0.3993794590436666,0.43644626095180894,-0.22997847772293945,0.40944921902105547,0
1.3424363909373256,7.653410669461676,10.05854714765946,0.4162801921951094,0.6023099870112335,-0.08232722501043391,0.1282562927519318,0
1.2411019865580877,4.189829693179327,6.099159435973009,0.4188133319164354,0.5593791228074751,-0.13161773577353253,0.20110631508461485,0
0.4412038221114719,4.16530004320273,6.393291505460617,0.6203775467349325,0.6950634282532235,-0.147935895248062,0.13793591088019092,0
0.9263915517332544,7.7766434728969625,11.022824206853914,0.5604356092623403,0.737952637625254,-0.08870587242045733,0.12998049126526323,0
1.489000219944106,4.943268552907028,7.566171378224651,0.5097153589674936,0.34420847856430176,-0.05224536044466952,0.1589032039441304,0
0.7643214558389626,3.4060342079767767,4.674778608322458,0.3899536225416389,0.8019912877588076,-0.3184220753463923,0.11977132215255047,0
0.594615290922749,5.448942899651659,7.4172725172429335,0.4033160299598112,0.7220512833538664,-0.18537504465340962,0.07338536251115717,0
0.912194007651253,3.429036498595431,4.483705760609421,0.40555549518016204,0.5729494504609199,-0.27086013212193155,0.09504377050459854,0
0.5819294729953488,4.239730952999791,7.573608228030759,0.4130713257159663,0.5439931870551128,-0.1977362170732885,0.22509658603806304,0
4.23500913979547,4.8627366822211755,8.597676227460097,0.3991961697617443,0.2707135610864293,0.3464768701029921,0.5854988801948939,1
1.5427338073160308,5.208414272789951,11.140974314068785,0.5419401112645638,0.40181897748818135,-0.042683507925914486,0.07663189713299255,0
0.8000578988343257,5.271507682473495,5.724766384653447,0.3923379449778282,0.3208539324827492,-0.22442827225841502,0.10413302564767116,0
2.2054976763665866,3.6378782445381463,12.477736210024851,0.42090884497563325,0.4493378954485615,0.026188910570968657,0.23278625506812783,1
2.3713962580366856,3.2206109288052462,10.757723353885906,0.38286219389542214,0.5793221851703824,0.0641312782945257,0.2837543351227743,1
0.9185254555215296,7.626715280262054,10.06385569734123,0.3990888621425171,0.6122214229032035,-0.14003146026262644,0.25827229747490926,0
0.9600702097136241,6.539273128110812,8.627935367693354,0.5621532074237553,0.5528877794437174,-0.0731664515601143,0.1341295055491767,0
1.0836654631951712,6.730331817050885,9.79070604849303,0.40015433976054027,0.5833611445819442,-0.12190299304844923,0.2659254709227602,0
1.0425985288048556,0.6163410213940027,9.34558592672265,0.43262401142978774,0.45844827299769725,-0.7241455058093873,0.6996541716663569,1
1.8146780363903896,3.864571080080327,5.512051137388912,0.6023746477315333,0.6687613720736324,-0.01946722509797513,0.221646222181383,0
1.4284731141642082,4.29010937800065,9.524938468998789,0.40714113679567665,0.42863503736030995,-0.10561453394932248,0.2136771330953415,0
0.9340081781157827,4.931511325000111,7.456337595819791,0.5031908595726846,0.40676986151732253,-0.11217157375391654,0.07491253513302108,0
0.5127254516729559,5.87446514621287,8.378486153916588,0.385726266711562,0.08676131814011893,-0.21412962427933588,0.11471115981553821,0
3.120504311607063,4.388969221197999,7.691811978307048,0.3523266465008353,0.5389506422422657,0.21881589317124378,0.0715240420439262,2
0.8225187573255782,4.232332168621904,9.493170218436047,0.38311026856251795,0.8277506596646104,-0.2031040881275659,0.2538066425665438,0
0.5355182842558416,3.869603524619968,8.195320343476679,0.43913885212291054,0.9169736641440636,-0.2077780869589088,0.04850249786676323,0
2.030895512401367,3.8485461839907873,8.361150998225215,0.6262691486052309,0.8428664169797212,0.0019361842054199938,0.17470849619143605,0
1.1143285522746453,3.9600121365619025,9.568106807233878,0.4889995005044754,0.6564304714937494,-0.12525123515101333,0.06400986679413136,0
1.511318221677464,5.2683293741570525,9.27154498798295,0.49094428861606115,0.5569120784200332,-0.03820255639636499,0.24700948840073195,0
0.6613408347363682,3.7707001043635744,9.710980756608318,0.46055612204963664,0.5950866771171582,-0.15103130554189784,0.0736185370532058,0
1.448199385284749,9.480191228865744,9.781283068285244,0.3456971322379071,0.4687251418658582,-0.07927281337361829,0.24207177585148185,0
0.4969915637170427,4.382161980510278,5.297655327883757,0.44285953029982794,0.2687527856025468,-0.29024273128681954,0.07082538922908203,0
0.8385764812183468,8.37773501485538,10.262016158348446,0.47754663198218417,0.7440840048740784,-0.08947087514416456,0.11290378665456581,0
0.6338179546995311,6.17875655331081,9.29590322584967,0.6019025937905844,0.5888075773602214,-0.11227396656548484,0.09834965725478965,0
1.0318826068560856,3.8353266204370935,9.714214720059044,0.45052956200341315,0.30726513375919884,-0.1650953486828627,0.19247222857022092,0
0.5075165947355667,4.5761277745072455,9.983447428934904,0.47159459089270933,0.3695262294829701,-0.09807114638413522,0.17298378837105985,0
0.9640415046516222,7.90631692962871,12.672491632872328,0.4230106913089701,0.3640121941801333,-0.08771451331488866,0.11320681214022926,0
0.41115345096399486,2.7532919938692184,6.4371328943200465,0.704990620313865,0.22704598541335655,-0.16937131079100207,0.1815506789921979,1
0.6867491739422497,4.474988017935,9.602956089181392,0.3789849863973493,0.7440141821181258,-0.244060644967346,0.15738405094296062,0
0.43527367893176033,1.7785566493332385,7.896346893734737,0.5934713927953714,0.27202723925623234,-0.2745367438982803,0.2617014946628633,0
1.2446486329476583,5.258140381049718,11.480206153803456,0.5876607689486816,0.6978553614321368,-0.054744256499874126,0.14126414522546715,0
1.2142110453803274,4.8146425420655214,10.85261178793055,0.5210821753939495,0.62994521983679,-0.05099082751703993,0.09471818631028496,0
0.9103026660682495,1.194491134752766,12.86531498009684,0.4354271514065507,0.5917990293479148,-0.3191018195825747,0.047405320281129905,0
0.6366457385441213,3.4376167110370353,10.699562764820923,0.47343897714165023,0.46590614535200114,-0.1459750604518742,0.09992406532954909,0
0.33483716479279146,4.183023475946883,7.56109322292612,0.45768217504254377,0.667023606856053,-0.2411540217674612,0.0935578585605891,0
1.341623495007869,3.4207470724989437,8.297263423940036,0.5186539023557228,0.6739433729800994,-0.0998384614695742,0.13777713837271086,0
1.1927403072235743,5.713971055190127,9.113211297637697,0.42108902190812514,0.4800416976672071,-0.07863549411389896,0.05483525155348687,0
1.0889494166596005,5.103208785823139,8.760351569815352,0.501622318899299,0.29975720649270915,-0.10754024035715426,0.3884885171192018,1
1.1150963930022084,7.154584156145368,8.166770044110134,0.38299661439629396,0.49701997352779537,-0.13218747222301339,0.3097329682484005,0
0.5077285741561879,4.550447152415558,9.956255691898901,0.48953960662732565,0.39104169322492144,-0.19509410265752702,0.14328947966213332,0
0.696063563803044,3.692192190612925,7.969078386316257,0.48026633396780405,0.7668016579712886,-0.19890119334516168,0.0778511474327766,0
0.5456758716144994,3.729679837290917,11.33567492799175,0.4864951496698614,0.38986218227314257,-0.15433213158933642,0.25619176236585084,0
2.5423179934112916,7.724757092868415,8.890874831804494,0.40316712357434115,0.3653110341415346,0.07538935769401102,0.13640978009031018,1
0.608778517628007,5.584914788316022,8.44400992327156,0.4608023570496543,0.3112364410818156,-0.18577503953158436,0.08970185948095173,0
0.8939900917826985,5.179622010425467,8.446941304128279,0.6299236852465455,0.7280127662530483,-0.099456187939648,0.11403355328314796,0
1.4457182519951124,4.497484005105049,8.669496708925845,0.5044695638194129,0.7045073518066322,-0.08029394168981975,0.0929049453120536,0
0.8628854235399432,5.945645843172278,7.811951884489686,0.3945867466773503,0.3068230323846423,-0.12870267236051486,0.1232097810528729,0
0.536105160779482,5.242189335368147,6.883158045236566,0.47643092413644084,0.7901942607504853,-0.20463439221905275,0.11519642781123313,0
1.372562322121538,6.340656464831494,10.623739487190079,0.5857569498894319,0.2912486971293923,-0.06222642498257993,0.16928744075663857,1
0.6521147862496205,3.141987557648283,10.516462951900367,0.4429266095902529,0.4091083009171266,-0.17297366938728276,0.23973929890148094,0
1.1400416308974217,3.5197580382944005,6.529433409674044,0.47949871249737963,0.35010390423464427,-0.12608519859883893,0.2794537679473026,0
1.0859882170435655,3.047081208249102,7.592588707791405,0.49000219667793415,0.35948942595360284,-0.17041732490503217,0.2843466385794213,0
0.5014601756015409,8.044168027056955,11.750845699172991,0.458186683841115,0.1481747545910357,-0.10592254830717307,0.049486079170109394,0
0.7894901057721819,6.308470782945705,9.678479935245177,0.4609194312376624,0.5998734959308719,-0.12879918290026796,0.31473198251764267,0
0.9984960056749285,4.4427545963104995,9.76586638225605,0.5509412801264623,0.5106879043306463,-0.12513264859029458,0.1167339066922531,0
0.7171366924135284,4.372737725607469,8.659622379439623,0.4325295369522708,0.7870013294463567,-0.18727683992598962,0.0874299249741339,0
1.0110234679171357,6.231452095697513,10.762705730715755,0.34800448004573065,0.43829015874027455,-0.1142061915502405,0.09670923041317392,0
0.609439678241815,4.882611113255773,7.496245442925313,0.44563499859901173,0.5047992886407513,-0.2349884279049561,0.05195309451412302,1
0.9285062040319518,4.070560301079616,7.930455406116773,0.5630511580628478,0.3082151952313992,-0.11973767268954766,0.4011444206930343,0
0.9129467361871413,6.626098863286676,10.565142142806147,0.4457520521540898,0.5491177075947599,-0.13480827828772915,0.14932643749317231,0
2.259356540987161,2.313980673939889,9.193903133302275,0.4539127333355418,0.3051932642456562,0.03851307643297589,0.5586533740873854,1
2.334333377499334,5.371265633250661,10.145864961202433,0.3737964488390079,0.4117438331946994,0.037778945425742554,0.31328000472786305,1
2.8072616435629754,7.51374988158207,8.666099796847357,0.5726816277639729,0.5031915648188138,0.06229367558376621,0.30025877247452465,1
0.597080921833405,6.181730316751666,7.945865662885813,0.45696283106062857,0.9140567671250281,-0.1598806448301439,0.13337509697385094,0
0.47131724882946835,4.6763835047173945,8.950010894069585,0.5893185780299115,0.3433497458747999,-0.1300175768801842,0.18537202274520023,0
1.5306102471884844,2.3965817699567022,8.20130895686125,0.4630069222135111,0.36553493421745714,-0.08607018797671646,0.23227679812932595,0
1.6179629589051594,5.7997871354888835,8.305136301333114,0.41270684631411725,0.7230542543257353,-0.04562393067058516,0.1584033099269613,0
4.990752945852704,6.692229043616114,10.187736881213892,0.4822302334181736,0.507645303501619,0.13151935324408143,0.2762558308301881,2
0.7013185270788385,2.1432992292053843,4.399380430384305,0.4068475672025408,0.43171803904063016,-0.5355967683566845,0.06765042373708549,0
0.12439224525832049,5.601221315341641,12.258460361421985,0.4711358327199486,0.7524898069929709,-0.23903901560711693,0.08108565806988417,0
1.6541184353952898,4.273437946161042,7.4772065110234225,0.42853818760383566,0.4641029626979528,-0.050272147065225384,0.5066882402974523,1
1.9283081947573768,6.320253638746104,8.591089669221006,0.4165377170724667,0.4118334598452165,-0.007417930620228794,0.38203921520559236,1
1.631799924667403,2.374031535110875,3.1733250079804374,0.4463033048603389,0.345975215605362,-0.11862257062547327,0.05786572984855603,0
0.6622128762906627,4.945663683659212,7.758206677673445,0.5659911704076264,0.7820356749598272,-0.11118718111895912,0.06501446315766066,0
0.7416028317984741,2.5167482800420578,4.325999745490374,0.4537595038843119,0.5619199121246221,-0.24753909393161364,0.1889745259768582,0
1.2704963209440707,4.329416158420984,8.544247447509248,0.41318999854938987,0.5391759464235738,-0.1525717947941004,0.10379015405236079,0
1.5095971599188385,1.9955387596997038,2.9160129278994744,0.4288228250729097,0.5533467509950762,-0.20324281949855172,0.3820663169074338,0
0.5478396458914462,6.823081536429722,8.213311914851246,0.3817467761528208,0.43340929026103825,-0.21013194265110488,0.0966443540224319,0
0.6310903786828109,5.500509295180926,6.892186334017129,0.46593266863994776,0.5615820767158495,-0.22190633824892023,0.108362983585039,0
0.22843994815312646,6.642201912299595,10.516551922915871,0.43275542344944723,0.2762150421272394,-0.24368763952913935,0.08343542469668272,0
1.0516239859996377,2.445496854639878,5.814516721334369,0.467706476254902,0.37926616243245675,-0.16335392443724964,0.22749278745388074,0
2.3674433473818093,5.7416702640749815,6.604195565811048,0.3471261071402002,0.6950527923755827,0.04326428095900643,0.10767416422069451,2
0.8378982732016341,5.387077958119867,8.137695046071753,0.46267389947607307,0.7734191925332408,-0.16269806624942557,0.1340318326898848,0
1.4610898467337583,4.433671895374238,6.2619213494885875,0.5119738605633888,0.5870155650375981,-0.09292118273140125,0.1193695157149976,0
1.4603725795126874,3.6990227850523625,6.4160781628221635,0.37289212197973687,0.807982702461709,-0.12450004292221523,0.2043078241500387,0
1.8052559830578754,1.5854673236884427,10.12978873662112,0.39353012070582527,0.7635229163440542,-0.041417187538888664,0.22431022518300447,1
1.7866992756715177,6.337384430391434,9.336091971617552,0.6194963658762562,0.7378672928161761,-0.018948052559661463,0.19424850028721283,0
3.8645353347482545,5.612933479161748,12.71344684003521,0.45736619287462704,0.4494889732108094,0.2295588936141469,0.2773532551642773,2
0.40425103741292007,1.1940723289033348,4.923675158679767,0.4656923043317469,0.4622750192055269,-0.5191831114556937,0.08873534783737429,0
0.5957711743767886,5.527407283553855,8.568048501044737,0.4417431332808977,0.23648138720879724,-0.16244139605171645,0.2079540925899002,0
0.706481847025945,5.105046832533586,9.602026650485891,0.3888650313583343,0.5783722424889212,-0.1966572431851005,0.16184985719150635,0
1.4184623568879557,1.6975263314125952,3.503348749145222,0.49940035286203344,0.4561556168792686,-0.07959976552232247,0.29056577923997234,1
1.33283343179604,5.478386145851797,12.61523970206505,0.3872086897758725,0.7442712475315814,-0.09239284295437089,0.14715550226737864,0
0.9407365601894625,5.3045457733405454,10.080022934600235,0.39460664896374403,0.7484113591930182,-0.09958909924366538,0.051304436951233504,0
1.2890509843657083,2.765069995982998,5.783126530243981,0.418864115558149,0.5931893868317366,-0.12245893933129265,0.035341516793197025,0
1.153318481227158,6.790727059069526,11.134748011923435,0.4079196893786019,0.9013607686384262,-0.060167793535186885,0.06081170845986897,0
1.741619869831847,4.368103618060094,6.223884719140244,0.3664579073694959,0.6549262947154962,-0.05531770242636272,0.2534163759343742,0
1.0037878050961038,2.2494326526245434,6.370401742401898,0.3767519588564235,0.41045747866232685,-0.26852299312229766,0.2153962100487298,0
0.7987167989958729,7.287088276677443,8.823266096077147,0.4270143462341801,0.5431109138809703,-0.13414740318880092,0.06975252975130744,0
1.8893978328031154,3.637648207157332,4.717093489038032,0.5495866015365025,0.5542422920437345,-0.020548501168149488,0.35751323357415105,1
1.3763845200301037,4.789362727829606,10.369704997354475,0.5031741517135513,0.5746902084851726,-0.07714622431317172,0.19550087217416345,0
0.8203467975250619,2.3814045198837204,4.894114926102667,0.3687983156820376,0.5616018776384409,-0.22196307463731366,0.09284701773046236,0
1.0667668944311925,4.747949947275306,5.309274143980993,0.35825599758684396,0.8161101053300743,-0.1815634303948233,0.20033950381357632,0
1.523077872977234,3.87322867178365,10.467390004474266,0.43929546330562624,0.5349926802421878,-0.07956046601990413,0.07701424334242099,0
2.065371060279693,3.315373249213427,5.561527448172146,0.35758395286191624,0.8194508990478869,0.01568612838182052,0.21440247823102865,1
2.781513237317794,6.988198288250643,9.756612399475495,0.580434275046926,0.23260416337509776,0.05752123752053022,0.28058729070651917,2
1.1756755038496145,5.3703357974019035,8.242810976208382,0.505586864768179,0.4404579605563605,-0.08642858316805287,0.14323232305864594,0
0.8265553638780855,7.112464936644446,10.020478349224062,0.4633648987554991,0.5092772248370816,-0.12892226116301356,0.3410646511540469,0
0.4969719317410291,9.185840280206287,12.296804312106852,0.41255882151627327,0.80536703430041,-0.05796655893370635,0.029774787622378326,0
1.9466369225536124,4.6239765376114,10.369075723354674,0.36847271525005204,0.7526740941963037,-0.006600439048663504,0.1874681787895162,0
0.402786897090019,5.182734365406807,9.482686599424326,0.46381577211777,0.8329649342935045,-0.1965914141449293,0.04194858560575249,0
0.858052866945231,2.9099113851931566,7.202075677191336,0.5761751459878457,0.7327312352863713,-0.10334701941586735,0.1720384929102253,0
0.9406495713330314,7.934658627386315,10.157951075902458,0.433039637436931,0.6703491306693798,-0.11069782749678111,0.08177052272657065,0
0.655544071007484,1.4957733664327184,10.97999650891362,0.609473939179622,0.42100053498162,-0.13204983829468825,0.19704741987713292,0
1.3252750817803205,2.6495141252903025,6.063142961109643,0.3719562268818721,0.763367809026107,-0.09608103367559048,0.16033661725557286,0
1.470642736740123,4.208470382719567,8.246444303866019,0.4748843614951774,0.9379467431927401,-0.06587867997701881,0.048066707058724005,0
0.7218291941380154,7.438420195002974,9.203554352929494,0.44325854143503857,0.680811035249893,-0.12899439090556514,0.03786529830616388,0
3.918466285756636,5.459705114362833,9.520221960615373,0.5463285414106582,0.7440131018989014,0.1684449916286623,0.37141714840860973,2
0.9571950687194516,6.1761867304607305,11.488672301936726,0.5109698709888559,0.6068072586342219,-0.10278551331101403,0.10871006222179559,0
1.2821444682526355,6.472038880851887,8.932525415752075,0.4383751028619341,0.20860858179883135,-0.09310619739472585,0.10558507015785808,0
1.0154631563779277,7.4029159249362735,11.481753351979357,0.5002298806819131,0.8329408167948456,-0.06491366729836873,0.20518925886730752,0
1.873773948342605,2.6241727289339525,6.827922462287537,0.49135047667054954,0.45615029756195147,-0.01834994640887192,0.13525804039268088,1
0.6876847992660234,5.568375886672122,7.902408955812418,0.5907573457351083,0.564337950580665,-0.13489745740474962,0.1275820304030666,0
0.8693093436149616,5.495337421191677,10.939085392615137,0.41130272155851394,0.3968686806521693,-0.14827256534126082,0.16168022801492293,0
0.9974874907197048,6.6171412328608135,9.734713202549464,0.40978909709969424,0.9461897328404102,-0.09289659044500168,0.19192584011063848,0
1.3849045833141929,3.9082651136493904,9.39291683231487,0.3545746110880706,0.23674679868265763,-0.11549540350203845,0.30326423980165507,0
1.5732924887004527,5.223055503525544,9.844294123328469,0.5009243817635946,0.8821759341558733,-0.05002874212232269,0.15420101023177646,0
1.0420978455366094,4.354239752391362,8.171361829637297,0.43623406255579095,0.30127677848016077,-0.12870770974527826,0.3477198400271737,0
0.6853809774656288,7.41607151940005,11.420491212072166,0.5707003650126679,0.5968632063982093,-0.08878408089926654,0.08458987049993674,0
1.1838043467032118,8.461286413332898,10.216367430679435,0.44463053030324684,0.5821406627611523,-0.04454778506633994,0.11434132486902307,0
2.2821641360569043,7.5353121888386685,11.997306159046847,0.4996272662911681,0.18265612243652837,0.022653242356903507,0.1625826698481147,0
1.3211524456171897,3.8784784007054953,6.186805888841303,0.3694295289371813,0.5523853479802157,-0.18836630376556285,0.1896211767555985,0
1.9298325159092495,6.869874287129812,10.982335437202408,0.49899105640045766,0.746711841917197,-0.005579855003721065,0.22700444680678417,1
1.8504275411992368,4.223669419946535,11.029039765588385,0.5444803351752608,0.7279858765214772,-0.01595088680207777,0.262601173766371,0
1.8455512781209296,3.439665283927701,5.317823760043226,0.4634474429504167,0.884985273053468,-0.015761464552445245,0.14983333024132434,0
0.9481214812485919,1.6346191957367007,8.00504948704747,0.35531624887940877,0.3214375093204347,-0.37575440041176,0.13320686596257456,1
1.9694534741501941,1.5167744826141403,10.130567982497285,0.3632757814021941,0.6902246285579122,-0.010492455117057585,0.3031944128192335,1
0.7292146952386019,4.6517039866137315,10.466451770927398,0.6080377513696876,0.6383773545327657,-0.11611226080955425,0.09281996829049131,0
0.8099755432232327,7.119408837560195,10.06682185990157,0.4043000673986367,0.7307247755799536,-0.09265212180749596,0.12100691668677425,0
1.071135749122658,1.4086758925371023,4.489899398581166,0.3997086705557942,0.9417993670257822,-0.39422160358249153,0.5389284341650541,1
1.2944412913247132,3.0210934350365743,6.793273661985257,0.4293293547864374,0.5849289883717902,-0.1541606391353821,0.26649346449911926,1
1.600287454140118,6.257257720011225,10.564550588960358,0.45479278234077514,0.6187542714580545,-0.04779228037484208,0.024812098322783745,0
1.1118904145405661,3.1312891022888625,10.023081243191625,0.4992225894854127,0.40970168339317,-0.1112882759454637,0.1584923737295119,0
0.6050660891348328,6.472401659572176,11.235670491190152,0.4592865556030366,0.2611627017667744,-0.12366756727190065,0.09873042701417764,0
0.5555875908835448,3.026252507389534,8.508066927222586,0.41568399484923296,0.41797435239128944,-0.3085511297025528,0.15592547824085334,1
0.8525084671683161,5.185545649706291,6.722245623045613,0.552602065711032,0.3875299249341757,-0.11758199234103692,0.1342614837037697,0
1.3108411699679554,3.9096457029520235,9.266779822305542,0.4267363538880707,0.7656442625372043,-0.07042599349952329,0.05391572477766246,0
1.0188874402338768,3.2649039121679073,4.189025870462877,0.4855222985385771,0.6117374370591199,-0.18535860561902828,0.33295766122311454,0
2.4041001658627583,6.1610608644318665,6.92127024586721,0.5472616332329268,0.33452496323361514,0.03462231344017672,0.31690209996241053,2
0.5762064356712361,2.6935052147872534,4.575384605937143,0.46769324335669266,0.2763959131163342,-0.375586459860091,0.23385539949136183,0
0.5110017332914853,2.2777077553902867,5.484230592720824,0.40474900296444083,0.5397616890205941,-0.36625342289574575,0.1471811259799666,0
2.205121262852998,1.7398643552974677,6.631599818205236,0.3875742750146134,0.43064161433933634,0.052950432457734384,0.13479050975535475,1
1.645833929542567,2.543584327089923,9.039170499309861,0.5035045231084758,0.38922644281893287,-0.06237709330352968,0.3647875102655043,0
0.9179648316290572,4.7186247329294275,9.682671984807248,0.45605860431056816,0.6793559923304406,-0.1815656521843687,0.023218860277404777,0
0.4845741889633308,6.0655369575618225,6.834198944639285,0.5394886950919404,0.46482855401820095,-0.1866552212740206,0.1028095047708198,0
0.5754723725992779,4.079903033675222,6.9896496860692725,0.530076243099388,0.7962191962504891,-0.12243108171879345,0.07590928716146782,0
0.9452142329725738,2.8814977693639503,7.030107503074086,0.5526994934362636,0.7048116067291194,-0.14675245710026538,0.29589603189780017,0
0.8401398469988333,5.161885576680405,8.589519532473753,0.6866493340870677,0.2078210838924116,-0.08891268379441682,0.1415078932266945,0
2.093888521408657,4.62186618023485,9.520370436459883,0.42957474250216005,0.7515804331207867,0.011390695825007522,0.17645575403579428,1
1.2399900183349963,4.616524112976658,10.69664028684965,0.6038432923252424,0.8901177586289549,-0.08150534063317984,0.4152036833589508,1
0.8104121943486644,7.856121562421392,8.594351158830682,0.4381063051131192,0.5243995965678786,-0.14660387342976686,0.19378762133561267,0
1.2981082041994512,4.687111466683695,8.46247301808157,0.43753243487521726,0.7100126751050857,-0.09207466466674948,0.11283781753206444,0
0.4811708781009998,8.002456873432076,11.30878978190445,0.34963488454402025,0.5793155155711956,-0.21905326423411065,0.12215099065288368,0
0.37484851550427595,7.932592451300979,9.422753947924184,0.39433145054229995,0.5930337178224083,-0.1975660856330296,0.04860003772464528,0
1.4400821156035555,3.012055713982535,10.616963579291099,0.4367697663149566,0.2526068811596062,-0.07272951804248062,0.16081708317234453,0
1.376729994175874,6.169190121611379,9.339164866751814,0.36134565239410615,0.44394796463464803,-0.08060179264671793,0.13455237094662137,0
0.9067144759679155,6.293457367501994,10.916919842600036,0.3629646813738541,0.17607731134039178,-0.10352946742246151,0.1761824493360645,0
0.962488507452447,6.7125994264486115,7.34505000394736,0.3623902009867555,0.6425912043732916,-0.08132079829090277,0.08850118721842082,0
1.1343830567713096,8.595636609350098,11.203459852575907,0.4481267163076595,0.4904897129739713,-0.06509622677730924,0.20690476917236933,0
3.051464691500536,3.840260315449543,10.380191168281652,0.40336118383254665,0.1647962641232752,0.14164711300188418,0.40830393401493753,2
0.35111325213142147,8.041585823443384,9.915463667684298,0.4932813595227611,0.3440888594186121,-0.14996611641466803,0.13007529600599674,0
1.1663280160838454,4.102549146851673,9.050841835431271,0.4777888579061915,0.623869184431121,-0.1268127908965573,0.24106851149187952,0
1.893711877390893,3.442838703370082,8.45422660208424,0.5192222957158622,0.32846026100922326,-0.011613699354215513,0.2410405148039367,0
1.3350283475557279,4.929114246370622,11.099435299284647,0.5111764997152236,0.5780495260991486,-0.074468214210954,0.2174107369265279,0
2.087674091946528,1.765680791602518,11.154622600560902,0.3806847824343021,0.6104626277578885,0.01713948040350638,0.28665263460310064,1
1.0782114696704366,7.396422137729614,8.52211646025183,0.44077496213092315,0.5594220176345798,-0.11087826793388661,0.1451989894900593,0
1.632391837001192,2.1978312881412716,5.775878276127835,0.45940347296477074,0.7510769533787879,-0.09346576283024498,0.34704346131453695,1
1.3239883399605985,2.9897169239521877,5.972916416263724,0.5945380977044776,0.7524373720034325,-0.08357933886101541,0.21039952014184785,0
0.9440776775317526,4.337310913579092,8.790754104739277,0.4069378908056571,0.4615931072113678,-0.17766914648037524,0.25907635707761173,0
1.5033505062558605,9.00878876387726,9.901881967073406,0.5421509134517742,0.7905154105428926,-0.03704675983598856,0.21922020551875918,0
1.5951712572911696,2.736222504512867,8.985030368447347,0.5556167689340669,0.9399754955089339,-0.047233040855217734,0.07587834691095789,0
0.6295215712372931,6.071960589002275,7.676267629787115,0.3964066456825447,0.555892835980214,-0.23099181954465242,0.2707789034770738,0
0.8695075932708836,8.629012751589702,10.0599877510355,0.5085890907024234,0.7708393399592078,-0.08887072735267068,0.04457426718585905,0
1.4455631399231634,4.7419576616936245,7.005198613568757,0.36137436189645816,0.7353991163716166,-0.09432749884812926,0.19238796735334568,0
0.35980290978614354,3.605971686149566,8.7967323548578,0.34467927763346234,0.26775736368039194,-0.40818114986297604,0.03726630607758147,0
0.9457416730237733,3.64685443311712,7.108156352982586,0.3687095709951734,0.7543638574572167,-0.14430442326768958,0.12048145882020314,0
0.8025477800236971,7.501514974753682,8.252286300099692,0.4929812266639299,0.5961150187527172,-0.12675498017502068,0.2685497427755492,0
1.9247710274014531,5.82860739140283,8.39513233781929,0.5151397102381737,0.3071158022087754,-0.00919671635291272,0.07519980867871517,0
0.4222935305592805,3.2193885857645697,7.704634857925533,0.44614483581469117,0.4069818233069056,-0.2441459657211571,0.17198146889361982,0
0.7595430211625102,6.543325026424039,10.386961348807928,0.5232469393180735,0.7983279435037866,-0.0868828133827642,0.13011637164166234,0
1.0875486791598805,5.291469904093959,9.33840857174809,0.42983256530152286,0.538918093897609,-0.12160435173510319,0.0864440701910557,0
0.7136777627375659,3.075148102009374,7.155361212890837,0.4614748062584312,0.575516961222915,-0.3037952389096757,0.2885708099127727,0
1.1953469521436262,7.636954056399195,11.75593024481581,0.6419704387980544,0.8041377566642609,-0.0360312736409512,0.15337079162969602,0
0.936862439842226,3.4063592046168605,6.493119005590914,0.39537187686254854,0.5809940253551363,-0.2757187066171168,0.10258490640907213,0
0.34967719161440586,2.633063058527862,3.1073110759932567,0.47031487817886775,0.778130869181308,-0.48204202137441254,0.054022531233193664,0
0.7245585948428164,2.6279854809704064,11.29931947798484,0.3910754664425306,0.40285742059628415,-0.20926360595215893,0.11539963538312449,0
1.0764529890468497,5.586189270969181,6.995019486120162,0.3931764491631741,0.6362000810441711,-0.16719846410299116,0.21717325663857961,0
1.4397054730669694,2.131039151976395,8.422503879343434,0.4054754991267331,0.6345921105419121,-0.08463154400590982,0.047558167328424564,0
0.7017186125163986,6.137929862591092,8.693682727848213,0.464582248551699,0.8636552875863894,-0.17119844106207258,0.07872217904351862,0
0.8775505885570014,6.419839455267315,8.87329698212636,0.38400075484767304,0.31944916522646855,-0.16375147747685093,0.010845207792161604,0
1.0444719670634433,5.702933876061348,7.830996559784784,0.3898139353473985,0.46042111877758257,-0.09847646330196126,0.1632008876547978,0
1.3393811883275621,2.2263130570866996,9.05479454456536,0.6221764363797431,0.6211973447369572,-0.09323679545372825,0.2652354003048429,1
0.6535035313857529,5.3827268633041205,10.13532834457837,0.5576336209688522,0.5949148056574337,-0.08909698632280072,0.10793097585240466,0
0.5448363657833036,5.702874721489809,6.44882877079647,0.630473209978711,0.615158838404722,-0.13620208744980697,0.16625963286480733,0
1.247768059688883,5.040027451460568,9.547868490689455,0.37772728360669383,0.4574036170901804,-0.15952369909223232,0.06166812740971685,0
0.8616648356307137,5.166026554539535,10.394513383205624,0.3594348085690207,0.4733281257628473,-0.17388446888408776,0.1541287448619042,0
0.9626506674575678,1.2256082532942751,9.00955279753233,0.46539280264737115,0.3800102745541739,-0.356993866917006,0.22979460135606336,0
0.705523531801976,3.4929597008365825,7.135808755325611,0.4874280996999115,0.9391518726645428,-0.20051655629985832,0.20026144753501768,0
1.890435272564964,1.3455778937349465,8.219876402196672,0.43467612346848866,0.9147604381736281,-0.02098119598145099,0.16913385652240012,1
1.3028321441910118,6.2142512093348685,7.023356427208527,0.4175455880946965,0.7483357315663202,-0.09982722963502583,0.03254859365403334,0
1.239318421560647,5.165888418104445,6.187127427046378,0.37206612195852135,0.6592350286293536,-0.14754310978044474,0.10319975287732154,0
0.6286692392356973,3.535369594721692,6.876674459503671,0.41907565508730754,0.47250470559310703,-0.25731509663608104,0.17234622477932002,0
1.374778350511293,5.714475036704374,9.069440450189934,0.4253509981114206,0.4905503123840769,-0.05820489690792649,0.07254863371610766,0
0.9559371949594504,4.571825215918733,9.579016964279154,0.4796707612828456,0.8282066435057788,-0.1098794200720758,0.19557362603982276,0
0.2435496451758398,6.696135605467918,9.710063140077136,0.37220388166668483,0.40547923499044947,-0.27484952421355385,0.03622518571361924,0
0.9104710851499277,1.5552676205957168,6.555567744712525,0.4892313208415648,0.8639279546427332,-0.2655902815043378,0.15153088222964756,0
1.261429113182872,4.411307933706734,5.475786685026426,0.5482573763647608,0.6185437100855197,-0.11179615470919353,0.3359847195506446,0
0.41183052569086687,1.09875849249267,6.3896944862104785,0.38213436610407964,0.783321808402013,-0.22547656563921853,0.07817462571757894,0
0.7638484620623058,6.8093095803093195,7.3810140290773845,0.5152566498419383,0.4216383606693796,-0.13166256245247954,0.03591748925004086,0
1.2492810300587411,2.0281113707450054,10.803377680120619,0.4016537186374603,0.398213107094201,-0.1361039003854484,0.40618173937416024,0
1.3244273911188666,2.7220981579371384,9.265050692184174,0.4355108109816425,0.6029103477103696,-0.10023203950809242,0.23933419804504447,1
0.23574369881630797,8.484982472614037,9.504202293913163,0.4051059761244769,0.6522146399680365,-0.18134085411327538,0.057481356007716866,0
0.539224707405247,4.697164316249609,9.487053025393205,0.42722700235182126,0.6496048137563638,-0.27066859983037295,0.01630799709262206,0
0.5162170928666365,3.451853468667562,8.093847749527242,0.4482940072557553,0.720122378782284,-0.2426577996614899,0.1570140031757621,0
2.4083660910041376,3.073379503765924,11.85044719773268,0.46537650127258096,0.7708121240468641,0.04549916168362618,0.07457419902341011,1
1.3775728873280944,5.723484744943083,7.8796761812465395,0.4660746960246599,0.41217681101452125,-0.0859997022240397,0.0758726965616443,0
1.0108708197078926,1.755475465977953,6.422656900012683,0.4282530921964326,0.4470627644022534,-0.21761738460606408,0.039829893100706115,0
0.4391130884277279,1.5536998656210497,6.674400652631594,0.5920066894797481,0.23150192493379262,-0.29754652043791774,0.34863071312419075,1
1.4873764617988414,3.4332121452921593,9.192297511567702,0.44983616162130435,0.42726264295890526,-0.05807809156053187,0.15923623625298586,0
0.8811537043168207,7.545969853371249,12.924257525716987,0.39431059641306326,0.40837065125143296,-0.05547024331427937,0.059220433407380986,0
0.3597651364985769,4.931804792798162,8.057725667457905,0.5471795922527838,0.38356622761567205,-0.17481228494366693,0.10237138810594114,0
0.7947764784857059,6.230648781855956,8.634541071142584,0.44409569228965057,0.7250124370706696,-0.10089268704540297,0.10628311347711547,0
1.638555369994355,6.564295647957991,11.299008373874736,0.39920651408829794,0.3757307983316427,-0.03623016971466992,0.025519057910116473,0
2.820790061394057,3.2487339699821245,9.873840648675692,0.4522299412090764,0.21568307771035733,0.14589533913038483,0.7097389204823972,1
0.550370928185807,1.0436216179228952,7.564315520518193,0.3891519546343293,0.7076200594957992,-0.21944815425588474,0.0543072916235798,0
0.8355233787928286,2.608719828912071,10.288570644394001,0.48505135151111034,0.7660198982601871,-0.25734497542950185,0.3944388200830602,1
1.6651124965365862,5.983179980947605,7.242385844237007,0.47604654364034754,0.6491746443402383,-0.0286268473663379,0.15360135825027074,0
1.752066418859258,1.8711377234032864,3.7979518160310857,0.38536540040404355,0.9144087751791482,-0.09683326485418171,0.6280595561265585,1
0.5474235995149486,7.07939767810721,9.12814569084892,0.3821006755627153,0.5695360293262551,-0.2260318688051545,0.09601084780946172,0
1.0643387810683373,10.001977697214572,10.65985019177381,0.45948706532108635,0.6459504939793734,-0.08026283559058826,0.03744062519073944,1
0.30128092693979996,4.855928921963404,9.442029550268106,0.4323494692657508,0.2572647790092135,-0.09178513350929737,0.03197096386455251,1
2.2010084068671407,4.762922955841746,10.71890478102564,0.4205717044098821,0.7758973403182483,0.0122152116410662,0.2824058987918941,1
1.4650429425519316,3.0194402724500136,5.589431104563736,0.4405088031034573,0.8360490238830094,-0.10911081256596007,0.126179249294649,0
0.7783146425065016,4.7775103916795265,8.178961762249974,0.5085556201236063,0.6325423560386593,-0.13871439957989756,0.16998433942805424,0
2.279586069508296,1.4060772611727756,9.811866031038855,0.6575904612765203,0.25389756705363264,0.03813239289356212,0.3454118108551775,1
0.9805840996784164,7.533406908836433,11.97712901237688,0.6240997201977235,0.5525258902815113,-0.03801191086149516,0.1585525570102709,0
0.3515728492576845,6.5407360318264764,13.482786837410385,0.3762344837940801,0.4390289351581065,-0.12373422501207855,0.08529076171303202,1
0.3189521432610606,2.609166853822154,9.672174436350126,0.5194217806259103,0.10177372330021829,-0.1925946504561296,0.20463885261274217,0
1.1475313176189825,4.048982896839971,5.796993968410694,0.4895571887432065,0.34443224643690346,-0.1632969758977689,0.1709718240978405,0
1.086183248264801,2.0322552941441874,8.884757549328729,0.5162727877127035,0.8716910679286838,-0.11202228269379512,0.18694259645518502,0
0.8741587488828583,3.1958986007203256,7.988746968526881,0.4015099486375405,0.7240397860945105,-0.2502079883961153,0.2289405826827626,0
1.4337755840965825,3.128631401089628,7.796647787567479,0.37599574479685455,0.5831661503614292,-0.12485815651471135,0.32697731103039385,0
1.511122944512866,5.181718749365838,8.613771980170382,0.5004474792316045,0.5482584259174184,-0.06828642622940725,0.3061384059363231,0
2.8799984131529985,4.7265438344296475,5.928631282530494,0.5467001365397068,0.3274204932579298,0.1265945625709213,0.32476953299659517,2
0.9651336381208991,4.148508215365345,8.631743337773129,0.6067971632881417,0.7529320639645513,-0.0951288612347063,0.28121294599400803,0
0.973096439286701,2.064455131689786,6.819216885503001,0.5952635383945881,0.24066469360871115,-0.11172486425779621,0.20551691369218544,0
3.063369975718281,2.189335736406443,11.081751125499807,0.4203506706578475,0.6808483719715361,0.20095649181755257,0.06817326194820358,2
0.48778107380342206,3.0255235393524353,6.3328888418208376,0.4737876692000633,0.3311954563180896,-0.21356523356241217,0.1646009908556295,0
0.9989202979233426,5.24594034046806,13.43706737784343,0.5324469705949417,0.913558079405545,-0.08711200516938156,0.11761108185814487,0
0.7060395622147946,6.521781865988119,11.328273072911673,0.4805831995153276,0.5286498199861607,-0.1421021922541434,0.1825256988059976,0
0.9090874472368811,4.49649328664457,7.821502570471724,0.47653142911455265,0.6321247935968454,-0.16483487235901642,0.1201865958581085,0
0.6311604795521966,7.264403314049277,8.49176706438964,0.5889878971416005,0.5312715238023392,-0.09863067823973501,0.20595457016493607,0
3.4302434351227986,3.2106266332519864,7.611852272286022,0.41666545982349673,0.5725477751071427,0.3527650410916051,0.6096592071248254,1
0.9872132068431213,4.036802824159971,8.318862268082167,0.4558765587011009,0.8585102632595251,-0.10337758064918103,0.03901799566797288,0
1.74419578904754,2.577515744116032,4.172845562647717,0.41345837579231404,0.1518129084954239,-0.08140056460126385,0.08486817512957753,0
1.2796120018983914,3.3600412515327904,5.9042747606676835,0.4275980213879706,0.596120691649003,-0.15781089164502893,0.2291309277581966,0
0.24398178932138356,4.647771182596047,5.97626800623006,0.5082093097656527,0.6893148052821884,-0.1605067738329954,0.09279983628300681,0
1.1115345741860114,6.13051270000389,10.403998394837952,0.3838056604866638,0.7512323425058487,-0.08669977118849174,0.17053237894422213,0
1.248818489891526,7.00102968833142,12.536726886740624,0.3516681721276086,0.5849412413970928,-0.12285838947874168,0.14443792621068255,0
0.9177737281090247,2.60193123921794,8.253410216780825,0.4265095419443904,0.32169463491484723,-0.19584803539942855,0.07760176016859086,0
0.9145695659572088,6.100754083604763,11.83060497204052,0.34769005833832806,0.687379848966703,-0.11261448174320589,0.09477375127070757,0
0.8267700208129127,5.549949161531986,8.073198341857802,0.42330487266610645,0.4411717430677138,-0.12529322299786652,0.1031937516185975,1
0.637856585145378,5.018647520580106,8.346060890452351,0.3999115258541877,0.5530297618739515,-0.2557592184335248,0.15388480938159452,0
2.550098165407248,5.927392253623022,9.208510725105278,0.43183018684276075,0.5424937448596429,0.0665133416362489,0.1724327661494859,1
0.3729704738697093,5.389439934823427,9.36084944261189,0.5241751152381854,0.7655059169557099,-0.19694173919245733,0.07249576377616711,0
0.4668950967231877,2.389178516692346,11.072065840680924,0.37162913899257016,0.4925965199058343,-0.3692218473608475,0.13484993541348891,0
0.6495203563560665,0.49891540462761,5.242672399545205,0.5079286283935037,0.3219639655996118,-0.4885147050104226,0.4357532019990403,1
0.9324022263768257,3.2218408963784237,3.5408025463144708,0.4159357858959214,0.28898998893619915,-0.19002778131790826,0.12256536299212863,0
1.9113375892753302,1.8651652740267461,4.947068894332966,0.40573941990757756,0.32124918819203746,-0.0240829670411942,0.14703306480699885,1
0.6033517602637624,3.5064702806799954,5.533805681237588,0.39990020838999774,0.6660047138348599,-0.3777985369775786,0.14645310517089333,0
1.5658829658203521,5.501813535293459,7.735507000898384,0.3640061332003579,0.2922783253010421,-0.06657069344903097,0.23084180745709235,0
0.8157416054905504,3.8132408851802073,11.135218838326704,0.3928960049356269,0.25656840796833236,-0.19615225230797712,0.17065141252783972,0
1.1597238557114455,0.8270899311440022,8.47493725679209,0.4653865393170846,0.8574289226143719,-0.214975851176665,0.13866774312950647,1
1.5130763391455806,5.127638473161416,10.967450600628027,0.4815234848915499,0.22784079836934001,-0.06753221140499102,0.14239871044526817,0
1.306040465964575,5.708958875122906,6.950570920985473,0.48541361516251863,0.17113481270251574,-0.0843996748262029,0.23877611140198254,0
0.6795706249118546,5.219504355551578,8.205401700433296,0.5520529627739618,0.5164199499865821,-0.16224639416306919,0.07112228701446026,0
1.257567207714308,1.9961230221415966,7.37971391328858,0.6743330791816063,0.6508553828507122,-0.10032438156257992,0.3145845017062944,1
2.584188393884441,3.6951670992070706,7.762210339532398,0.34798727472910584,0.2361825123880477,0.04234109665398893,0.17714094302793204,1
1.488322398690868,6.210653979618054,10.254105621820296,0.46519066392833824,0.3598139954789174,-0.03154730448520323,0.1332652825463876,0
1.3330725305002114,1.9902731542656533,5.080106718298278,0.44221265241912866,0.4889881990474101,-0.14864585091664614,0.17376337176960863,0
1.1868916197930948,3.394492246436181,7.793942026954492,0.42593959345574034,0.5046800983391663,-0.13368216873408775,0.018348648352561822,0
0.5861107211456202,5.318897939775502,9.985017503472257,0.4152528528651452,0.6323825825142902,-0.13666238809327402,0.07410418845047957,0
0.4671351008346506,10.156403036498034,10.417029336388381,0.4419865086952506,0.45635482243899317,-0.11797803631354424,0.11599106552597648,0
0.5843447313961546,8.605314066506631,10.388783549697372,0.41373766300761755,0.6392986595078535,-0.11485380601966692,0.09124717985735462,0
0.6482661449744433,2.5182265589272665,10.050543214171713,0.4217827359169322,0.634169717564241,-0.18006620008455024,0.10446067660323832,0
0.7890991949424235,1.5742405256781407,4.433815487671508,0.37718131295163065,0.42963408154807187,-0.42657673892369663,0.05238816243634658,0
0.7187516949350734,4.9051248445570295,6.64946324862892,0.4593121451980713,0.3600167710889167,-0.21130101593624856,0.03306049189199322,1
0.8946403218586834,2.755674616491193,4.004450294794528,0.5427531053530386,0.4658215388295052,-0.11944125578760702,0.0444653226273579,0
2.3453505838613533,5.329802860068702,9.476594754689065,0.4349500296514205,0.33744600057747326,0.05274453319994418,0.28913014662921116,1
0.5314711539309452,1.1241325756949851,3.9595008322001077,0.37530148395784624,0.671773021698964,-0.6934364471382175,0.10042094522371432,0
1.664294136808215,4.920196773014282,7.61025276395116,0.5010760248746443,0.2989663801428703,-0.03905371341060707,0.058820728846291796,1
0.8804389984973088,5.5769708411817565,8.465182803409746,0.4684220010304216,0.43355550995420905,-0.16188219255799807,0.27687695029592196,0
0.5040431492805202,2.12887774838935,3.7438653534304143,0.3404735358870868,0.4349383251550354,-0.805203875863313,0.18464465609526803,1
1.3602408272514463,3.378250173984838,9.06289253157739,0.5467514906369755,0.48954594048420874,-0.052379828521941396,0.20049390166778108,1
0.6956826970783871,6.182250626192005,8.882791038691611,0.3930055468866317,0.5986320811507652,-0.20962364313738874,0.1957295244409994,0
2.020114257943771,2.667887542415091,12.477921744812997,0.43511232759968954,0.6841343948000522,0.002643047582136296,0.5164210725364876,1
1.4613265939338922,5.686415686354754,6.9475350689385795,0.4954063572298684,0.4954441317391291,-0.052150417982152954,0.33376711178759616,0
0.9314175434209383,7.221868181558922,8.753837830494223,0.4246861960367561,0.38117765701198975,-0.15014630347156105,0.07383792222805086,0
0.7258847065333464,7.848045908437404,10.02808360733162,0.4502571189866716,0.36492366918149954,-0.1515608062966535,0.23764917451493692,0
0.695889924484683,6.077489858436554,12.86884581168253,0.4409911746725865,0.3359225683070274,-0.08125670074477338,0.19630734102736738,0
1.495392381680938,2.2257261022897294,6.011171716446961,0.5276155052915312,0.56480262302986,-0.1160525530242926,0.12071973110504039,0
1.4262872219337503,7.305410916234065,8.99095927080025,0.44592788078809453,0.5208188134365235,-0.04474976286736314,0.27486137593799054,0
1.692393095086901,4.724933465344419,7.4780554313391345,0.37708934633612556,0.6120559755362319,-0.07108026638668705,0.18154319903209723,0
0.8369007088299342,5.319476200601463,8.290205331189817,0.3483856492710783,0.32199474384323845,-0.21050264889018094,0.06272897601144924,0
0.5586034010019518,6.192537577090165,8.571820400021926,0.45882422410765855,0.4923880455917802,-0.13692075634823483,0.2910684790877809,0
1.3344768185843114,8.117872117461285,9.791298664195994,0.46829088776701155,0.17169542325188805,-0.07708029829004369,0.08674686483117319,0
3.3192651246161753,2.866953028762178,7.9559791981205015,0.43216538449873765,0.8466362889963934,0.18151250161180713,0.13714110000808424,2
1.011863812798477,4.094830709531972,9.4566257587274,0.5247919649766298,0.6421585752891905,-0.1069888705045432,0.028147469673605836,0
2.4136973772278707,4.025484713198559,7.62993944513605,0.4437849278054035,0.8888995786479265,0.06598693972902157,0.11938250949238648,2
2.904623618012884,4.980382718529864,8.866053437938312,0.5817666845654882,0.607304353285059,0.07281006073444307,0.24360596144437877,2
1.559067941313053,3.4010931047218818,9.313926319807448,0.4235337881367108,0.5317833293962902,-0.051344226160816346,0.11404473027836606,0
0.9874234091995793,6.677258238417201,11.704331264561826,0.46976506532172935,0.26529215796593675,-0.0812333459694192,0.046833111094210934,0
0.5614752836070482,9.129999242781919,14.335736767945816,0.714943193287125,0.23061017532918332,-0.05502329621654666,0.15174699900530503,0
0.6249777727931994,2.3781961970321097,8.044043759329533,0.5433189147316071,0.6888691497278814,-0.18817359877968085,0.07359940612296055,0
1.5019855414613335,1.1372650264746709,8.085193422616141,0.4024294957867508,0.6576696068196216,-0.2075960838030985,0.19878042883670224,1
2.932424289518419,2.1190400194119072,8.461385828172777,0.5125138214743624,0.9700020057043327,0.13056750839058648,0.07764494479170632,2
1.122523390925229,5.77589108141146,8.685305652502597,0.5198533066564655,0.4554499291615111,-0.0834974973887197,0.11750979937549029,0
0.6576130624522967,7.940925148251938,9.463380681125471,0.43208428773900087,0.6843757993735522,-0.14592434007927316,0.02929930687147458,0
1.6306903712981924,6.212865804669372,7.2323767075914684,0.4934795742968826,0.7848264235740128,-0.043134838752292654,0.16795086598969478,0
0.9674932503831938,3.9637068577274337,8.637683294816474,0.429891515866786,0.4432259009271437,-0.18583007708969398,0.24869468033098852,0
0.32348822469376076,3.66258978454623,6.10807826322909,0.45723275823660064,0.3756020205374906,-0.24142952461869296,0.3311546488615507,0
0.9769672358568566,7.608488973726543,8.39035843324201,0.5621996038452525,0.7020764656140343,-0.07848239058199306,0.13328470196208,0
1.7023743862067595,4.222605666248045,8.922769342192737,0.38230947509261903,0.5327468375360463,-0.0617744208057773,0.19694404626697273,0
0.8104218149224961,4.4110884052782655,8.081364862284907,0.573146518143754,0.5995289974095118,-0.13368870461421592,0.09765881362568876,0
2.2094105179177568,5.772985388839803,8.773127312905297,0.4363649534661402,0.7515511274011337,0.02208289928872182,0.26273769916558387,1
0.6285170336277227,5.284066505968806,8.463491760956254,0.5480210387382167,0.43385918798713524,-0.14012631250302887,0.1139523737274135,0
1.1601445745278256,8.125287402283778,10.15926080554144,0.3818057266099737,0.49734029732422724,-0.0833101253542785,0.10519543746601866,0
2.473152474525873,6.328582756319947,9.99426516308507,0.5108728651123334,0.5775505883213831,0.051306357131393386,0.6014058276917149,1
0.9435649409879482,3.215157959189787,4.05471108274503,0.44890044690832964,0.5201890302870866,-0.30928588408216684,0.02718773926495306,0
0.6063466591114475,4.806553004965415,6.198749657594372,0.5844461607321929,0.759681172155855,-0.18205642592732516,0.189955936284893,0
0.8856497661020357,2.577249194175591,5.414271638011318,0.507402834047959,0.6976182489182008,-0.28161743939474165,0.33185381878461123,0
1.5754560700037803,3.7239118964043185,7.593832500089941,0.35803871771798157,0.7298528894499702,-0.10498991771940222,0.15226677429448024,0
1.508138622222772,6.452713239393699,8.380717398463458,0.5126282355986052,0.24066802818704164,-0.04137693960998525,0.0680826210720311,1
1.1735291255220617,7.798371718021871,12.570902618287754,0.3408138897418147,0.8039300511070304,-0.12449309880094558,0.23918580284247057,0
0.6767333743057048,2.8701491173785896,6.391606721431504,0.6019337494533639,0.678463253071374,-0.1793169001548318,0.17250534822547076,0
1.2282588497498999,1.9123793487473992,3.552619661667497,0.40207154087395025,0.7544356399080702,-0.27921675332914053,0.23052694570885057,0
1.182042619021999,2.3831238482548756,5.59851687287185,0.3932167784721369,0.42232667189321543,-0.15436129624263953,0.22585062711238382,0
0.9191413333439776,4.69996183532605,7.792229717426967,0.42718913303893385,0.503524014732544,-0.18861024334021365,0.14088291719807716,0
0.9428465968254373,6.412951351902317,9.552542521546462,0.5575790450937348,0.9741724610199066,-0.08812309931696671,0.10174321048687682,0
1.507408227658131,6.532251614601302,11.145620237675573,0.46131602984750397,0.7146175919244944,-0.06222904814683297,0.13636578813139133,0
0.5479991802658941,3.4513634195271736,8.526714014030416,0.42667328544393246,0.4797599422619393,-0.2297425126868249,0.057800235818907586,0
0.6264243213973981,2.595148314520132,7.468862655886347,0.48681775379999015,0.2588793597908183,-0.21870286095726102,0.17100201867080514,0
0.46876424153469337,2.1464916551699447,6.293055985044396,0.43378688166771,0.7930105186247471,-0.3400416982228614,0.23259256371658787,0
1.1609250571564498,7.5384228081782245,9.49877538439734,0.453410818674991,0.41941885591597255,-0.0910277966192452,0.07842697701558918,1
0.7986167676048836,6.543090843732875,7.364572815384669,0.5316300164522672,0.2522370958350534,-0.0858104755119937,0.09290483708130705,0
1.941773521135792,5.385614387308112,6.110789654412889,0.3842322442357642,0.4003789302522304,-0.011714678733471248,0.10359135940243072,0
0.9002685367356112,4.0973703201540665,8.903772945204135,0.5256831456010733,0.3607475792090193,-0.09244325328396838,0.14929525325311618,0
1.1643037049345997,2.960763072208936,6.192154734178202,0.5148565186607221,0.4091037779701992,-0.1807185232897164,0.22020174636305434,0
0.8634094666759442,2.2407123420842296,6.268980259166064,0.47280735173256605,0.6062212072622373,-0.3173581448596839,0.5755579069318532,1
1.8899031347834925,5.641118726154823,10.311859480504046,0.4214679602509113,0.7071654999509731,-0.015489635004640009,0.11625200461506666,0
2.181612684970909,8.606994343904917,10.739981252303968,0.5303335229097431,0.5845673764161674,0.012398482242898282,0.2675514245892903,1
1.8036708126795702,4.040562572227118,5.436740316974878,0.38192547602197496,0.5001090001834352,-0.042962410793729575,0.507060106356585,1
1.167935947710862,4.216472256901252,10.18884899967907,0.4676877544176141,0.7794541915130933,-0.11177389936446491,0.17180474599503529,0
0.3767727859515635,3.3057266907810248,6.9920196836729716,0.40618077397854185,0.6957341232632669,-0.3502436364858197,0.07660546642524477,0
0.6656267505556135,5.216458754791291,9.28350761201218,0.44710213938803905,0.7731457746981085,-0.12573606701760576,0.07940891206415897,0
0.938425760263804,7.224894505357785,10.592980672963321,0.4894595519347747,0.752647251196384,-0.07280385107985936,0.12068963056560697,0
0.8577167393532534,4.131674203569602,7.1617530011678125,0.4822224829816046,0.779003236333427,-0.08298149816189372,0.14830144880107213,0
0.5459421928052964,3.4934095869425854,5.886789423627696,0.3452609668617146,0.8284893117080473,-0.26966455854809906,0.11220458374461713,0
0.6857036187181434,7.152322067171804,8.22932798698135,0.4182743507545887,0.3657267872206701,-0.13523807510535724,0.1269577338826637,0
0.5226175442707328,4.204287367628411,5.636593926018639,0.4395793272322003,0.6805316690959101,-0.26741985802146306,0.257566433887123,0
1.0704153364530327,3.35194817291519,6.425240359779113,0.6842023658810691,0.6615124482217994,-0.10603304600553173,0.354930691002003,0
0.9941859472199457,4.38158565675043,9.390224976775018,0.43587222556497396,0.5833952104479099,-0.18049712904983958,0.24463547030256644,0
0.8698974023155517,6.290966832403506,10.02952912309987,0.44649299953892757,0.2729941906144001,-0.13714192619179408,0.212269217103812,0
0.9575483013663698,1.7134761433618495,7.120076852659121,0.44771423529631676,0.5367527958231626,-0.19379813206845872,0.31175203971121246,0
0.8098567959711971,5.233490455426637,9.38624508255401,0.47311761250298195,0.6568067468204958,-0.11972741194825873,0.37184243106894627,1
0.8967696417509593,4.865588303171327,8.077808667194462,0.6847391323780763,0.6561555826231378,-0.08657645817524749,0.14388806402320953,0
0.8317979172290656,2.1306529693854155,6.390644949529347,0.4550451505695249,0.7457697379915272,-0.23744404976637726,0.23875760790129802,0
0.8179024493729296,2.8543112455083657,7.334049817573466,0.4694826963900249,0.9352198984749044,-0.10306027040281723,0.12225555309944894,0
0.4919743607911782,8.959384038564806,10.172870091507635,0.5915410605005157,0.41367839913197,-0.10451656844783869,0.08948556283448189,0
0.49033044685090654,9.044311264174796,10.272657959828974,0.38245088878221306,0.5192909977783539,-0.1412488750822787,0.09214348862091325,0
0.5873178999401749,4.429953491798413,8.874172070740022,0.38282747301336956,0.22754714042901475,-0.1442509827867682,0.10268957762884202,0
1.3810216827595745,5.275584271550092,8.476924281567088,0.48621865598714276,0.8165190262912105,-0.06780685416923575,0.1621834706623301,0
1.2463233221632544,5.203351121160955,10.603080159508558,0.5611736111085136,0.8283660079118969,-0.060181707448188126,0.15294737016409146,0
0.7292692730062647,5.547720881083277,10.915728865385649,0.5110994137192735,0.46566994313910454,-0.09493415904074474,0.07791897091013156,0
0.914676519610544,7.203841341722494,11.800419122612192,0.5208532959211037,0.7642938571609743,-0.09735024516434311,0.2728554761830805,0
1.505889794295092,6.511461628412976,10.028478216914156,0.48751161656011627,0.3353185430993511,-0.03755353429498408,0.30530099884385065,0
1.4756638216683702,3.378198132764864,7.681723111578091,0.5461634344151671,0.28026974847429104,-0.06774269406839835,0.37709147793731157,0
1.2497880531432006,6.006335833000135,8.40600584432412,0.44594751396402416,0.23722695469219662,-0.11029032282246595,0.3829730467111399,0
1.753783976781176,3.098261297967542,7.906471885730436,0.5837038332255896,0.7736585211885297,-0.02985922781292603,0.2149480074569081,1
0.4409504129277934,1.977676185687231,7.89744911850485,0.5085076293872159,0.30406510376812335,-0.2705851916258166,0.012663386657712404,0
0.615468370995851,2.223848968405289,11.02877832689411,0.39005460510672413,0.660305462348207,-0.28985800662965827,0.1685380102145772,0
0.4522460681260995,1.0759464115324424,5.9023905263897145,0.43045990358047015,0.4104495133324987,-0.5132726763937193,0.1446560205324684,0
2.0721019187433614,3.18987718466453,7.553283558082153,0.5453036669818899,0.7809766415893341,0.007142225540625673,0.19858592710035414,1
0.600689840150712,6.682394484457175,9.112953194618292,0.5323917577805698,0.593488897335559,-0.07301932448210684,0.0758139609418352,0
0.5838732622955802,2.712327240480042,9.91180700790513,0.48701150936369697,0.303453412214102,-0.32140245864984707,0.1940867371533736,1
1.0213185677046133,5.050218825723813,6.072597073653006,0.4404360820904791,0.7258620255150379,-0.15657051917800605,0.030042255528723742,0
0.88984316227339,4.602157563770761,8.234220148059032,0.4768395599836279,0.8257397756076859,-0.1278823339693677,0.16247343724516647,0
1.1284111841434368,3.201925102254647,8.042940776280972,0.45570289722093954,0.3982271438460705,-0.13980659239988275,0.1745415265823145,0
0.4259103903448768,6.13661294537763,9.247562576612617,0.45221787963893434,0.48337349983984634,-0.1906102023898429,0.04320815522396655,0
0.7565030322680603,6.085026194299765,7.056434178378662,0.37065378615619665,0.6573978922154573,-0.24844445320345127,0.15516143955613468,0
0.5260775629590011,4.207035743670052,8.092587830189036,0.5000629377373697,0.7020658973498528,-0.22418128714600993,0.07189695323833147,0
1.3569373819726895,6.697553800715556,8.79201996672379,0.35773796161194393,0.7666174030390982,-0.0769921965583056,0.13336243492493527,0
0.599653442329574,6.01311784381684,8.4319719170209,0.450823917420223,0.6267704077819806,-0.17203345391973135,0.23323658415942286,0
1.6169324335683772,3.143970942634708,6.606485058669887,0.5357532688619104,0.8689944844809772,-0.05103999253257634,0.2880570535326194,0
0.8066198204247784,6.644894903454511,10.431676490033876,0.49972660051671003,0.7433408027280688,-0.1337411210121298,0.14076476970809348,0
0.5516723814317356,4.214612258107567,10.696424433120571,0.3773239339273758,0.6097878782625789,-0.23972992897867676,0.053827784699462096,0
1.1760077090390133,3.742261756510975,7.58807690870032,0.3709663398342253,0.2607029057190717,-0.1899416155870398,0.3901582393751262,0
0.8963206841506544,3.404459472378523,7.10099108028009,0.5130745622799195,0.4423355069634519,-0.18244853494836002,0.27400505579357776,0
0.8035643681702017,8.328357609363255,11.846501754501856,0.3954474320348382,0.8394496597429779,-0.14115417607772343,0.059916206509551546,0
1.739705413606789,4.53366729769115,8.764836215109286,0.5177766552979747,0.35465315764830374,-0.02426820145613944,0.5039946861907605,1
0.5059626132475592,3.0319911864840146,5.431814669027197,0.588814142213535,0.4863275211448832,-0.1518134445579288,0.13994492962976543,0
1.3195774415107238,2.6142363290312125,5.789663788240757,0.4164994647466227,0.5906906685722206,-0.09584780107205645,0.4507600535886683,1
1.8403735542335955,3.743785017392336,6.9161583801907565,0.5238111723350859,0.8039486543027872,-0.025996877181199345,0.1717210021811707,0
1.3288994209257365,2.4560229645123215,4.027639133251332,0.45999912658149206,0.1902065065403636,-0.1653318693794591,0.020365675344996025,1
1.160386836105109,4.492967466366238,5.213530443893743,0.4229167168134617,0.7167689922826865,-0.152602516616343,0.04777222887631503,0
0.8447757876389661,5.759274827884496,7.007738535309925,0.38254463222596485,0.803180117468682,-0.18898967729864058,0.100575132546675,0
1.2211614563701292,1.4107450518690476,6.311100580420615,0.33941323124953116,0.44315904849402943,-0.2976926872751653,0.2516962624000059,0
1.2336458722769097,2.659722397300932,9.073065093939318,0.6686586010091328,0.8148535548167114,-0.08686680510051627,0.19314607684288732,0
3.3845135056278095,6.0836847250066635,7.677612459812689,0.38622429521251544,0.4108475242813545,0.15682694771284603,0.35466156058636267,2
2.0043362634908948,4.456298339103694,9.575826873178055,0.49337900322081046,0.5581870265783758,0.0003796479785150935,0.24589129834672616,1
0.8106288136970465,4.163667327259062,7.1067174708246705,0.4262247838378356,0.5515020611508791,-0.1654731990287284,0.14096077541442992,0
0.551015204712187,3.750957956153414,7.758405823681647,0.41981930836606024,0.57668301830681,-0.3287408979988384,0.25179613666237183,0
0.5975888216916291,2.9887067861196686,5.588504966596097,0.4017728992899805,0.6816445378850031,-0.3415232257082767,0.1493659283369353,0
0.7946839719617005,6.126432969244789,8.150823689523905,0.4424881826191079,0.47532832917469786,-0.16608208508356806,0.27026298397380005,1
0.41725167986105105,3.1556780714264208,5.291711497220961,0.44814584646805106,0.7219635400407765,-0.3340212530099564,0.3064578934068806,0
2.3285952169789157,2.8643311964842173,6.898572044983338,0.42120716855905144,0.4314800688648493,0.07561950500743582,0.26730270405314244,1
0.7432742612645844,1.2722058456023504,2.613846413101402,0.38371508065289583,0.643309686724849,-0.5606081333069978,0.24604538965619197,0
1.8572771610338281,3.0072711236642533,8.973822028728636,0.43245567362182835,0.7189671840377545,-0.02587283881979348,0.05148658860115913,1
0.23258090871525577,4.894837043396516,9.43569640959383,0.34091555263681605,0.8310502575568804,-0.35555644558607974,0.08999889220516584,0
1.0189306743513658,4.439711233666282,5.54953604143369,0.38627784804280074,0.31566914387915834,-0.1189954496031941,0.19138522324660676,0
0.8671593093275356,2.3042619436262854,6.686964004512292,0.3595080329064765,0.26722923012942995,-0.29612544791960715,0.20067603423823652,0
0.8532956278043959,6.695864377425817,7.112545399910496,0.6248656042406655,0.6202588233171065,-0.09755754224380167,0.15602483925725236,0
2.424386919345382,4.030128784799239,9.19028668468173,0.5172842061895582,0.22700763240690847,0.04945694359996741,0.05563880560895224,1
0.5151774720568164,4.265294417008996,7.779850947325554,0.5776677460385412,0.5959082196118634,-0.2223404946317958,0.11839470319647712,0
1.2217775690082162,1.732398857520974,6.089428150985393,0.48741670902945067,0.4884493827396306,-0.1738793881214072,0.24087705867766912,0
2.0735781278021492,3.41088311447369,6.419250160245128,0.4047257426798632,0.6012864802732659,0.01503124139828859,0.4182897302853532,1
1.369612612361963,5.267816995637673,8.293177403337008,0.50906902049704,0.5521526109081712,-0.059410621661332284,0.23686880257439827,0
0.7816718699274463,5.488480504978531,10.31041102885167,0.5422126133775892,0.3280617321960294,-0.14979019034779192,0.07915466706634915,0
1.179650477787991,2.4282982690749275,7.586570784948613,0.37899042928087945,0.4296579023593319,-0.20685521279929867,0.30922950410900946,0
0.2730744378294758,4.227217233847907,5.405668993688389,0.3942267331727576,0.6616678143114126,-0.4473595495098484,0.046954371641854814,0
0.5660799985653643,3.0166068720120354,10.345488986216743,0.3968026159686969,0.8158465999570709,-0.10596435673561655,0.09545245049525125,0
1.0602059615113504,5.027940987648124,8.673270899592936,0.4341356913631533,0.6157030471087818,-0.1618838415388565,0.2862011438534269,0
0.8590872613129845,5.700063074205257,12.49854759870636,0.4853840629216574,0.7790613153082532,-0.0900811986423653,0.15722448800678282,0
0.7574043023271226,6.2571568056538,9.063486870525107,0.48304741240431937,0.3626336112992107,-0.13649011286201615,0.12859636472384303,0
0.7590055720340106,2.864286363196383,3.9037571725488136,0.5651974701358188,0.32510269888198956,-0.15683035490600833,0.20946456566685298,0
0.8602063979526371,2.743545560801683,6.296417635335811,0.6414157953285803,0.1701029044533798,-0.19183259491370575,0.2766046969003996,0
0.9461203226680245,5.574382382642111,10.593305654566583,0.5168188700342271,0.2774250680150767,-0.12793397253772523,0.12949568571542455,0
0.40052747034965885,2.2098879778792497,6.520624193759668,0.4953837236153438,0.23360455560562332,-0.3250921733883466,0.089073514495359,0
1.327417887288401,7.56981533065373,9.217563051138402,0.4784403974283094,0.30908724486701705,-0.0763371977532177,0.23931745898770995,0
0.8523172853711111,3.7051118808358545,6.453099856638708,0.5093046036669208,0.9030621160581925,-0.18657173218349019,0.11245108744048152,0
0.9328450168251459,4.319671630510318,10.168600886381807,0.5850899314930226,0.45855924223459305,-0.12206061767997589,0.19613354442871833,0
0.38281461951394685,3.3065078588806274,6.3811137941949045,0.5519544572083107,0.7128507224173458,-0.2798360560609177,0.19786822037144514,0
2.110636981575748,7.507887530701394,9.6747151655559,0.3891907705048232,0.5019509724626158,0.01364685632693919,0.15160415826533483,1
0.8378120165346781,5.922099797937525,9.31990477887104,0.3834760055337029,0.3859320692741646,-0.14180909540037628,0.07001488489404752,0
0.545064818311965,6.31102621021262,8.914381385226292,0.4682996181227065,0.5734773735449553,-0.16222955605284517,0.13410314259575484,0
1.166303306975376,1.8820499428848885,8.541117835278207,0.5943994825298233,0.42025916272847,-0.15661468291848263,0.27418693639614505,0
1.0599544500267624,2.529309533585884,7.34517163850571,0.6982723716537774,0.5045537597675988,-0.11619421741649398,0.2755029227674835,0
0.6370578703894288,5.00871005663272,7.163001654464419,0.4782897775867634,0.38058281293943325,-0.2008425463004398,0.19794655081593093,1
0.5442854516222447,4.335622694142102,4.446230929138091,0.4693238179476738,0.45055255401617705,-0.23937459387538432,0.1230883483945136,0
0.6450146178170783,2.0545586673564955,5.10823993320141,0.40526704853612916,0.7951497441496553,-0.4080560170979771,0.1847214206489524,0
1.0995212690712237,5.281981543387921,6.80914813070078,0.38056591276636437,0.559633474701287,-0.12267614258248193,0.1572771380924246,0
1.4426695968916572,3.7493298588907815,7.289194123225185,0.36192341410096085,0.5429838398917829,-0.13284358955828993,0.2597749555570705,0
0.3449766394991098,0.8516149259530176,6.305572548985771,0.45053371833978423,0.6564145850643108,-0.7697249993930045,0.03876048311388826,0
0.7514621649728888,6.668160350065848,7.885477920094459,0.6012293967199668,0.9529062453578775,-0.10178365953196133,0.10744131841480631,0
1.7677232442814448,5.035662259611588,7.779755270273666,0.5569569979099758,0.8945625083013107,-0.025780164116173152,0.127105072238941,0
1.040111866581272,6.504442966077355,7.283266078204212,0.6074406926972996,0.5345620102413896,-0.08947280128272647,0.2504421421524464,0
1.0102176985071918,6.441718172981793,11.215357640955434,0.39385675896644534,0.5910962423016709,-0.11694703928797487,0.1431556955673549,0
1.4692687514132015,4.518401340212226,10.27616042626905,0.39026482951761066,0.711856452129446,-0.07239205822918199,0.0525237808060505,0
1.61686525749436,7.5172930214161795,11.752676729091997,0.345220394694747,0.6640135465396874,-0.04613735715795509,0.2569766928761221,0
0.9754017595484916,2.5760272271203704,6.83765898409074,0.5711549411694927,0.5051687542677386,-0.07551696217059634,0.11126019412130038,0
0.7865983814637894,2.4470897482774094,7.76315558058401,0.37908738162487415,0.8158201644741894,-0.32224966878732314,0.20465968834688736,0
0.612249880789819,4.175118270177689,6.059960866446154,0.3909032882555219,0.983703547548632,-0.25154805083188225,0.06186253486270498,0
0.7537803036545635,2.890285066544507,10.618461649028365,0.4790180341524572,0.8173105539231501,-0.12981337997581507,0.07373837483333842,0
1.8722115311571648,4.494751213007026,10.264362379128693,0.4783792624545802,0.09818668637724985,-0.014778940363935445,0.2787063961807638,1
1.565925097652473,2.412830806568866,6.621085595906861,0.5978825158976003,0.24481659364136454,-0.07295476935808619,0.356529133137815,1
1.475799462084143,3.4462956413049937,10.815304496677424,0.3559362899331567,0.34436846140307154,-0.10456373802852353,0.14660234707997705,0
0.7302850150103689,4.394819855326148,8.213306232238354,0.41209655337579293,0.6418584288306964,-0.20595489622174432,0.2930062217655682,0
1.3971027147095774,3.3296200504010165,9.801856703738887,0.35599534183653514,0.7539783605428834,-0.13371923914161915,0.31038369342669203,1
0.8255847779529008,2.439921575560303,5.558305202306757,0.42013444561764524,0.4608054278362534,-0.3281688186675513,0.3464331246822363,0
1.2569339704579805,2.715080397962094,5.632595901880117,0.3763199570480407,0.46482238847369883,-0.19375135442278668,0.09598328511000237,0
1.4192914191631607,3.762196928472462,7.516581491820049,0.6031898002409743,0.45327807281010823,-0.08703147621804334,0.3500199399366282,0
0.6203585989047323,3.7619256848885283,8.24442611508077,0.41879436072264226,0.438182927594121,-0.2955739725682986,0.11572380735400038,0
0.9759269687446461,5.612507017226259,9.45645305529646,0.4033306002522012,0.5348957491946503,-0.14232834884781115,0.10611747767114313,0
2.447531419541722,2.6345712624910536,5.763123585643282,0.47443394944237527,0.654139637316711,0.08672638000128997,0.09999407503140881,1
0.7486645785044301,3.6924231061942363,7.501101820192111,0.3791204276614914,0.8778257927155705,-0.189124286476106,0.09648058615796316,0
1.4332145338621203,5.69482742747221,7.061055212476399,0.45816133427994415,0.3634046399256011,-0.07057523837759057,0.3648442079067277,1
1.68168672489918,3.0688810839272334,7.182364937486388,0.39974184180352107,0.6617001915732658,-0.06164096898324149,0.23613891803121814,0
4.629279104073502,1.6986113420629365,2.650420083762179,0.5585402446387124,0.5066201548685177,0.7371447726751212,0.28775773947990685,2
1.453805779551993,6.145421855667232,8.96926429135709,0.38039171696933044,0.577408221598259,-0.05350439393827834,0.0625681943344323,0
2.0907114990085565,3.103858036518424,5.93694125859622,0.37441933152133267,0.4903781902706972,0.01599509657809663,0.20398792359489004,0
2.015735558802198,2.8131701503258015,6.465471218288505,0.394468931279021,0.46929889036217254,0.004511641069460141,0.03512529102323146,1
1.1111297803261322,6.268068010103834,9.096689237414953,0.48054531789527505,0.5784267117357811,-0.05999054859882511,0.22261038832005978,0
1.8256420552290604,3.2117895328189023,6.722233360520435,0.44201464615558667,0.7051585740762099,-0.03408387995660871,0.24788046025099084,1
0.9735270953205458,4.881090505229592,8.562391494746539,0.5188744257905551,0.7519700738960151,-0.062418462881659205,0.11508908483820972,0
1.6565828541641474,4.617833464470502,9.79827032231773,0.4155705870305207,0.7910113601635254,-0.03814875764319807,0.18831092291402185,1
1.2686035995954927,4.2272087441612705,10.574282996851252,0.48057763246000906,0.8139384684608395,-0.06910415828090088,0.07012884599774935,0
1.6610944587978733,4.5893689427344455,10.082887974025194,0.45340764437838976,0.44195891156136763,-0.04100752897607696,0.25053220043514995,0
0.4896324847995836,8.631525705171832,10.496877041173732,0.4906149750261952,0.47273675996712144,-0.12170220147049696,0.08908109785671038,0
1.0035112005693179,2.7547533958639447,9.688551006763264,0.4663491601911692,0.4055998360984327,-0.15950584425416514,0.23245572178964358,0
1.6743476533404027,4.6743414733404975,5.152324044146608,0.3890539362061233,0.3412110668213004,-0.0625115409809388,0.09231266811013884,0
0.5330065317641354,3.828883887704132,9.55854230194131,0.5289327729823073,0.7463826459045847,-0.17066079693605057,0.16428779966544468,0
1.0603671046692178,6.1850026248419185,11.004155716389397,0.4839478986077919,0.5587519187263852,-0.06926557858624967,0.1076726430991011,0
0.6368700003660407,3.81598045786261,9.245365175438797,0.4260958006902009,0.4018796251616799,-0.18559855413335033,0.12088752344457505,0
2.3314682889194716,5.08346741644572,7.576747337243677,0.417596071789931,0.6036639985298601,0.04885329829571777,0.16346335009502924,1
0.9648493549137084,6.068326350312538,9.016057704993878,0.381216685901628,0.3031066392954269,-0.16293243599377294,0.1967440315567211,0
0.7381072729617119,5.169659666095406,9.093271320135885,0.49180454139695223,0.4267391413243306,-0.1430600006966488,0.010013936214700758,0
1.2543962047206045,4.684091936723838,9.378977740549821,0.40582888084995017,0.6665378775999141,-0.07681277817792369,0.15129418199177158,0
2.3680792622046067,1.9833402208425093,8.374506692167099,0.47793646918850163,0.8872749532290627,0.07010175171924922,0.1977825116789596,1
0.39207213268984104,2.9068861689653094,4.574193082579721,0.6119750245746954,0.29892955877613214,-0.219587054932908,0.09190051583893674,0
1.9148811553391292,4.937877210871357,9.469732089067742,0.4130621915537401,0.5465694351651506,-0.00857851617666659,0.13224994741202084,0
0.874537969480311,4.30498138574343,7.829477778482103,0.39217374982167136,0.2671169912015784,-0.184150541578752,0.1280172508156558,0
0.5978646422328595,5.450099573464234,9.456257437307249,0.34301105373157376,0.4040569252518948,-0.264347439763185,0.021749755049456993,0
0.8626066944996726,2.1765566399704035,6.768622573138031,0.4288695502175805,0.3396352658766262,-0.2580496219242822,0.20067114835033154,0
0.38679140656719535,3.3522862266668056,10.325378644440235,0.4323269855358795,0.6275093974373064,-0.23279975490547625,0.08718396542876068,0
1.1949415347213397,4.023076082612934,4.597365327779534,0.4021093688537627,0.657690576024407,-0.20653185593912565,0.05023305379884777,0
0.8620043169180074,5.993415079679045,7.713514047237753,0.4733880018274508,0.1842113627846103,-0.12656061280412206,0.11175515083310297,0
1.8250833240507525,2.8703873907103388,9.06696724468307,0.5100065036676037,0.6149420604598859,-0.016622333028496254,0.20280325099673954,1
1.2659137756326582,3.589924863146749,8.519345015697215,0.37822298339431754,0.4304747653834272,-0.11529200148422603,0.14058219434810162,1
0.9601891636418043,2.6255875123541994,6.267681304827576,0.5638534776265688,0.3626872705342607,-0.22400178506380797,0.14025165321859295,0
1.168938051653314,5.434577673745361,5.7143050192437705,0.36281709451172806,0.6069462941145509,-0.15037846171671612,0.2080999028851366,0
1.4564404476420163,3.1135588944903994,9.7641044170241,0.3879072045747706,0.2932217906835098,-0.08940136197530192,0.2585377788535349,0
0.6417614864818374,8.25515446976442,9.272669823551162,0.44036158625024946,0.7622904000743846,-0.1147984235879936,0.07074260990382776,0
0.7983695403972441,4.801685047329222,8.178535838531024,0.48064782267061623,0.6929696195359213,-0.13485105282334847,0.14960035892325876,0
1.356846865664952,2.0236045370917366,5.810013270334809,0.5040889539883616,0.5274733097332838,-0.10266669084119352,0.26691235666254504,0
2.6692731478574854,5.369130475135539,10.192424403584072,0.4379052934443837,0.45673864779297374,0.0788094698434106,0.37196724562739625,1
2.317663107596857,5.8053471021394785,9.34748897977925,0.6625894637354246,0.6020516056710296,0.02550666500435284,0.5087062737112648,1
0.38485090677355493,1.9577826300864305,9.0752334935595,0.49105281292152947,0.4803391573115115,-0.4702393610205397,0.13971382480922173,0
2.8029169049952865,4.330607238186192,8.665279240516908,0.45615822394970656,0.537025117288298,0.13033414183040898,0.40009872929046814,1
0.6030419620971025,4.6168050286416555,9.135946172745436,0.39064977589165945,0.46932860644605773,-0.2328335771095261,0.03834598478687232,0
1.0970196409266988,2.939792074705013,7.243232685157335,0.38340277557861874,0.6219577541378293,-0.23592356584328522,0.10664960460489978,0
0.14508950558136183,2.031342752671262,3.990563259849635,0.36827662884510753,0.5888173122427253,-0.7341797946261658,0.10361205534737929,0
1.1176367054324867,2.937706111985642,8.693550535381931,0.4538103968765173,0.7750538375086201,-0.19885028855950485,0.3395395110531618,1
0.44937904378040183,1.7637083120553798,9.7027657968604,0.3673263637910023,0.602476984252871,-0.25004901728808626,0.1174071123123881,0
1.8897264597809587,7.258607042723105,9.623514280231355,0.48510735392503074,0.791557848480743,-0.012439109507874746,0.06843404172887728,0
1.078970687142969,5.828043292614014,13.480294571544476,0.40270191847415826,0.7140456375751552,-0.10957796681381907,0.042236010448530016,0
1.4382966748451709,2.19193611853018,6.733789359052751,0.4879003312578954,0.7217104468117881,-0.10208282887430047,0.021193147582374162,0
1.3915322695931882,7.75025941007951,8.960980932666953,0.4518783715728724,0.32280852141474675,-0.07441896605175088,0.18858645068282565,0
2.037988825772653,1.3482919310543915,10.03843549572881,0.4081503210525632,0.4233407124008189,0.014455524019853349,0.6411180204624398,1
1.521950627613145,2.705004366895565,7.230050202007973,0.4424524108066416,0.5023434553596695,-0.060093009629680366,0.09452863190060422,0
0.7245908326379894,4.281565377228361,7.942219179758691,0.43446733489565903,0.7643727606761779,-0.2441946429011005,0.11742961387383749,0
1.92007687812519,2.880196913882513,7.66537839576383,0.4434908517271431,0.8772299323293243,-0.006507935956435772,0.1829951462024588,1
2.120495966270942,4.32559297031339,8.679521217408656,0.5360197338879377,0.5137973728672082,0.014145936736969834,0.1864629806987929,1
1.1959775470280298,1.8274454412219698,8.199599235274878,0.4754458667731669,0.5377754615303764,-0.10012641518498966,0.03851334715848721,0
2.5786309281537276,2.258514290058675,6.888272731511645,0.36553495907198974,0.9011822522890724,0.1556824776197099,0.3552441632712715,1
1.8251471890012834,4.164609893436211,9.121904553717323,0.5112582155110251,0.7356420860072916,-0.019476174951827963,0.2443465591659102,1
1.3936484690533937,3.4019663237589266,7.931599417849404,0.4365684322059712,0.5851340024313157,-0.11763251048135293,0.20879299295321574,0
1.6482795777816968,2.8020355733443583,9.327059096509545,0.5135805805589114,0.3608033618840246,-0.07347203843368572,0.18287686470049602,1
2.2030641947434706,2.5281853742401945,7.473204153442897,0.5922428794742287,0.47016924836672624,0.020808512226763415,0.2869304924871403,1
3.07254880326154,2.4088580776804656,3.670683424891991,0.46641028547458635,0.3983698120579487,0.25854292194114287,0.4747962267146921,2
2.0900388502306555,2.0461398744714887,10.640870816584993,0.5520937285382272,0.8832406202526385,0.009422108769392703,0.2652021217312863,1
0.6115238548110772,3.6781698075279636,5.15600367414444,0.43198525156730194,0.48674012002873157,-0.23539581935886988,0.15261550113495323,0
1.8686305431451151,5.885329096422427,8.464058032849099,0.43503925248615044,0.29519751738443056,-0.014629644087608406,0.4265760540836635,1
0.34322085597824953,2.2996677552270706,7.56325982580912,0.4455661134853769,0.2818862923265194,-0.25391090182615483,0.18934121898329095,0
1.5953340546243329,7.004853143849909,13.517961027005327,0.41947861350454974,0.5485564313907165,-0.0372547990195692,0.32186459866015144,0
0.6445720638562161,3.970605546826259,5.327613556838914,0.39948563508035895,0.2947833477650917,-0.20144649479808838,0.11365285256832895,0
0.8764319634182962,3.9301275980750465,7.781422247983125,0.47514290218543825,0.39005480637522716,-0.15761483424447892,0.31440441667254043,0
2.287829327539678,3.89140678543463,9.795388442389884,0.4290663209571988,0.7664064471544889,0.026076528957928915,0.32870936494816533,1
1.364122988390819,3.055008851380982,5.7163967337917985,0.4178320241144409,0.41155718917257517,-0.12754210780041933,0.05922929834642963,0
1.2514173298758104,7.922103640804303,9.77692648659808,0.532985302506806,0.7984612488645072,-0.05848887679722779,0.09785775713583714,0
2.0781694043865886,1.8987072514217627,4.5160835514254725,0.41840474768938585,0.7388220456299728,0.026684219570049333,0.3351650878096299,1
1.5283650667928375,1.7666521876924497,8.08776343831974,0.4192617141924505,0.22007496786842154,-0.07939047962941563,0.0849291032217603,1
0.8315254338786493,4.907115221252316,6.279888420559639,0.39031016983689554,0.300383755147077,-0.16326137652726938,0.16778902060607784,0
0.6148831233292625,4.9497242723526105,9.625572261409303,0.48970251767367845,0.6270742876603352,-0.17313367114646275,0.21247033865033496,0
1.0664581254740577,4.684948408974276,7.62656921529874,0.36128481182045674,0.6876626614671046,-0.14336946622478472,0.18900291635631053,0
0.750781732333615,7.097077182066369,9.340004862890794,0.4918588499563902,0.5159036567722131,-0.11618989871248099,0.053983898205177,0
1.0922447208188741,3.071964360300132,4.001737330022758,0.41216081584158265,0.9034248042219495,-0.20863943899829115,0.15403863292564707,0
0.9470389116190526,3.3073797017610724,8.28444645137537,0.45375606752506253,0.6532658188627923,-0.16016486488050996,0.23004323605738153,0
0.8978659530561868,2.126069431011752,6.692314592407122,0.4256530138046395,0.672863087309342,-0.22253489513525024,0.2293243874724522,0
1.2666739154346982,4.072261531188932,6.561063688441661,0.46749172886089185,0.577988678885937,-0.1174572842356948,0.3686012812542684,0
0.8193297572619435,5.438473613406893,8.932395001440018,0.3792967558379592,0.8573378026930797,-0.06666216483684889,0.12221257569356567,0
1.3119427507029058,5.392202631424488,6.063573627697285,0.504071945204223,0.27059080764915344,-0.10279094293002225,0.36612907514761583,0
0.7031359494447098,4.801887181621896,7.890072245737807,0.431250486484498,0.8681568511816404,-0.2253465746111503,0.056042454984370875,0
1.3403405782965174,3.1647576885865285,6.284150502087071,0.3745411213286559,0.6153601919510928,-0.18159407581078577,0.187403283458019,0
1.7430288068799806,8.989347673410796,10.00151150469248,0.4960405831065697,0.7028471695278723,-0.0226474356591677,0.049563509336773254,0
1.9373542142832645,4.808246317967208,10.226259776089009,0.37779708723648475,0.5579875817209224,-0.00996600889591675,0.2537412218638429,0
2.250522000120618,4.822987823921876,9.612922465465434,0.46165528198036043,0.5121283448049524,0.0276679375354613,0.20009154339474802,0
1.3252397671080398,5.463343674959449,6.640000813996398,0.44909788600430384,0.756675410799197,-0.06642314715752524,0.11671151877739602,0
0.3878916777876518,3.2817474194858645,8.457481551480843,0.40191732361813365,0.6052216959099997,-0.14959060621428122,0.12306305346599233,0
0.6396695847514762,3.139343007632884,8.492349651502124,0.44738190158822905,0.2601572942892702,-0.09564174059751544,0.12090611435832492,0
1.1995139255546998,6.48044007026974,9.74566953720319,0.4500906592705494,0.7159275117885929,-0.05631310661586993,0.0567501671577227,0
1.1663809298545509,5.632746243002134,6.598846331409592,0.4960331613217803,0.8002383646067245,-0.08317953051272814,0.05878291757254603,0
1.3511440144269997,2.7002708991789435,6.412305979565321,0.39255075767365843,0.4428502620903939,-0.10464670686057853,0.274041372572078,0
0.8083102278040882,2.8914844590369504,7.374982268015343,0.39771929835188424,0.5561283900997984,-0.19985857503017243,0.08710659900150432,0
0.512385580501813,3.8101927800257758,8.269048905373934,0.45997463951947076,0.2682345065635177,-0.17873006964322388,0.04991696503102319,0
1.9512544492621189,6.340931241792749,9.33851781659915,0.38032169457022746,0.5475524404215122,-0.0033481058825209535,0.24884020483423158,0
0.7290098304771586,4.901362354551203,9.416908819706299,0.3463924002027934,0.21298568068415727,-0.24352525719307005,0.1246986788267444,0
0.6959019180928684,3.2327732396225306,9.006910534736848,0.47257520317594515,0.6341134696016991,-0.19388764566004532,0.15467944359498143,0
1.4223318265717342,5.797746543525903,6.675454835026162,0.462877252024466,0.7073867122448534,-0.07775380833848045,0.0634991533553685,0
1.2796164730169826,5.720921067795808,8.031984624277055,0.45558975660178935,0.3907815671056782,-0.0820612463126649,0.21000636125139838,0
0.9970605074224917,4.220655941307056,5.13541073339518,0.4567300451219314,0.7695744934037867,-0.20971452207530772,0.5319407695779418,1
0.5821555433306467,5.217101421560569,9.306966441103777,0.4560256407950533,0.7609211103660823,-0.16177905488059827,0.027504896174531047,0
1.723428981588123,1.729709831047555,7.170122701568882,0.4366249921470561,0.6579299840422735,-0.04513765544636263,0.04484883446425701,1
2.260908111331949,4.874819973632343,8.202897723840579,0.408751342665657,0.5452675669695625,0.030504287649270823,0.033739119828133275,1
0.3213950526797456,5.1986378596831555,9.233332920976904,0.39932572208080175,0.42057041303185433,-0.25375829858927657,0.08698338368808345,1
0.7037014515978495,3.9774775825155375,5.599021607250965,0.43094022543768173,0.415432145303692,-0.3072396886195034,0.24831284887556374,0
1.1721014860522248,7.592552762455847,9.348348081429544,0.4794165386800815,0.6423062433953921,-0.07151881858966753,0.08287877116528879,0
0.5423432899076019,4.202306331767548,8.17808077839318,0.5414458987935795,0.4111642608435368,-0.16891549775789153,0.19059256234392724,0
0.49855909277409577,2.677969890940046,7.489762886374373,0.48253348894920917,0.6055019788847629,-0.231383212080035,0.066396569883457,0
0.7009749749555096,5.045492925610167,6.518769774598311,0.39679451598951965,0.3367585604649637,-0.17146211691085292,0.17253156567565958,0
1.1256381792559593,4.074114597472907,6.847674124241677,0.4870769955296971,0.7018066641376897,-0.12754711888764617,0.17830665510013557,0
1.1839068626256202,7.012373561465241,11.55139071740524,0.42201741538759246,0.6346990076890735,-0.08174439836949937,0.06268032170974878,0
0.7045859356640576,4.5502262062920735,6.070003352984244,0.4522336648210596,0.7162880293433155,-0.19575660321938226,0.15200856935274903,0
1.6046333053443138,3.1549465590006243,5.027764058283058,0.5464269071089208,0.7267832214183129,-0.07585117320531362,0.28788427671151556,0
2.2097063459528066,5.220561636333312,8.775006600241808,0.47572410182861957,0.8279702821856451,0.027566083130521023,0.1438732603214974,1
1.708948016548238,4.8245234491870255,7.053790324215454,0.4625380691301142,0.7434383868335057,-0.02494981307607656,0.10992005794714196,0
0.639030153841896,4.524357232938497,8.606766464562911,0.4270435067676518,0.576576423421314,-0.10318746956135344,0.045169662730666985,0
1.5822233282106168,3.74324385629785,11.208830762937907,0.5656848449857805,0.4933573507527048,-0.05087471369294105,0.12514364830638502,0
1.5796865965827969,3.980059082219422,6.810116910309233,0.41739346892134377,0.4436622743854435,-0.040448918933116036,0.038123989869938896,1
0.5265101786556167,3.883229873018586,6.711277320113219,0.39580837123628143,0.5102475655017924,-0.2552647310891497,0.20022106259192296,0
1.1263770012225678,3.2847215810875103,12.352332258712185,0.5985189141538989,0.534472635436301,-0.0735086547016607,0.14793204105083857,0
1.0198584271256885,4.089771609698351,6.201094724492739,0.5361749527249403,0.24937583792611873,-0.08072844702538018,0.1443368649622845,0
0.8073023892199419,4.899876887537767,8.841217760551057,0.4118722308094803,0.18051805429576104,-0.2057223814268391,0.15945530192697877,0
0.8884000263001958,5.689984633027934,9.100903575155813,0.5352999148169467,0.7376203033203916,-0.13424666922063522,0.41499732484550395,1
0.2221513075139517,6.338559062702205,8.152903093326191,0.5644674157949643,0.13700051912373426,-0.17268425807634682,0.11411286374513348,0
1.1726404305682432,3.0813890076526946,7.633890687350902,0.537450091418566,0.35778966886419034,-0.15219520190752944,0.3903575477660889,1
1.2194903201972553,6.6877684163800195,11.10881990278577,0.47370764142613236,0.624258340387009,-0.053045346869629285,0.10446763492995739,0
0.8175088475349319,4.71080258717327,6.242610525566804,0.4193047743179247,0.7274796356205746,-0.17494324394307068,0.18685877032343945,0
0.6809081709505662,7.537621796387318,8.668516474562814,0.3883893623014574,0.20424300786860267,-0.17991947019942767,0.1913389387387938,0
0.7603813813814835,4.629582665379908,9.921457406354572,0.4646361869517014,0.1976834315929263,-0.1414318980192028,0.20061211957762207,0
1.1325935264872162,2.0866768072836943,7.894200710058119,0.581120534049081,0.7593892341400722,-0.14357308946503533,0.3166643009401869,1
1.5856613835012268,3.001013223832125,4.265441215602356,0.4158310455534432,0.5681436499277073,-0.12090843085598951,0.2029108877707054,0
1.5793038171336335,6.5776829718422825,10.870619756745949,0.40466488558618174,0.5550625148601466,-0.061074453619816484,0.2725888215337883,1
1.4091182689845874,6.517534634711652,9.602322137235074,0.5571744690024185,0.3431470068640635,-0.05291297655794245,0.19397352122204678,0
1.0470405220925427,6.318113845976944,8.207516178612417,0.46680502210749497,0.7895991828952331,-0.07960661573461476,0.0605261601346652,0
0.7014780601745643,1.2414896847868906,5.202954092802185,0.42772570055237275,0.4582395196200713,-0.3194938141562234,0.13769492198915081,0
2.6503192438164263,2.53970468192974,5.105104570639658,0.5510519996411717,0.8744624878686956,0.11883195957646485,0.2793612334068029,1
0.8069899529466004,4.147650892651251,8.928596073283828,0.4952550375756206,0.3001293375519643,-0.16919095900500922,0.20805489240033936,0
0.7665673699999314,5.572299519311393,12.70678048894979,0.49614292114593544,0.6755661470688159,-0.06438585189162817,0.07501757654076464,0
0.8874595257147918,2.888314939637007,10.424184633702364,0.405978619756269,0.4406585091354862,-0.199607806871415,0.16757072628670588,0
0.9599318346678327,1.0189124406341465,3.9283094494093618,0.6229237655590772,0.6906319412301669,-0.3003025705181634,0.5653392741903236,1
0.6083648197666107,6.8678814565927135,9.47114399645213,0.4524800159907546,0.459221056310256,-0.17805064236652074,0.4188412148269597,1
0.4003917287700394,7.347156485758642,9.852073552072408,0.44521743369647754,0.7274175598129792,-0.07878960644270716,0.07737493449668191,1
0.7673868515917524,2.0829368865705455,4.703671357239015,0.4144457902643009,0.24500148988480855,-0.3655872103773457,0.14249558342739804,0
1.796115034309279,2.6812351677227455,6.454604656974496,0.4618814677594797,0.6925905784877462,-0.042788590360284574,0.3022473715729193,0
0.9417120758700803,2.8806950935599183,7.211478729609772,0.43739159058833665,0.36262756234132393,-0.18848871373121173,0.28583768312911434,0
1.018129119940732,5.812944112121827,9.469160264656631,0.38122338631536407,0.6834286148371422,-0.14964798758445427,0.1262973103413617,0
1.0130525105597399,3.024981882629682,6.325991013987107,0.45099322614137155,0.3382397942159912,-0.20400340932285912,0.21397096601861362,0
2.9124886780804573,3.6456729495760287,10.058726974265532,0.4424137814815122,0.4637270022888185,0.13427991609917875,0.2799487217435267,1
1.5624197588411084,3.9245132676182757,6.447092777496833,0.6684913336503477,0.20655637739985827,-0.042673260433342776,0.4797169684919242,1
0.9328619121034464,2.2692755061716134,7.410470813625786,0.4166240050124751,0.1488345097032223,-0.270021734698629,0.15200284908441594,1
1.1361275663896122,2.344606813561021,6.17583455359931,0.4512514318749554,0.716574577417837,-0.20501523659986232,0.15447981935567975,0
0.9070530339732465,2.9769187614451744,7.604015420595822,0.4486106143762685,0.792074217606627,-0.13950776727001113,0.03416195732261512,0
0.655456496643025,1.5180185001196915,11.385065996957719,0.3973749685976069,0.6509850443162805,-0.5196224823813271,0.08589247642642052,0
0.5020380290656805,1.3070214906259836,9.689462601373316,0.4524563220311138,0.5057562144945089,-0.28782636403838996,0.3311469744362381,0
0.5662041967448278,6.079945270129428,8.356843481920887,0.41416286434709576,0.5814971787335501,-0.13011250893358092,0.06753288111863147,0
0.7608935889821044,5.743365793182849,8.260419229435943,0.4933896720041952,0.5580672217805742,-0.11658071738682205,0.14408631265474733,0
0.5236547491343803,3.475242389167034,6.952249988676229,0.5126579907117593,0.6904596776050016,-0.20909583465546572,0.20255036571783727,0
0.9217451046774073,6.708559400934893,8.31651783485955,0.5234975540155943,0.36446806595372394,-0.08664021133670236,0.07049264126413858,0
1.7311051300547429,5.95663373003569,7.480167250053349,0.3967690678293491,0.37248568636758633,-0.026297384232145195,0.22691460236071959,0
1.0881804115189484,5.398367090070036,8.870487709507547,0.42437243948257913,0.4483675701107529,-0.0786252044044033,0.18912511246989833,0
1.1834142098397402,4.678595891879813,10.686952368743034,0.5477609347020158,0.7396554114005724,-0.0744662961439064,0.1778360682194593,0
1.593117952900186,4.399873764919347,5.973897965360416,0.5302885715246369,0.7323165123877663,-0.03524785176157421,0.11912833337260544,0
0.9821275891560189,3.689370487407886,7.2621925182868,0.40114786453812384,0.3008598970626273,-0.20212603264923784,0.26729727103624756,0
0.8879869351438743,3.5658263172661986,7.260626316800263,0.4084929139597052,0.8108016184774468,-0.24891286467319904,0.10043111769290582,0
0.8433109403029906,5.207236785991423,9.520241134333915,0.510997845507318,0.3965522823890982,-0.1327919508814018,0.14370363682165166,0
1.4581704943359284,6.333885240361746,9.728320158920667,0.4104241943118808,0.5924180336693204,-0.0826409333514657,0.11508347819551495,0
1.2224661634387062,6.244920789071245,10.643446005511509,0.41008763048675373,0.6793323694302694,-0.04379060128406459,0.2128047065636194,0
0.8295664332499957,6.071609704463997,8.701460805847349,0.6042236019333983,0.2883305321189916,-0.09467255148807556,0.24062650791264234,0
0.9475224287591882,8.407964649375367,9.035199904909783,0.4491314129450253,0.5144771536184595,-0.10336701525039853,0.26487650469667806,0
1.6244548475857146,3.4796875411187074,9.229442027283172,0.5098467879031534,0.248719550552757,-0.02942710544076002,0.25571044055126707,0
1.9119372482835086,7.248699378640157,9.980978689761223,0.4365187558872716,0.7759822486017098,-0.009817477691152186,0.12147726797213622,0
0.29985493477510805,4.0744350401486535,6.080348427739123,0.501821627400915,0.2907514405338048,-0.2822636952259309,0.16977007507535255,0
0.6392474139416995,4.216941805636515,7.998216744487059,0.48915257217653285,0.26345320324341465,-0.18987047375205993,0.18021228550713939,0
1.3338752747550138,3.3529406778299196,8.82179253436149,0.39456482236138635,0.649982603760078,-0.09151473327224344,0.12325523927973447,0
1.5827905532961832,6.0323472681359185,9.608577392140447,0.4569265116777303,0.5355036466666431,-0.04130878234783621,0.07467156755146347,0
0.7656751750750422,2.705938524803647,6.257456342196553,0.40050461896716505,0.4812951021764629,-0.314566863924546,0.3030566923203482,0
1.3898372790062266,3.635165697168696,5.729841267634332,0.4065728384490887,0.38631792909076473,-0.13925461213072748,0.3055730593911158,0
1.2249956090286216,4.508585727370002,8.40377379836042,0.5549502439386882,0.28903708439134185,-0.05816360984758241,0.07122734963769632,0
0.8824252592818251,5.433614695028795,10.243305852116801,0.42998069910881365,0.6729125385316576,-0.1269501106597035,0.12512378275328653,0
1.772842320500166,5.433651997609541,8.316620393345662,0.48004090032813473,0.6894053086265352,-0.025386355209121757,0.20578076841235546,0
1.4341817977085358,4.629923645700555,8.180086038412172,0.5199195662739858,0.17505746707481132,-0.06285489363644199,0.2642229371200974,0
0.5670751543278866,1.561387252308695,6.67736000636068,0.498022227175277,0.5341996939699444,-0.2821335747649554,0.09169395017242854,0
0.910618488778381,1.9890426306150828,4.778158811660851,0.5033227950160204,0.2622155136623554,-0.13152149937546703,0.2056265746943425,0
1.0899728778268856,4.262296822206049,12.903924261354636,0.5163204265887756,0.512851463601016,-0.07697795478689654,0.18196759041516636,0
1.1983525614528345,6.0255668540224665,10.227311599244512,0.5324370417471384,0.7647911490852255,-0.0449778999104808,0.05690026716682165,0
0.8620046013132061,4.298483805168362,9.100402459803743,0.41188959805887493,0.6179017969325231,-0.1829191070802153,0.031128638577809068,0
0.9038052548425737,3.7945438608695556,11.305949457428234,0.5779414907238376,0.919747972533209,-0.09213311243617896,0.18932510835319186,0
1.703697609671346,5.879591737303505,11.245615477681058,0.5698389584503072,0.8702037571603305,-0.01767722550718856,0.2715709094882739,1
2.525129240721037,3.4402768977137757,6.57936775769875,0.4739407613983347,0.42551349995007154,0.07984264662995619,0.32136473517822384,1
0.47680661174317623,5.287190127590233,8.97506703028369,0.35259147421483156,0.3090077752616522,-0.2879104223594742,0.07020903111276142,0
1.0148174052574273,5.386285607135482,6.880772921765106,0.371267417510548,0.703137025328534,-0.18833826350749722,0.23352867633840288,0
0.7695220994162423,5.61886521405468,6.822766862590515,0.36124218335733166,0.8078473663112226,-0.19429198968777844,0.1600192258332003,0
0.8288861134810185,6.714237862291208,12.832842656654893,0.38097493913516567,0.7954600297324202,-0.12840553929824944,0.13762806770357588,0
1.2075308526694608,4.635837588242141,8.199273876013203,0.40219979571879527,0.5303282079291312,-0.07446436213645012,0.0448246367343602,0
1.9623727776621438,3.6741233202017423,8.11036404287916,0.5700401418371243,0.8060963356211719,-0.005478820228046004,0.17870575312420595,1
1.3536152082168915,2.62522691295273,8.718690792024471,0.462926496182685,0.6239264743119943,-0.0976179522414055,0.577104867446502,1
0.8730659999039708,6.137824275608259,12.219228014239237,0.4581252149493669,0.6990113782119421,-0.10425193206403051,0.05681803471460164,0
0.44078568168394483,1.0081995038475906,10.616406550725571,0.48554999984891106,0.12372729241325248,-0.7819883604466356,0.14809401487550714,0
1.4581748062754647,5.927923719323327,6.742504303496599,0.44687016479098296,0.2523689805613039,-0.06387450658133177,0.14645574390448643,0
1.565341562794015,3.2738250293834064,5.152629055622627,0.45369335067007577,0.6125073911107242,-0.09999706505617255,0.4353428855144112,0
0.8135249446644319,3.256886150328353,9.800958779645152,0.41146103897174435,0.6918548696223654,-0.1788778339757219,0.15001607271339462,0
2.483168596118338,5.4153647968305645,9.708818306227661,0.626461362580814,0.4703619934581766,0.04084364104443637,0.5211330301819473,1
2.584483419888842,1.9052554541869309,6.243811210960672,0.40957199158830604,0.8260103781504131,0.17430069711731322,0.15115824466549332,1
0.9823689432950956,1.0963777758503856,7.241917747257475,0.5316081250996636,0.20757684543819088,-0.3493305210566182,0.3218583581148761,1
1.4451156016862574,5.1609257753519335,9.347448214658819,0.532389245258674,0.7247053807852692,-0.07913736769065943,0.2860048377004063,1
0.9524599050910115,3.2155648612389878,9.055926701020045,0.37827706909108333,0.49979687103205733,-0.19181362257380724,0.09160429899183985,0
0.8472199415952362,3.053041467190008,6.805419557212316,0.42458423580042864,0.22456091711963871,-0.24579466919604,0.29867963012494414,0
0.3009561322298698,5.770920657228666,7.993613263387517,0.3703550341888014,0.8039893429514517,-0.2908536279855293,0.05320943325256837,0
1.0750108543194579,4.844909586326863,9.927035337217733,0.4050533623363857,0.6383471020872191,-0.13899946189868181,0.09597928687711813,0
2.199458380695226,2.251180443856523,9.26597963810613,0.35239832966230844,0.4804128941490848,0.04354770316233206,0.3848440564398893,1
0.8005067172312438,6.303920041874053,7.59924104896941,0.5612628900781875,0.38107645491566283,-0.12002375166852,0.34701761618041993,0
1.0111961652576391,3.61418614700195,6.785135415512811,0.4618286924371886,0.24541313684680396,-0.14313775702525008,0.1533119186890675,0
2.4009650714833053,3.7920375984042796,8.334490562624136,0.42265642785235846,0.5689484871418962,0.06696407266805308,0.36325041258804497,1
0.5557502724726302,5.9780387456496245,8.567892233991516,0.5697566067131957,0.6061570174433931,-0.12320632571856874,0.15137189648187388,0
2.298882779164279,6.125200138535213,7.286780147767775,0.44373801225266235,0.8861574409496819,0.04074136761755754,0.15608429858021075,1
1.207778947228102,3.5688358354699434,11.330107501740551,0.48826905201466225,0.5679556578011112,-0.055392035758902856,0.030894828403893095,0
0.7997202523747149,1.808407194182168,5.52022743216159,0.4387282917868025,0.5423927530358897,-0.388643576176396,0.10064767964106718,1
2.7122989584589154,2.1309917801758287,7.490769515131438,0.40920440941279956,0.628763313088735,0.166177041510306,0.2554425403634651,2
0.7852949528804356,5.906173184594109,10.278773566327047,0.4507940713343879,0.5656088307908892,-0.12169475900249176,0.15793840192130926,0
0.8483281848788392,7.3572011266748,11.274341517388429,0.4109014769333018,0.6149289201363402,-0.11401867450988541,0.1410237173497556,0
0.8961377288805885,3.2352032163488262,10.29829855867711,0.44575414357369186,0.6851864170325798,-0.08199937031571085,0.0919360161497666,0
0.9913164246382415,1.5936751567005454,6.565407759866504,0.6110290809859603,0.5128029089120336,-0.24675452716070206,0.2259650237276814,0
1.9239999549299118,5.980494724435384,6.61494909361407,0.42895185944180164,0.583034792318889,-0.013026785617107437,0.16697658371071497,1
0.4391386923425914,4.6921250465250735,6.731425638612004,0.35809198873164927,0.49011602266946747,-0.3459069450605763,0.05886051193484125,0
0.8510878900237567,4.520031519254487,8.989538474295358,0.5876239502088221,0.7308336769731928,-0.11966506289893084,0.20299730642146097,0
1.4600591190686494,2.8652776858088065,9.7468863072249,0.4095093286063508,0.3277980994913815,-0.09153775817328273,0.29987233900623333,0
0.931918604898965,4.727767614534142,7.42767758061588,0.40051568321704595,0.8323683558320002,-0.18108996336272581,0.1839713046800033,0
0.7155891477480976,2.095889484983757,6.204392344128773,0.45972556506930695,0.30833884459844807,-0.4062968048781755,0.021019577418609273,0
1.2403591678710597,3.092083995349371,4.827803910961296,0.381220932542978,0.8253306381690674,-0.1605267906957614,0.0435983319802974,0
1.7646004435460765,2.202029722435457,8.299343443792901,0.4309635102113106,0.4854691945094827,-0.05972685567169322,0.19669218991208057,1
2.9873169071084438,4.756108651560182,8.37486425848368,0.5270774144900225,0.6176411859537635,0.08492014398417717,0.5829613403530917,1
1.108607234177701,4.877196608942971,8.437819287834307,0.5130237430902836,0.5456110132645806,-0.09743271011594286,0.10383750959691464,0
0.43732502307626514,6.180963062392455,8.619651182843816,0.4798340357509569,0.66868522263026,-0.09643906047181754,0.15625103071405225,0
0.4941932120595494,3.2380483191517615,6.8455884543361805,0.4646147896740196,0.7407056017324859,-0.19423759096386972,0.01891405596957845,0
0.6355479280871318,3.0848872538178407,5.280847614142067,0.3867752303309511,0.8163041711482106,-0.420407993120765,0.27334199061236025,0
0.7183376730923805,5.1879158177220495,8.210740391257747,0.47152423628158097,0.5722025705435486,-0.1924784040225793,0.18448692516309126,0
1.2527657518785693,3.295184434886649,8.433705965134026,0.562150888360478,0.7555506105076233,-0.06119226339092756,0.14495569879702025,0
2.921141358436928,8.194782558141776,10.88085225953402,0.6409516913637168,0.5719227918783364,0.0518337212645817,0.5063927723124546,1
1.7986953506023515,6.015989955707898,8.235921363217358,0.4635799295747233,0.7410946298088666,-0.009249300004044114,0.16681354632208303,0
1.7748618389219146,1.5019711750814027,9.727465277640848,0.368879578176154,0.27457720254428697,-0.07371002426784698,0.4454184748769711,1
0.9661617874156849,1.2238735255759656,10.317148231568222,0.39738262884277903,0.6459819383221674,-0.34357696488142225,0.2624784751658307,0
0.589471878383115,4.510644459786274,5.6619314174449915,0.3761022541962947,0.6446787345513734,-0.32039883353702014,0.2524903240240477,0
1.1432121684414538,1.3013181676054346,7.1923808127154025,0.589226772777442,0.6625629750447727,-0.18092854565519492,0.27380802952183697,1
0.5413649306975971,7.513132991807228,8.715372886694615,0.4618250524207959,0.14315297910475347,-0.15565369635261084,0.1364056400750087,0
1.5512346508420785,7.694370626321218,9.8018702695395,0.47448997178190955,0.2922554273972711,-0.033023450849116495,0.11095879305758334,0
1.466293904140185,8.311778694732704,10.368619678527068,0.5602924578463726,0.5405288864340135,-0.03513808600415536,0.06745682870371661,0
3.0146597168055806,7.512271868374312,11.522948532062106,0.4431870646667088,0.6893079283272269,0.04139017167620318,0.2665017123085105,1
0.6312552293071602,6.973502903752899,9.80406087554292,0.47405216635449343,0.514048223913399,-0.11705832915308684,0.026132265185167685,0
1.713783566814911,4.696045689686352,8.814733168569193,0.47456016930807143,0.8178645958238192,-0.038291729739342105,0.31918486340873964,0
1.1422334491272785,4.651577576029625,9.01069142405743,0.4233558169959858,0.6557827621397633,-0.10455553054372418,0.13565157044592446,0
0.6871324548163595,5.597894519916137,7.244249640726885,0.34343175775801627,0.17460562333857807,-0.2682239072419271,0.16935354137636507,0
0.737871761048759,4.042318350066675,8.644467213186235,0.48956886442829245,0.6136308447913981,-0.15264984826896258,0.23069950784685922,0
1.6134763294772716,3.680682205421806,8.3856939839556,0.399767439156441,0.5645028279967711,-0.07761629776566262,0.021102030244191723,0
1.6050168099775548,3.9642455745295044,5.154760714581982,0.42009479102099906,0.400210211538488,-0.0628989696194674,0.3466862265229428,1
1.6994291103217136,2.6847328800411994,7.459215622578164,0.49335756217273846,0.7833833118769132,-0.04617209757296942,0.2665411675897662,0
1.920839738433137,5.3094165103615145,10.34624258764265,0.4266727905278306,0.5649938966622262,-0.009776734438012243,0.1855449175308313,0
0.871342953687985,0.944863882270349,9.489377174346334,0.4809936339247885,0.855757415047218,-0.2177000073599757,0.07471991596563148,0
1.6223186837078336,0.9863280359441055,6.69596396305401,0.42591236693936924,0.2368871806828862,-0.13483226719842967,0.7148108914198409,0
1.5478515912321815,5.094624666360032,7.168663265595255,0.4558309800199277,0.8832083705007021,-0.048986482433833,0.18935270200548446,0
0.18172311661773366,5.104616318429196,9.035978933579305,0.5566844861935116,0.4932598990897387,-0.16413475841883043,0.07905754291395845,0
0.65111509659394,1.8823459954528858,9.900981980963016,0.5755651379229669,0.7450553065298824,-0.146018962191034,0.10474465237045018,0
0.7994003191278807,4.172867932214804,8.239471011363493,0.38831357689891605,0.9186462983805426,-0.21176616755187988,0.12759896699757944,0
1.6265273270644809,4.70567638558865,7.617568643716556,0.46963318102831086,0.2975063571510073,-0.058876626428371236,0.1909425226151764,0
1.2704353031414082,6.943239472187951,11.271258137438663,0.3743493216507306,0.43043349821080273,-0.06598502761103794,0.07165562374938346,0
0.8206345705969554,8.05353580522358,8.629719160377771,0.42755181711114915,0.5554800222475906,-0.13695290202590704,0.09928577068348808,0
0.7512229660041193,4.589577827766829,6.127821161237274,0.6103936644712168,0.7904985357876885,-0.14559944406962297,0.14725071437926465,0
0.5715213176952153,7.071403552841367,10.488545308873173,0.4927034908265497,0.5383404014367225,-0.14764051983127374,0.0757834464298379,0
0.8162790139319952,2.8027202095368846,9.911229222888556,0.36436210887579923,0.32589427007384836,-0.2726636015393486,0.05484876751906766,0
0.6262127035888331,3.25042747688038,6.300549288657181,0.5510887776574689,0.11868492843462015,-0.20613603116263407,0.09757380664502142,0
0.8221468909342435,7.216881852196759,11.58163305786522,0.4582147018485456,0.4799113725806687,-0.13554817941349961,0.08593637249308775,0
2.8486531701773266,3.8981208518004222,8.890391621359088,0.4868532679201977,0.40539243849698187,0.16427008342489016,0.2283017300151164,2
2.3979054848979398,0.8485921722544161,10.092490625219522,0.48684408001919394,0.5768890474946129,0.0944813819552077,0.3095187049203419,1
1.4003421385947366,5.2184985410296365,7.37659577069241,0.6647498859645468,0.6539246974175447,-0.054962882762104315,0.2522968623146166,0
1.0297341251075693,6.849899138058932,9.452521817325993,0.45550852356366817,0.7531383632213743,-0.09831038413019992,0.10942100048207046,0
1.88490339020851,6.147844510018948,7.278165588681138,0.3599353632371805,0.5583082898546149,-0.01710779417447578,0.21032350877749442,0
0.2381084823524784,2.322013235355084,10.698664548968768,0.45921900527028314,0.5566303408813006,-0.29246632696060737,0.1339141863106053,0
0.646696806209181,5.650364045287699,11.739525910645556,0.37630751000395135,0.8369018646758059,-0.18920934666462907,0.10732969163886756,0
1.0016575462740476,1.552059010330031,4.109660513489401,0.44960079284519977,0.29346128999287885,-0.3981594131184986,0.20631222982040423,0
1.966948564414322,7.675638556427312,10.226617147646033,0.5095384953903261,0.7742750595946106,-0.002188533720086941,0.09268726686901749,0
0.39080858033612415,4.1004970441345705,8.903769820681354,0.5279683714274931,0.4956476500933869,-0.2359427739281288,0.04163739071803769,0
0.72204963271445,4.766364065842643,10.637136319985393,0.4254842383410029,0.5933293447063159,-0.1980468339275473,0.03558741861869548,0
0.9811382173154953,4.838289041216082,5.402471003697389,0.6611500848881481,0.6167162974841854,-0.10594747474462464,0.24581233285122747,0
1.6497800662379514,3.636300574097249,7.02985764126388,0.3954114641277509,0.8604493316593851,-0.057657411874860696,0.09741209652275382,0
1.104507127020623,6.795383272065943,11.87351566248762,0.37834022404205425,0.21376371906234834,-0.06496502300145487,0.12293160543185166,0
0.9007154412868189,1.7277364423004598,10.610756713473315,0.5320775766933425,0.7523165853063788,-0.20692282622489772,0.3713760306100858,1
0.9436257724480019,1.606357792446421,5.436185469264738,0.5691516322197585,0.7203589328336149,-0.2447073070336912,0.3248584652657635,1
1.0280634871250172,3.966182280732347,8.553172887552211,0.423883656417685,0.5068110815864665,-0.125830680683206,0.18603573041263577,0
0.6310308981515844,5.476015130734287,11.85522743993421,0.41932434359131104,0.39536394304556194,-0.200388214562961,0.0743028789888236,0
1.4003138324987925,4.196130795146935,6.864798218968256,0.39424160517053514,0.4605586248635694,-0.12026649587326241,0.21284367316716926,0
0.38791777821489964,2.1071311093649676,3.7373612894189994,0.5558467815449833,0.6511041453875986,-0.4142563792165956,0.1510958351148959,0
0.8776957567699585,5.081715000198517,9.258920051680109,0.346808409533092,0.46647160610674054,-0.1451455672570399,0.18444508947205102,0
1.1772576216698674,4.668848117899919,11.695474091298191,0.4581244624359913,0.9610515848523741,-0.08820196745209515,0.19165205376752661,0
1.42331257037972,1.8336469323173414,2.889243899622374,0.3806263026197902,0.5132157747218755,-0.26941447091822757,0.3211587421027857,0
0.9441458634125942,3.064140974895676,5.2570229419721555,0.4814857476796823,0.28843941010343754,-0.20308475614533633,0.297145934063305,0
1.0949533088832377,2.518817239934367,6.567976417052474,0.35198963712297177,0.455412289184631,-0.23383273760604115,0.15535916840423605,0
2.3630449179412554,1.8270017960320513,8.615250714675158,0.47572029809190997,0.8259542536144415,0.044726303988069205,0.21891661117561886,1
0.3856048948693289,5.002242339420353,8.259518666562306,0.45140988135300125,0.8180839579484699,-0.1939237011949679,0.13625455955383317,0
0.7031646446953981,6.442865955511936,9.829358930337973,0.3741996203648945,0.4948604846009122,-0.206287727863462,0.083496435445726,0
0.8999946446637409,6.266255451750825,9.406947210786752,0.35344503962677754,0.8670203384267668,-0.13371512445365605,0.1111707219152346,0
1.215308635305872,6.576624038393697,12.653007582410279,0.4962822744037354,0.33915546850663925,-0.08167717323811698,0.05892939237719715,0
0.5400013350592429,4.77904101811225,9.853851397484759,0.4647000436020573,0.7092098117382156,-0.1955396727360847,0.1350990452630748,0
0.5905759328552956,3.846775234599062,6.026354151150381,0.37790875140014,0.4722373465240133,-0.2715210804599016,0.2019850155088157,0
2.4833142616393067,0.9317235914505985,6.147964876652196,0.405835889121495,0.6188399834117747,0.2841207692497121,0.634740442657172,1
0.643120991176608,3.3438017396976543,5.667722513841199,0.4044120853226684,0.6196155444115573,-0.17217309935753433,0.12007365750235528,0
2.725359315528901,5.895215740124018,6.817370065234044,0.4912861593152494,0.3743621743338066,0.04841733564371754,0.10645581221506024,2
0.7374993636090105,4.6798221949684695,8.731638696052917,0.38611463854708994,0.9621207173889698,-0.1670845436692783,0.158401902450892,0
1.2914104279221452,3.811458242751624,7.98312287467439,0.489792377977796,0.8074840422569874,-0.10640243373255076,0.24437895844643703,0
1.7162778958844376,5.141027190711902,7.434401279167992,0.37513223868237094,0.6909315853031037,-0.04944638062558788,0.20497865099596196,0
0.3595018945755773,5.712144148938124,6.841721474113384,0.4064227992221002,0.8506164130173212,-0.18885686052969086,0.12496899672493338,0
1.085086606490263,7.892047869796163,11.36127411830654,0.48907884406955887,0.8515643403643247,-0.07577970875600312,0.08001614724094373,0
0.8297662685627345,6.6455542005268216,8.845597872305943,0.42011420236820096,0.7754331520252816,-0.12351848265154292,0.0867676812309139,0
1.1898448369711492,6.100835383010811,8.268674493807303,0.3894651969173897,0.7495400922915548,-0.14028004077685807,0.19040571819723803,0
1.0115173524096852,3.9609319905538194,13.391194181583542,0.5061875643376195,0.054327565394775956,-0.13947647099764873,0.10047327920494753,0
1.3941875321750465,7.002162223704171,8.498476692856732,0.4329514072531255,0.727149744726175,-0.049226122936508576,0.0547416391157128,0
1.4240716915518088,3.6173379262212118,8.606634859057221,0.5028541117165392,0.5302982302363769,-0.09924072166532952,0.2849492742127188,0
1.0896250911586398,7.79110686061856,11.590519773584258,0.3924941662788267,0.21232170286816154,-0.07498049790363823,0.12285164674683254,0
0.7699471181490505,4.091093896403181,8.14324521931846,0.3978145373592361,0.6082088753673316,-0.14338477349044298,0.04073068971176131,0
1.0795481335241992,5.706480297933731,10.009979157307187,0.45299616210191107,0.14750191370357252,-0.11321969759030985,0.03925414361615645,0
1.0486437215621007,1.893045515376077,4.623329593083037,0.4777797001816612,0.8807734565286937,-0.20701337972286726,0.147273139300189,0
0.5443587713977864,5.951895894249726,7.639410320332126,0.6405745915527368,0.7618639465075535,-0.12526767133583225,0.3064969022331768,0
1.1636235535862045,5.77399743526288,11.489881305968272,0.4062971945031491,0.6707312960316985,-0.10004161174918982,0.05930391093999988,0
0.44313603953814923,6.542841216057866,8.59969755768934,0.47453813310755294,0.3410572711115622,-0.20319433193155934,0.20603571870314283,0
1.264858498856884,4.726797542492422,10.036438273145114,0.4073512103370607,0.3509568997545334,-0.12119875431481798,0.16374749277245426,0
1.7607820522216946,5.779653686904887,9.051906675385794,0.46716364914163655,0.4744073663962476,-0.03263936021284605,0.26910755151419147,1
2.2319895799753433,5.681566539563719,9.443379595162105,0.5469152642446656,0.08321367758669551,0.019050827073588423,0.4050649018714884,1
3.0619014098632222,2.5000229905324574,5.319952545340508,0.43450966095406157,0.6301309999520566,0.24245316782812587,0.28920253605607166,1
0.48408765597546394,6.486676139840873,7.734191958209287,0.5369698097910686,0.44009329796681856,-0.14288512351101912,0.12465620893591906,0
2.5838943066970645,4.291710703777335,4.826692568571415,0.36271102094529567,0.3919829095851529,0.08424581086226599,0.4131117390312667,1
1.4182782404754222,6.306517954461375,8.723693279981203,0.403163179997229,0.7940541669626433,-0.05884987723553996,0.03411277980238602,0
0.8373435237004733,1.98934993822019,6.417894097316337,0.587257767082621,0.5553872273062649,-0.14709074232781685,0.09055401232292616,0
1.2345820334199682,6.203974373537319,9.026184997177953,0.45178926709522726,0.7594860913705784,-0.08086538693287601,0.020965620832875162,0
0.763183780659082,5.606413224130412,6.255340114249989,0.5179681016607631,0.35411795710248634,-0.17080640334533886,0.1326085276376983,1
0.7519152361348049,3.6356309346427746,6.215589822118072,0.4373284026246052,0.5937588001640739,-0.241554774418109,0.1662461632209322,0
0.5454931437576229,3.1100302151044072,7.986549568410813,0.477625539137099,0.546786485301097,-0.28822072641654384,0.16777613882870507,0
0.5544228413263372,2.167260618466687,8.798468738839341,0.5287103890671523,0.6412488606641856,-0.3124776457466785,0.2507990897216885,0
1.1637340862081236,4.692044430996872,8.554081037800279,0.3545632395472743,0.1751562006580102,-0.15743934852865954,0.17378182920598464,0
0.7726136026287573,3.7443593528004193,6.8308498578061885,0.4984351604193605,0.35039027333282896,-0.24368181457782992,0.23115526380584955,0
1.2550097759380934,7.7751144385716096,10.524118916834613,0.4640529347973089,0.40972816802402473,-0.05003466409482554,0.1307353466942968,0
0.6597362141098893,3.4394402880397963,7.949514548112523,0.6096958446075526,0.6544206619519892,-0.1528988161456373,0.215341966789191,0
1.3954874507579886,3.3375009055226124,9.706117718711145,0.35926994252510036,0.7224620639145334,-0.14613349557314673,0.09850464633278862,0
0.7560947235921016,3.80077634898305,7.550233376993326,0.5262505497404443,0.5965040330493451,-0.15820379553146768,0.1760440892909959,0
0.8300882134247598,3.177840267575168,5.525408865608566,0.6493679717456057,0.5560591242270525,-0.13426355558086614,0.21792569502861805,0
1.1117181393358433,2.58773624183867,9.082662474002648,0.36916359104463026,0.7378276819397391,-0.144357164793158,0.10043980764667423,0
2.0606187659323707,5.766951880818497,6.779215009635204,0.4017655707017166,0.7056019867119455,0.008010146633523086,0.2314116084431062,1
1.020787000319218,5.747161450164526,9.560754593142306,0.4773235410516615,0.36479654725504596,-0.10334055938361397,0.17213140515480055,0
0.8007734635409085,2.1616236896777608,6.051751008008979,0.4103728925228842,0.3206725568887455,-0.3407116106902952,0.21471172289300175,0
1.4131098954789032,3.461394475058728,6.85332738074771,0.4499346048910713,0.7578401821484435,-0.10022022743975245,0.08873500460585866,0
1.691381758289517,1.3411431929151607,6.315311745761249,0.4763708242068527,0.2315633181227462,-0.09832014464020043,0.4945256655101896,1
1.2905350125684678,2.792693540567873,6.913343627441074,0.4860177034227957,0.5621222200594931,-0.07343045522090026,0.24591925276313115,0
0.8841607051379989,5.520241306390201,9.60649842295241,0.3556248349082302,0.42530268689364636,-0.15296479785788983,0.13111410025893602,0
1.5862536006353019,4.618215656247778,9.430026269388323,0.3847171713270829,0.9271641769106057,-0.07806035022738107,0.2352335005167512,1
1.331953511819742,4.365285283825376,11.217963873869515,0.41574718255797216,0.48395331078086934,-0.10013442509234022,0.04027848695954171,0
0.8640346701588653,4.998920407156997,7.499999122029791,0.5031428778344705,0.6659743753934025,-0.07155352957389936,0.15531904123378817,0
1.5008139546057115,1.9833061401593837,8.443720276510593,0.5456390298652294,0.3031513764840222,-0.08942564740916972,0.09428929098363605,0
1.6730513077161029,1.8564302593263238,6.1289065618460645,0.37135584646616,0.35009715978173267,-0.10797987440957674,0.3535414724316819,1
1.2322228396195876,6.3483655417474125,7.658173903875487,0.4386302881552964,0.6570682859948251,-0.11282912588212153,0.14496724108827305,0
0.8740645162833252,3.9461946359115867,8.435851104922053,0.6778713906869035,0.6927819628017106,-0.07954755348313941,0.27937268644836477,0
0.3309584261199004,1.1523639187165695,12.474216336934667,0.4718088012569993,0.21404624163271063,-0.7953011399688946,0.031829067719234015,0
1.070916472766531,3.8951103507452602,8.100042309934153,0.43506650756693194,0.4699025885177606,-0.10464316404791225,0.22593817763975219,0
0.4677960146573136,1.0964861212757318,6.481478175476713,0.39328368357053856,0.6873260103201592,-0.699477003994939,0.15175809937658263,0
1.2905319963338446,3.786157247404501,8.74163361605245,0.4826784217248997,0.8460531909484292,-0.06572261854248479,0.21046106763971714,0
0.6784962897694508,1.4902034155343646,3.3226485160564634,0.4200945629609166,0.825882470351325,-0.5622790812774711,0.11527777455665753,0
2.5202151398911314,2.1354755520744395,6.023929607590985,0.3862113435286104,0.3188714061607211,0.13703990790497933,0.5830076552129368,1
2.6628047715370795,3.3563851792399753,9.719505782853252,0.5640785180643685,0.43498799406483785,0.0887832360790892,0.12074664669249648,2
1.1767079076144205,4.258426165992019,8.214737021559923,0.5314500173319033,0.2675147215166586,-0.06734827959824362,0.2870849346748561,0
1.0396835498543362,4.424987362877129,7.200475433830219,0.4536931041050058,0.6682329474958186,-0.15834290710859786,0.16684442820786385,0
0.8954295103822579,5.199800862055888,6.07571485961207,0.3739137292935471,0.3081065586882617,-0.23658186590183017,0.15956461624576318,0
2.639100858906257,7.758576677439105,10.139878698943454,0.3488736887286799,0.7728988972362146,0.08715731530869535,0.1753032480261827,2
0.6934556810355649,8.999026472611709,11.01366776880489,0.6435392161962978,0.7740620214316116,-0.06958070673232439,0.10308729802760408,0
1.756638638222559,2.469770617116013,5.219828072496885,0.4080636677087319,0.56752060242919,-0.052812395924034,0.12438392060179254,0
1.0732185237070582,4.166344864824963,11.052859793890029,0.39316476409595946,0.5514063524878965,-0.09991801891073816,0.09990414324091083,0
1.0215376758019226,0.582670794479735,9.39681803643101,0.5280413554592953,0.5150350506937434,-0.25223071070247355,0.21503545670748142,1
0.9489247288534244,2.271807697376341,7.335510166415632,0.4602392644274438,0.8515138701158907,-0.16044647112523053,0.1785881949785533,0
1.3982620359177387,0.9492708298309807,5.450898162491575,0.46689032120314194,0.7247074461725186,-0.24630777950710028,0.3788812630576487,1
0.4987185820036329,6.289104944469149,7.7539383530878885,0.47378379869120213,0.6408106055227377,-0.18646555939691775,0.1171142545493629,0
0.895520251282163,4.529022956172913,7.582703693446866,0.5759673292305435,0.8430863158333265,-0.12572259521668733,0.09092493626383245,0
1.0125647973098542,4.518566457280831,9.517814107293724,0.43475568054391805,0.577146581750869,-0.1750518858295508,0.2746972393054362,0
0.7967489216235,4.6705351311274095,8.583238286632428,0.45873881192383953,0.8275296111309837,-0.17161593562834712,0.10990121322580179,0
0.8479342168387694,3.1672940624821955,8.945735647393333,0.4726492951622149,0.9244144504038907,-0.11507342866186863,0.04721872934755679,0
1.0589880259631972,4.362666216317967,6.7534678037478715,0.40014741990222463,0.5355606111562031,-0.20374141203026144,0.1544956466486416,0
1.012606417157128,6.4767051108101645,9.203946632258825,0.4556506325217214,0.8859200132266488,-0.11642906913049914,0.10264148120613066,0
5.078434535808084,4.115505478725093,5.90022278944669,0.5154166986744417,0.680972833579516,0.3452637244196962,0.4532825619487854,2
0.9777378957844572,6.4963338935595205,10.823684284597839,0.5245614857472262,0.723235942723664,-0.04762610125113041,0.15859164284439523,0
0.4115349670918443,5.204146855878308,8.130333074501682,0.421802346267132,0.6414066090350152,-0.2086163173435542,0.15887294671144253,0
0.6265160446332412,3.2548665733666464,5.447868234362759,0.4245625907690308,0.1169906223138211,-0.3231987943383836,0.10530962675902203,0
3.1081511133120983,1.4261942567466144,8.44907869789589,0.4461916380077257,0.49151145472696955,0.13866814419696338,0.22880071424012527,2
0.29143188288920135,5.813602917890046,8.150113442695732,0.4460664149836461,0.6783678293638442,-0.16891150914403494,0.04405109362075675,0
1.345860905316448,6.2854902579946526,7.54326525895836,0.5322696130257101,0.31500811974708454,-0.07434340772759451,0.15939161799497326,0
0.912223291562862,8.710514320620755,11.833547886127205,0.479197435166821,0.22310485751293735,-0.0865505290528646,0.17147045468470548,0
0.9175457674698513,6.13148259171263,10.213874117465744,0.47823138937230764,0.6490732481320598,-0.08752940660432668,0.2020515311772534,0
0.6762639541012507,6.122432646302405,9.733935743081753,0.6183060466382655,0.8469715511776769,-0.08762291551272439,0.20953752711338341,0
0.7910052093342437,5.9253437170035275,9.849789451694516,0.38238432060245114,0.3597177553614518,-0.16954010950768636,0.11158759736359435,0
0.4624104748115516,4.192683778030846,8.091263482370817,0.4365019516073844,0.7351899045656697,-0.2502502897463677,0.05179028754785119,0
0.5190963980798932,3.2842916363691863,6.074260345297745,0.5050935324889537,0.2796081471684359,-0.2297942242561044,0.07962755164623726,0
0.9676342611110429,3.219041547364529,4.505931919720459,0.3789994388688804,0.6004512665714002,-0.18611690632662192,0.19172297791742723,0
1.3563412705110691,2.196350237570851,11.736244551908818,0.45519346500743496,0.3937285062783984,-0.15792843739170473,0.3016187817614097,1
0.6225955582543101,2.486271877157314,9.10710318707101,0.45933744044524566,0.06751516929650066,-0.31856766776304063,0.20903144801457443,0
0.75073010714509,5.742905644324087,6.825138879486818,0.48530308478184436,0.27263466356813193,-0.10942295258164336,0.05200483668946801,1
1.4708315170736908,5.217170578383542,7.369940568858801,0.5572710910612558,0.5675475909465227,-0.05337874358253868,0.27056043401805874,0
1.2675924762482869,7.007696475251496,8.514018363720755,0.48030954229914,0.3562070105022208,-0.05883988213047412,0.10467432302390192,0
2.041237245880158,2.7365502220207967,10.278252473613046,0.4473085940226051,0.8373142558361573,0.009354798137126627,0.6963347033362266,1
0.8951033406232255,7.811409282996783,10.820123714241102,0.520876100039056,0.7455166434442008,-0.05853391350023296,0.17234340539221235,0
0.7834403108770295,1.5518325636328016,7.024112925767838,0.4439577103020433,0.5981026198809591,-0.15364818450097334,0.0822690079265944,0
0.5295300028165654,5.087382333596329,9.200324202591794,0.6381412914786754,0.20102812141068213,-0.10780025423358272,0.13925800907294283,0
0.5609559842195899,5.191219574568862,7.748391906026341,0.5997969003132263,0.5919220527962298,-0.12668187419191404,0.10201179853172299,0
1.4373191371456178,3.147619077317703,11.531730368088436,0.36340287637149016,0.8999100698753167,-0.09086569598206072,0.34911053404029196,1
0.8551108577117696,7.043623422150357,7.891063236660369,0.4182267778438976,0.6877079066052163,-0.08867168190443832,0.08219843185805957,0
0.4606873890712566,3.9022231634431765,7.149656028671383,0.49553168785665686,0.2820884329054099,-0.27250345504822465,0.04029747716015751,0
2.445730657414019,9.727817798261361,11.285134342051386,0.45528473157326993,0.5799432705247771,0.03914689474336445,0.19555095533206074,1
1.758622532857091,3.851177942451307,7.020716343804648,0.6406944936267829,0.5006299762217367,-0.025881883777504448,0.40259247100989554,1
0.7748186621526004,3.635713362950531,5.614001691670593,0.5093933301827943,0.7021871376395745,-0.18153190785107243,0.15634888366682487,0
0.9427618197983025,2.3435034874983445,3.754293383541362,0.587571174873852,0.8428553944421788,-0.21306996688659788,0.21698937304093996,0
1.6609935148624582,2.460948693497895,7.323015735596899,0.40676697162003855,0.6289950464890921,-0.07653209576466373,0.11136266500060013,0
2.750245206606174,3.152175071853456,5.13216572243279,0.45006276240591847,0.5525953756361314,0.19132388650356183,0.48939382323732666,1
0.8322503919462938,2.7945506824763005,7.0862827866777645,0.6001558662947964,0.8518290059909094,-0.15330283396783267,0.1884016851946518,0
0.6449733825756391,1.601452602181359,5.882069405281101,0.584647430984679,0.8549485121690034,-0.24323142441779902,0.13930732165889065,0
0.8109741108881651,3.9199205444647864,8.826816378783125,0.41123015712623817,0.5102897351071001,-0.18046689621511877,0.13470840840140402,0
0.9532587040915487,4.169841328627284,9.998466110437773,0.44532224819715177,0.6218960746512423,-0.1309250795024707,0.0771278727855068,0
0.5215708617222654,2.464795568442694,5.50432968332649,0.563823195662306,0.7291895225727854,-0.24368969870962198,0.09624618249593218,0
1.0890070929137312,7.679539187471079,12.418019934046931,0.4215753085939129,0.8219827146558818,-0.09378801705141619,0.13538426055045516,0
0.7277316251135891,4.298288497352059,7.9077458906450575,0.4005339840628594,0.48618825967028106,-0.14544249713812482,0.20301491957515638,0
1.0975200104217053,6.505496466065764,9.973121778164892,0.39672792153730696,0.396563916907024,-0.1484168913908601,0.28688119133136375,0
2.0141422816994474,3.9176157439985664,8.634843177815554,0.47966124812844,0.5054542798674488,0.0017251171886690684,0.10143510545117573,1
0.40548151875106736,6.059283828260484,11.444066486223036,0.4979213437345752,0.7397780680134894,-0.18284148980069162,0.07232105100827252,0
0.4831257426667511,5.890658463897334,6.659933710135377,0.38794742017616884,0.4531724872694953,-0.2418539984716707,0.0429441435933217,0
0.6921769400105569,4.585415440038547,8.589174626722606,0.4471608670007816,0.2222324223254683,-0.17650287129810574,0.007146331309254351,0
0.7343340394741604,3.698646124581753,6.695550518392689,0.5227917205916002,0.6989770859936983,-0.19271168910903466,0.14566127678822494,0
1.4855289612639473,4.13387173100747,7.235205297803702,0.4303499095936354,0.42380649880042526,-0.06094629054534925,0.1646104708201146,0
0.9498401885495571,4.769317295406804,8.508110041746408,0.47814317635665937,0.6420534912698712,-0.14858085285751965,0.01735599101206317,0
0.3276499848445273,5.283701361178288,8.297104576188751,0.4383776494640822,0.8347468980520176,-0.20405442591213113,0.0514594537990005,0
1.6566720552855798,2.1713458055830155,7.089576864426574,0.5183707961633565,0.7833587954809342,-0.0728758976813063,0.31914154844192677,1
0.8172321991012913,1.7641362223949726,7.62465250410662,0.45076099921664553,0.0965766520676036,-0.20860142760383799,0.43305701480875436,1
1.0081704662351836,4.064864501295265,11.51813875499339,0.529201913299826,0.9581774000487754,-0.09091106797033284,0.11265058092881028,0
1.2750050917618387,1.6349650187277416,11.386069539244163,0.4810057918690239,0.44327354828308785,-0.22232740459904024,0.12548315842190347,1
0.49908203443378235,2.5517178921745414,4.03249490457745,0.44582466117004027,0.4385561771763743,-0.45887658997281344,0.15574806180730882,0
1.084550752992101,8.706658010863562,9.408371665119654,0.38751944611301303,0.7699302934258033,-0.12328710334277457,0.2443181717134588,0
0.8170317173843025,4.061626168262498,6.058893942410371,0.45097816790191764,0.45116648199143744,-0.1623293840012677,0.06888969801219265,0
0.6911004223472198,3.7934459573172656,13.139459734946293,0.49120495709013756,0.8430493568310232,-0.15014023188190978,0.08472657039385745,0
0.4258504163831999,4.768547312168606,9.487259451517595,0.46336530264182874,0.4269898222002058,-0.19726656744943383,0.06593977534250159,0
0.5000604052553992,6.274219876561666,10.908618860611396,0.381813122776553,0.6620140980684801,-0.20789818461367102,0.10164420196796459,0
3.797704439547321,6.0369490674145085,8.868428359113397,0.4444319400274708,0.47650132126510314,0.20078280406094548,0.2245509354120502,2
1.012156916570407,6.703771712980997,7.710641274098642,0.4450909046586215,0.5923148950880073,-0.062020803341195994,0.14184374841391884,0
1.206534353595488,3.5068731137095814,9.755303391551978,0.41867840809644175,0.6623172367364349,-0.12344707556518034,0.16209098016201362,0
0.37263325655298757,2.128838193848848,8.346910092354968,0.5275295882033165,0.7671186705971127,-0.18857480901926515,0.08451737104365181,0
0.6481832249691141,4.055271366879875,9.708395930320023,0.3668993605933508,0.35334944388480993,-0.16260138517300823,0.07246724320826779,0
1.5479669065107253,3.566369458176967,8.790688797675982,0.39300983592587,0.08181082372471704,-0.09300581630226028,0.1650024794629495,0
1.526530737463316,4.8343493555790715,8.974792172294284,0.544100351179635,0.467182017578779,-0.04552761714240198,0.2966085087924535,0
1.3819009166631162,2.6931638493030663,8.338627527849507,0.3870849503496706,0.455896013649052,-0.07802237924193238,0.05044094184761009,0
0.9651555192990874,4.062488395460031,8.012997979592189,0.3997422723738292,0.5086503342733963,-0.09132331751172217,0.03548360188601907,0
3.349399376446266,4.590219178382898,6.241489110775746,0.4226854856657181,0.2924194811347767,0.2665836050841294,0.5551442958183376,1
1.4100887061311076,5.317487780677237,5.875074198766937,0.4232992051113594,0.4893016896540989,-0.04340720583295755,0.22900951446353013,0
1.0702115639882357,4.513500547341165,5.0804017275554605,0.45645076494472997,0.4611601849644619,-0.17773506271320433,0.31986989845336466,0
1.2569687629531148,5.055629915884993,10.920746866478826,0.47393175699861645,0.31315735582261184,-0.10428921355023132,0.12743634854598582,0
0.3656867735325463,8.731216066068928,9.900715403896937,0.5087126917753405,0.4844638442694116,-0.12196224793567507,0.04382818221193357,0
0.4742305279616302,5.596710613886984,11.867076330876461,0.40460383149819235,0.6021103400964949,-0.13937473595615263,0.046286962523846474,0
0.9960400599508802,5.298186429514963,6.057563791430628,0.4293099923429372,0.6869143804790252,-0.12429008941872022,0.20206501156868423,0
2.3598354949981917,4.684849370902086,10.571326527705857,0.5926565198160103,0.5521232234607613,0.04173661513729624,0.2452583065582244,2
1.0576407960078371,3.5971347521418213,5.705804097125001,0.49238643869233484,0.4261425458091982,-0.1772940672328126,0.3029332469730473,0
1.3517402561549157,3.6723554032632992,8.078931642757187,0.3888710612342146,0.7418749858874505,-0.14695879749541071,0.14891402740344503,0
0.7880731089866578,4.573763237831202,6.760683885979105,0.4002129323691798,0.6807824843731816,-0.21210695584403655,0.20743472749862288,0
0.6777930656211069,2.193405847318676,9.040239355582532,0.4963030146415773,0.8097572039149155,-0.13191011217357967,0.16030291100134744,0
1.4777993861674126,1.0750422951528908,3.208455699660641,0.4215651843089754,0.32918125908385915,-0.30338472351622137,0.47679191275994415,1
0.6120274845355308,3.759857806056374,8.628824460401898,0.3982610848633345,0.5519788721561442,-0.19118875214754016,0.12253398996034519,0
1.1067843733372067,4.860328373768378,6.198668510738117,0.441214373598413,0.9268607060719566,-0.09721146988506796,0.01061550540289378,0
1.621373387989461,2.561054821313153,5.9809927471726825,0.6034602294447512,0.7139960583289174,-0.058759592615341666,0.33965844758797076,1
3.4948603393581794,4.943682639521836,11.147638415446295,0.4384358817475729,0.8245372510799309,0.1711473092212438,0.05515320915899347,2
0.6496657655506765,1.0757067005151513,10.305356188122918,0.48446098763808265,0.5150646974206363,-0.42592221795768725,0.107906488750447,0
1.0095521987234175,5.7952475071595915,11.047540613884804,0.44530619983406605,0.39448896546327306,-0.11768799446976567,0.11545171614887002,0
0.4506175603764794,8.071294016381959,10.402688176142968,0.42630310433719976,0.4162231504562236,-0.18107573205999955,0.041659200490391166,0
0.8162417952815588,4.9044520565780685,8.898033413851444,0.4667957559267767,0.5475842627117963,-0.16299974469474074,0.3111031185331195,0
0.7178771458257169,3.3139786074250113,7.060680012012877,0.4217944559475816,0.4392457558213224,-0.20561212511783963,0.3547877807525407,0
2.044822387876004,4.100281231688683,7.192490888091119,0.43634723206751425,0.44566553321161256,0.008612892817396842,0.3617898620005539,1
0.4862738188479687,7.002083996420993,10.848622450615313,0.6892493348347943,0.4400722691753517,-0.0876486933891931,0.18194755739258922,0
0.7650219397829205,6.779257659306844,9.970036287331533,0.41795703247666666,0.5568687010284478,-0.13879253311662496,0.14674549636649223,0
1.4350713052570392,6.005492984465131,7.78248841662233,0.5012687445712618,0.3880349371771053,-0.04143738686110952,0.2980512613605937,0
1.500420631450548,1.1311776631080865,8.544536657067052,0.34570926749383396,0.45482732216584615,-0.22306407114954857,0.26098773485654697,0
0.8417719531185586,6.018552556526269,11.099282927386302,0.39804764802619647,0.6410973063618554,-0.15585247334289934,0.12422921491349306,0
1.018938465435021,3.8863619710230237,6.842424966682964,0.45244090985634144,0.8761621218686078,-0.16863414419923606,0.16394903413174952,0
0.7725390581696758,2.1531522541471597,6.238808062763369,0.3807852512679335,0.8290385082564413,-0.4189840268293846,0.1805808526575098,0
2.273855204336144,1.4415947292455846,6.9591119280481815,0.5703011950770881,0.3370275516789563,0.057428407324987385,0.5214066638343905,1
0.783094701949992,3.374521738225279,9.893827304985036,0.41599327994109236,0.3266231268258467,-0.1332788454638203,0.07082715159768081,0
0.8804112703044229,0.9978641559938252,8.140523755794206,0.5392982888486197,0.43863411013303866,-0.16216218587375528,0.22644341556528957,0
0.8785437651857916,7.295130056593644,8.740114789346734,0.42263166263154917,0.4817263692977645,-0.1046041254209059,0.23793278640729992,0
0.588606101513318,1.0689757470500199,9.627137784610534,0.3876272536210234,0.5373017761852693,-0.20010597386395482,0.1869309170524884,0
0.8438173886387088,3.302666566469849,10.296084429078158,0.43907833930859,0.4695192952889059,-0.1987085159521589,0.22076679168647864,0
1.2399110670903943,3.2479364049151838,7.073399146604082,0.4534428807312994,0.8149443055363192,-0.14335489229721907,0.15400179850391768,0
0.5321314925734375,4.059388862074738,8.176158846190715,0.48727529894274846,0.20806489487513774,-0.21339872690872752,0.1512775177942334,1
1.2547490187323804,2.912121401969515,6.209105606277306,0.46617954411335366,0.6167191898804755,-0.1255416124298706,0.14447814404183115,0
2.6680870069305245,5.759035953534432,11.328101376382651,0.3838967398521964,0.2961949475873384,0.09224835430889311,0.4149556138211974,1
1.9436628190022305,4.9309041998169585,8.308717846092332,0.3645976860364881,0.26322466441745157,-0.0096780803988035,0.41528217648248894,0
2.626639398485438,3.66112058536333,8.292572660942987,0.45796796702976134,0.5228898242830082,0.060060643501337066,0.13884476591582107,1
1.8928786373423712,5.320864165989302,7.846245119428832,0.5618336425126392,0.567290891928415,-0.010411725140469482,0.1317158430290959,0
0.7589522523536048,4.454562940284037,9.842393356220587,0.46945531510837707,0.907765255842307,-0.1886539445077024,0.19390354686364547,0
1.4548248749559163,5.875413520594829,8.841081782919703,0.48137182078340207,0.7836667680004609,-0.062449351266631835,0.08823252108012278,0
0.6263706839016668,3.8535689286778974,9.87608487747926,0.5011261849832708,0.309982510861043,-0.15636505912779358,0.17507837510741672,0
0.5437551895301257,6.726846226760188,11.268034057048268,0.42702217723683245,0.9543721424281751,-0.18110540992700092,0.15861449516211207,0
1.240333209539087,2.259366394106013,10.207550060977004,0.5409105901466603,0.5993986408034245,-0.05629072889153557,0.1552344769871277,0
2.316768954745462,3.9466221171151874,7.463471322925518,0.50507531790401,0.7427575682020086,0.036408794097228935,0.20174575196073005,1
1.1992157937032328,3.5049431680972725,7.5143884418171965,0.3842285008144865,0.11369519980653137,-0.14528145911293538,0.1767337880401697,0
1.6601367456665856,2.4541054488353096,4.444393197331936,0.3876298151089581,0.712061410969803,-0.07336242240672436,0.19912431745413234,0
0.1545251951642208,3.2484828870014644,10.894688107972836,0.4331421781818438,0.5522614733891078,-0.3096290336672876,0.031241763603378978,0
0.4694287289369267,3.1400537545963823,7.8508850716687855,0.4854434608855746,0.2108172854854,-0.30731177318987796,0.06369468748206279,0
